participant_id,consent1,consent2,age,gender,gender_iaw_specified,country,education,nr,donation_habits,weekly_gaming_hours,player,pz_recency,pz_hours,virtual,mammal,id1_correct,id2_correct,id3_correct,id4_correct,id5_correct,id_correct,id_max,iat_dscore,like1,like2,like3,like4,like5,explicit_pref,status1_correct,status1_rate,status2_correct,status2_rate,status3_correct,status3_rate,status4_correct,status4_rate,status5_correct,status5_rate,status_correct,status_max,sev1,sev2,sev3,vul1,vul2,vul3,selfeff1,selfeff2,selfeff3,respeff1,respeff2,respeff3,severity,vulnerability,threat_appraisal,self_efficacy,response_efficacy,coping_appraisal,willingness_to_help,cost1,cost2,cost3,reward1,reward2,reward3,response_cost,maladaptive_rewards,barriers,donation1,donation2,donation3,donation4,donation5,donated,kept
1,I certify that I am 18 years of age or over,"Yes, I agree to take part",34,Female,,United States of America,Undergraduate degree,3.67,Never,11-20,1,Within the last month,350.00,1,1,1,1,1,1,1,5,5,0.15,3,4,4,2,5,3.60,0,0,0,4,1,1,0,3,0,4,1,5,5,5,5,5,5,5,3,3,5,3,3,3,5.00,5.00,5.00,3.67,3.00,3.33,5.00,4,4,2,4,4,4,3.33,4.00,3.67,2.00,2.00,2.00,2.00,2.00,10.00,0.00
1,I certify that I am 18 years of age or over,"Yes, I agree to take part",34,Female,,United States of America,Undergraduate degree,3.67,Never,11-20,1,Within the last month,350.00,1,0,1,1,1,1,0,4,5,0.15,4,5,5,3,5,4.40,0,0,0,3,0,1,0,1,1,1,1,5,5,5,5,5,5,5,3,3,4,3,3,3,5.00,5.00,5.00,3.33,3.00,3.17,5.00,3,4,2,4,4,4,3.00,4.00,3.50,2.00,2.00,2.00,2.00,2.00,10.00,0.00
2,I certify that I am 18 years of age or over,"Yes, I agree to take part",20,Other,Genderfluid,United States of America,Secondary school,3.17,Never,31+,1,Within the last week,256.60,1,0,0,1,1,1,1,4,5,0.61,3,5,4,4,5,4.20,0,0,1,5,0,3,0,4,0,3,1,5,5,2,4,4,2,4,4,5,5,5,5,5,3.67,3.33,3.50,4.67,5.00,4.83,5.00,2,1,1,2,4,1,1.33,2.33,1.83,1.00,3.00,1.00,3.00,1.00,9.00,0.00
2,I certify that I am 18 years of age or over,"Yes, I agree to take part",20,Other,Genderfluid,United States of America,Secondary school,3.17,Never,31+,1,Within the last week,256.60,1,1,1,0,1,0,1,3,5,0.61,3,2,4,3,4,3.20,0,3,1,2,1,1,0,1,1,5,3,5,5,2,4,4,2,4,4,4,5,5,5,5,3.67,3.33,3.50,4.33,5.00,4.67,5.00,2,1,1,2,4,1,1.33,2.33,1.83,0.75,1.50,0.75,4.00,4.00,11.00,0.00
3,I certify that I am 18 years of age or over,"Yes, I agree to take part",34,Male,,United Kingdom,Postgraduate degree,3.33,Monthly,11-20,0,Never,0.00,1,1,1,0,1,0,1,3,5,0.69,5,4,2,4,5,4.00,1,1,0,3,0,3,0,1,0,2,1,5,5,4,4,5,4,5,4,4,3,4,4,4,4.33,4.67,4.50,3.67,4.00,3.83,4.00,2,2,2,2,2,2,2.00,2.00,2.00,1.00,1.00,1.00,1.00,1.00,5.00,5.00
3,I certify that I am 18 years of age or over,"Yes, I agree to take part",34,Male,,United Kingdom,Postgraduate degree,3.33,Monthly,11-20,0,Never,0.00,1,0,0,0,1,0,0,1,5,0.69,2,3,3,3,2,2.60,1,1,0,2,0,1,0,1,0,2,1,5,5,4,5,5,4,4,3,3,4,4,4,4,4.67,4.33,4.50,3.33,4.00,3.67,4.00,2,2,2,2,2,2,2.00,2.00,2.00,2.00,2.00,2.00,2.00,2.00,10.00,5.00
4,I certify that I am 18 years of age or over,"Yes, I agree to take part",34,Male,,Italy,Secondary school,3.33,Never,21-30,1,Within the last 3 months,10.00,1,1,1,0,1,1,0,3,5,0.35,3,3,3,5,3,3.40,0,3,0,3,0,4,1,5,0,2,1,5,5,4,5,5,4,5,4,2,1,3,3,4,4.67,4.67,4.67,2.33,3.33,2.83,4.00,3,2,3,3,1,1,2.67,1.67,2.17,1.00,0.75,0.00,1.50,1.00,4.25,11.25
4,I certify that I am 18 years of age or over,"Yes, I agree to take part",34,Male,,Italy,Secondary school,3.33,Never,21-30,1,Within the last 3 months,10.00,1,0,0,0,0,0,0,0,5,0.35,3,3,4,4,4,3.60,0,3,0,4,0,3,0,6,0,6,0,5,5,3,5,5,3,5,1,1,2,2,3,3,4.33,4.33,4.33,1.33,2.67,2.00,4.00,2,3,3,3,1,1,2.67,1.67,2.17,0.75,0.75,0.75,1.50,0.75,4.50,11.25
5,I certify that I am 18 years of age or over,"Yes, I agree to take part",28,Male,,Czech Republic,Secondary school,3.67,Once every 3 months,31+,1,More than 1 year ago,13.60,1,1,0,0,0,0,0,0,5,0.09,3,4,2,5,4,3.60,0,3,0,1,1,1,0,4,0,3,1,5,4,3,4,4,2,4,1,1,1,2,2,3,3.67,3.33,3.50,1.00,2.33,1.67,3.00,2,3,3,4,4,4,2.67,4.00,3.34,0.00,0.00,0.00,2.00,0.00,2.00,4.00
5,I certify that I am 18 years of age or over,"Yes, I agree to take part",28,Male,,Czech Republic,Secondary school,3.67,Once every 3 months,31+,1,More than 1 year ago,13.60,1,0,0,0,0,0,0,0,5,0.09,5,4,3,5,5,4.40,1,1,0,3,0,1,0,1,1,1,2,5,4,3,4,4,3,4,1,1,1,1,1,2,3.67,3.67,3.67,1.00,1.33,1.17,4.00,2,3,3,2,4,4,2.67,3.33,3.00,1.00,1.00,0.00,10.00,2.00,14.00,4.00
6,I certify that I am 18 years of age or over,"Yes, I agree to take part",30,Female,,United States of America,Further education,4.17,Never,31+,0,Never,0.00,0,1,0,0,1,1,1,3,5,0.07,2,3,1,3,4,2.60,1,1,1,2,1,1,0,3,0,2,3,5,5,2,5,5,2,5,1,3,2,3,3,4,4.00,4.00,4.00,2.00,3.33,2.67,4.00,5,5,4,5,4,4,4.67,4.33,4.50,1.00,1.00,1.00,1.00,1.00,5.00,10.00
6,I certify that I am 18 years of age or over,"Yes, I agree to take part",30,Female,,United States of America,Further education,4.17,Never,31+,0,Never,0.00,0,0,0,0,0,1,0,1,5,0.07,2,3,2,4,3,2.80,1,1,0,4,0,5,0,3,0,2,1,5,5,2,5,5,3,5,1,2,1,2,3,4,4.00,4.33,4.17,1.33,3.00,2.17,4.00,5,5,5,4,4,4,5.00,4.00,4.50,1.00,1.00,1.00,1.00,1.00,5.00,10.00
8,I certify that I am 18 years of age or over,"Yes, I agree to take part",50,Female,,United Kingdom,Further education,3.17,Yearly,1-10,0,Never,0.00,0,1,1,0,1,0,1,3,5,0.48,5,4,4,5,5,4.60,0,3,0,5,1,1,0,1,1,5,2,5,5,5,5,5,5,5,3,4,5,5,4,4,5.00,5.00,5.00,4.00,4.33,4.17,5.00,2,2,2,2,2,2,2.00,2.00,2.00,1.00,1.00,1.00,1.00,1.00,5.00,10.00
8,I certify that I am 18 years of age or over,"Yes, I agree to take part",50,Female,,United Kingdom,Further education,3.17,Yearly,1-10,0,Never,0.00,0,0,0,0,0,0,0,0,5,0.48,3,3,5,5,3,3.80,0,5,1,5,0,5,0,4,0,3,1,5,5,5,5,5,5,5,4,4,5,4,5,5,5.00,5.00,5.00,4.33,4.67,4.50,5.00,2,2,2,2,2,2,2.00,2.00,2.00,1.00,1.00,1.00,1.00,1.00,5.00,10.00
10,I certify that I am 18 years of age or over,"Yes, I agree to take part",35,Female,,United Kingdom,Further education,3.33,Never,11-20,0,Never,0.00,1,1,0,0,1,0,1,2,5,0.68,5,4,5,5,5,4.80,0,3,0,1,1,1,0,1,0,2,1,5,3,3,5,3,3,5,3,4,5,5,5,4,3.67,3.67,3.67,4.00,4.67,4.33,5.00,2,3,2,3,3,3,2.33,3.00,2.67,0.00,0.00,0.00,0.00,0.00,0.00,20.00
10,I certify that I am 18 years of age or over,"Yes, I agree to take part",35,Female,,United Kingdom,Further education,3.33,Never,11-20,0,Never,0.00,1,0,0,1,0,1,0,2,5,0.68,5,4,4,3,4,4.00,1,1,0,7,0,1,0,1,0,4,1,5,4,3,5,3,3,5,3,3,5,5,5,4,4.00,3.67,3.83,3.67,4.67,4.17,5.00,2,2,3,3,3,3,2.33,3.00,2.67,0.00,0.00,0.00,0.00,0.00,0.00,20.00
11,I certify that I am 18 years of age or over,"Yes, I agree to take part",33,Female,,Canada,Undergraduate degree,4.00,Yearly,11-20,0,Never,0.00,0,1,1,0,1,1,1,4,5,0.43,3,3,2,4,4,3.20,0,2,0,1,1,1,0,4,0,3,1,5,5,5,4,5,5,5,3,3,4,4,4,4,4.67,5.00,4.83,3.33,4.00,3.67,4.00,2,4,2,3,3,2,2.67,2.67,2.67,0.00,0.00,0.00,0.00,0.50,0.50,19.00
11,I certify that I am 18 years of age or over,"Yes, I agree to take part",33,Female,,Canada,Undergraduate degree,4.00,Yearly,11-20,0,Never,0.00,0,0,1,0,0,0,0,1,5,0.43,1,2,4,5,3,3.00,0,3,0,4,0,4,0,3,0,2,0,5,5,5,5,5,5,5,3,3,3,3,4,3,5.00,5.00,5.00,3.00,3.33,3.17,4.00,2,3,3,2,3,3,2.67,2.67,2.67,0.00,0.00,0.00,0.50,0.00,0.50,19.00
12,I certify that I am 18 years of age or over,"Yes, I agree to take part",38,Male,,United States of America,Undergraduate degree,3.33,Once every 6 months,11-20,0,Never,0.00,1,0,0,0,1,0,0,1,5,-0.16,2,1,3,2,3,2.20,1,1,0,2,0,1,0,3,1,1,2,5,4,3,4,4,4,4,4,3,5,4,4,4,3.67,4.00,3.83,4.00,4.00,4.00,4.00,2,3,2,3,4,4,2.33,3.67,3.00,0.00,0.00,0.00,0.00,0.00,0.00,15.00
12,I certify that I am 18 years of age or over,"Yes, I agree to take part",38,Male,,United States of America,Undergraduate degree,3.33,Once every 6 months,11-20,0,Never,0.00,1,1,1,0,1,0,1,3,5,-0.16,2,4,2,5,4,3.40,0,3,0,4,0,2,0,4,0,3,0,5,5,3,4,4,3,4,3,3,4,4,5,4,4.00,3.67,3.83,3.33,4.33,3.83,4.00,2,3,2,2,3,2,2.33,2.33,2.33,0.00,1.00,0.00,2.00,2.00,5.00,15.00
13,I certify that I am 18 years of age or over,"Yes, I agree to take part",32,Female,,United Kingdom,Postgraduate degree,4.33,Yearly,1-10,0,Never,0.00,0,1,1,0,1,0,1,3,5,0.64,4,4,5,5,4,4.40,1,1,1,2,0,2,0,3,1,5,3,5,5,2,4,4,2,4,3,3,3,3,4,4,3.67,3.33,3.50,3.00,3.67,3.33,4.00,2,1,1,1,1,1,1.33,1.00,1.17,2.00,2.00,2.00,2.00,2.00,10.00,0.00
13,I certify that I am 18 years of age or over,"Yes, I agree to take part",32,Female,,United Kingdom,Postgraduate degree,4.33,Yearly,1-10,0,Never,0.00,0,0,0,0,0,0,0,0,5,0.64,2,2,1,3,4,2.40,0,4,0,2,0,0,0,1,1,1,1,5,4,2,4,4,2,4,2,3,3,2,3,3,3.33,3.33,3.33,2.67,2.67,2.67,4.00,1,1,1,1,1,1,1.00,1.00,1.00,2.00,2.00,2.00,2.00,2.00,10.00,0.00
14,I certify that I am 18 years of age or over,"Yes, I agree to take part",35,Female,,Canada,Undergraduate degree,3.33,Never,1-10,0,Never,0.00,1,0,0,0,0,1,0,1,5,1.02,1,1,2,2,1,1.40,1,1,0,1,0,1,0,1,1,1,2,5,5,3,4,4,3,4,4,4,5,5,5,5,4.00,3.67,3.83,4.33,5.00,4.67,5.00,1,4,2,3,4,2,2.33,3.00,2.67,0.00,0.00,0.00,0.00,0.00,0.00,18.00
14,I certify that I am 18 years of age or over,"Yes, I agree to take part",35,Female,,Canada,Undergraduate degree,3.33,Never,1-10,0,Never,0.00,1,1,1,0,1,1,1,4,5,1.02,3,5,2,4,4,3.60,0,3,0,5,1,1,0,1,0,4,1,5,5,3,4,5,5,4,4,4,5,5,5,5,4.00,4.67,4.33,4.33,5.00,4.67,5.00,2,4,1,3,4,2,2.33,3.00,2.67,0.00,1.00,0.00,0.00,1.00,2.00,18.00
15,I certify that I am 18 years of age or over,"Yes, I agree to take part",34,Male,,United Kingdom,Further education,3.33,Never,11-20,0,Never,0.00,0,0,0,0,0,0,0,0,5,0.90,2,2,3,3,1,2.20,1,1,0,3,1,2,0,1,0,3,2,5,5,2,4,5,4,4,3,3,5,4,5,4,3.67,4.33,4.00,3.67,4.33,4.00,4.00,3,1,1,5,5,5,1.67,5.00,3.34,0.50,0.50,0.50,0.50,0.50,2.50,12.00
15,I certify that I am 18 years of age or over,"Yes, I agree to take part",34,Male,,United Kingdom,Further education,3.33,Never,11-20,0,Never,0.00,0,1,1,0,1,0,1,3,5,0.90,5,4,2,4,5,4.00,0,3,0,3,0,2,0,4,0,3,0,5,5,4,4,5,3,4,3,3,4,4,5,4,4.33,4.00,4.17,3.33,4.33,3.83,4.00,1,1,1,5,5,5,1.00,5.00,3.00,1.50,1.00,0.50,1.00,1.50,5.50,12.00
18,I certify that I am 18 years of age or over,"Yes, I agree to take part",41,Female,,Finland,Secondary school,4.33,Yearly,1-10,0,Never,0.00,1,1,1,0,1,0,1,3,5,0.76,5,5,4,5,5,4.80,0,4,0,6,1,1,0,3,0,4,1,5,5,5,5,5,5,5,3,3,4,2,4,4,5.00,5.00,5.00,3.33,3.33,3.33,4.00,1,1,1,2,4,1,1.00,2.33,1.67,2.00,0.00,0.00,2.00,2.00,6.00,8.00
18,I certify that I am 18 years of age or over,"Yes, I agree to take part",41,Female,,Finland,Secondary school,4.33,Yearly,1-10,0,Never,0.00,1,0,0,0,0,0,0,0,5,0.76,3,4,4,4,4,3.80,0,3,1,5,0,4,0,2,0,3,1,5,5,4,5,5,4,5,3,3,4,3,4,4,4.67,4.67,4.67,3.33,3.67,3.50,4.00,1,1,1,1,4,1,1.00,2.00,1.50,2.00,0.00,2.00,0.00,2.00,6.00,8.00
19,I certify that I am 18 years of age or over,"Yes, I agree to take part",28,Female,,United Kingdom,Further education,2.67,Never,1-10,1,Within the last year,25.00,0,0,0,0,0,0,0,0,5,1.01,3,4,2,4,2,3.00,1,1,0,3,0,3,0,3,0,3,1,5,5,4,5,5,4,5,1,1,1,1,1,1,4.67,4.67,4.67,1.00,1.00,1.00,4.00,4,4,4,5,5,5,4.00,5.00,4.50,0.00,0.00,0.00,0.00,0.00,0.00,8.00
19,I certify that I am 18 years of age or over,"Yes, I agree to take part",28,Female,,United Kingdom,Further education,2.67,Never,1-10,1,Within the last year,25.00,0,1,1,0,0,1,1,3,5,1.01,4,5,5,5,2,4.20,1,1,0,1,0,4,0,2,0,3,1,5,5,4,5,5,4,5,1,1,1,1,1,1,4.67,4.67,4.67,1.00,1.00,1.00,4.00,4,4,4,4,4,5,4.00,4.33,4.17,2.00,0.00,5.00,5.00,0.00,12.00,8.00
20,I certify that I am 18 years of age or over,"Yes, I agree to take part",27,Male,,United Kingdom,Secondary school,3.83,Never,31+,0,Never,0.00,1,1,1,0,0,1,1,3,5,0.79,3,4,2,5,4,3.60,0,2,0,3,1,1,0,1,0,3,1,5,5,3,4,5,3,4,1,1,1,1,1,1,4.00,4.00,4.00,1.00,1.00,1.00,3.00,4,4,5,3,4,4,4.33,3.67,4.00,0.00,0.00,0.00,0.00,0.00,0.00,20.00
20,I certify that I am 18 years of age or over,"Yes, I agree to take part",27,Male,,United Kingdom,Secondary school,3.83,Never,31+,0,Never,0.00,1,0,0,0,0,0,0,0,5,0.79,2,1,3,3,3,2.40,1,1,0,2,0,4,0,1,1,1,2,5,5,3,4,5,3,4,1,1,1,1,1,1,4.00,4.00,4.00,1.00,1.00,1.00,3.00,4,4,5,3,4,4,4.33,3.67,4.00,0.00,0.00,0.00,0.00,0.00,0.00,20.00
21,I certify that I am 18 years of age or over,"Yes, I agree to take part",31,Male,,Portugal,Undergraduate degree,4.00,Yearly,11-20,0,Never,0.00,0,1,0,0,0,0,0,0,5,0.47,4,4,3,3,3,3.40,0,2,0,1,0,2,0,4,0,2,0,5,5,4,4,4,4,4,4,4,3,4,4,4,4.33,4.00,4.17,3.67,4.00,3.83,4.00,2,3,3,2,2,4,2.67,2.67,2.67,0.05,0.05,0.05,0.05,0.05,0.25,19.50
21,I certify that I am 18 years of age or over,"Yes, I agree to take part",31,Male,,Portugal,Undergraduate degree,4.00,Yearly,11-20,0,Never,0.00,0,0,0,0,0,0,0,0,5,0.47,2,1,2,2,2,1.80,0,5,0,2,0,3,0,4,0,3,0,5,4,4,4,4,4,4,4,4,4,4,4,4,4.00,4.00,4.00,4.00,4.00,4.00,4.00,2,2,2,2,2,2,2.00,2.00,2.00,0.05,0.05,0.05,0.05,0.05,0.25,19.50
22,I certify that I am 18 years of age or over,"Yes, I agree to take part",35,Other,Trans man,United States of America,Postgraduate degree,3.50,Yearly,1-10,0,Never,0.00,1,1,0,0,1,1,1,3,5,-0.03,3,3,3,4,3,3.20,0,4,1,2,0,2,0,1,0,4,1,5,4,3,4,4,3,4,3,4,4,4,4,4,3.67,3.67,3.67,3.67,4.00,3.83,3.00,2,2,2,3,3,3,2.00,3.00,2.50,0.10,0.10,0.10,0.10,0.10,0.50,18.50
22,I certify that I am 18 years of age or over,"Yes, I agree to take part",35,Other,Trans man,United States of America,Postgraduate degree,3.50,Yearly,1-10,0,Never,0.00,1,0,0,0,0,0,0,0,5,-0.03,3,3,2,2,3,2.60,0,4,1,5,0,5,1,5,0,4,2,5,5,4,5,5,4,5,4,3,4,4,4,4,4.67,4.67,4.67,3.67,4.00,3.83,4.00,1,2,4,3,3,3,2.33,3.00,2.67,0.20,0.20,0.20,0.20,0.20,1.00,18.50
23,I certify that I am 18 years of age or over,"Yes, I agree to take part",44,Female,,United States of America,Further education,3.67,Never,1-10,0,Never,0.00,0,1,1,0,0,1,0,2,5,0.52,5,5,4,5,4,4.60,1,1,0,1,1,1,0,3,0,1,2,5,4,1,1,4,1,1,1,1,1,1,1,1,2.00,2.00,2.00,1.00,1.00,1.00,1.00,5,5,5,5,5,5,5.00,5.00,5.00,0.00,0.00,0.00,0.00,0.00,0.00,20.00
23,I certify that I am 18 years of age or over,"Yes, I agree to take part",44,Female,,United States of America,Further education,3.67,Never,1-10,0,Never,0.00,0,0,0,0,0,0,0,0,5,0.52,4,4,5,5,5,4.60,1,1,0,3,1,2,0,3,0,2,2,5,4,1,1,4,1,1,1,1,1,1,1,1,2.00,2.00,2.00,1.00,1.00,1.00,1.00,5,5,5,5,5,5,5.00,5.00,5.00,0.00,0.00,0.00,0.00,0.00,0.00,20.00
25,I certify that I am 18 years of age or over,"Yes, I agree to take part",33,Female,,United States of America,Further education,4.17,Never,1-10,0,Never,0.00,0,1,1,0,1,0,1,3,5,0.63,4,3,2,4,5,3.60,0,2,0,5,1,1,0,3,0,4,1,5,5,5,5,5,5,5,3,3,4,4,4,4,5.00,5.00,5.00,3.33,4.00,3.67,5.00,2,4,2,3,4,3,2.67,3.33,3.00,0.00,0.00,0.00,0.00,0.00,0.00,20.00
25,I certify that I am 18 years of age or over,"Yes, I agree to take part",33,Female,,United States of America,Further education,4.17,Never,1-10,0,Never,0.00,0,0,0,0,0,0,0,0,5,0.63,2,1,4,4,4,3.00,0,2,0,3,0,4,0,1,0,4,0,5,5,5,5,5,5,5,3,3,3,4,4,4,5.00,5.00,5.00,3.00,4.00,3.50,5.00,2,4,2,3,4,3,2.67,3.33,3.00,0.00,0.00,0.00,0.00,0.00,0.00,20.00
26,I certify that I am 18 years of age or over,"Yes, I agree to take part",32,Male,,Italy,Postgraduate degree,4.50,Once every 3 months,21-30,1,More than 1 year ago,15.00,1,1,0,0,1,1,0,2,5,1.05,2,3,4,4,4,3.40,0,5,0,4,0,4,0,3,0,1,0,5,5,5,5,5,5,5,2,2,2,4,5,5,5.00,5.00,5.00,2.00,4.67,3.33,5.00,1,1,1,1,3,1,1.00,1.67,1.34,0.30,0.30,0.30,0.30,0.30,1.50,17.00
26,I certify that I am 18 years of age or over,"Yes, I agree to take part",32,Male,,Italy,Postgraduate degree,4.50,Once every 3 months,21-30,1,More than 1 year ago,15.00,1,0,1,1,0,1,0,3,5,1.05,5,3,4,5,3,4.00,0,2,0,2,0,3,0,3,0,2,0,5,5,5,5,5,5,5,3,3,3,4,4,4,5.00,5.00,5.00,3.00,4.00,3.50,5.00,1,1,1,1,4,1,1.00,2.00,1.50,0.30,0.30,0.30,0.30,0.30,1.50,17.00
28,I certify that I am 18 years of age or over,"Yes, I agree to take part",30,Male,,United Kingdom,Undergraduate degree,4.33,Never,11-20,0,Never,0.00,1,0,0,0,0,1,0,1,5,0.65,1,4,2,4,2,2.60,1,1,0,4,0,4,0,3,0,3,1,5,5,2,4,5,3,5,4,4,4,4,5,5,3.67,4.33,4.00,4.00,4.67,4.33,5.00,3,4,2,4,4,4,3.00,4.00,3.50,0.00,0.00,0.00,1.50,0.00,1.50,15.00
28,I certify that I am 18 years of age or over,"Yes, I agree to take part",30,Male,,United Kingdom,Undergraduate degree,4.33,Never,11-20,0,Never,0.00,1,1,1,0,1,0,1,3,5,0.65,4,3,2,5,5,3.80,0,4,1,2,1,1,1,5,1,5,4,5,4,4,5,5,4,5,4,4,5,4,5,4,4.33,4.67,4.50,4.33,4.33,4.33,5.00,2,2,2,3,4,4,2.00,3.67,2.84,0.50,0.00,0.00,1.00,2.00,3.50,15.00
29,I certify that I am 18 years of age or over,"Yes, I agree to take part",36,Male,,United States of America,Further education,4.67,Yearly,21-30,0,Never,0.00,0,0,0,1,0,1,0,2,5,0.64,1,1,4,5,2,2.60,1,1,0,0,0,0,0,0,0,0,1,5,4,4,5,5,4,5,3,4,4,4,4,4,4.33,4.67,4.50,3.67,4.00,3.83,4.00,3,4,2,3,5,3,3.00,3.67,3.34,0.00,0.00,0.00,0.10,0.00,0.10,19.50
29,I certify that I am 18 years of age or over,"Yes, I agree to take part",36,Male,,United States of America,Further education,4.67,Yearly,21-30,0,Never,0.00,0,1,1,0,1,1,0,3,5,0.64,3,5,3,5,5,4.20,0,0,0,0,0,0,0,0,0,0,0,5,4,5,5,5,5,5,4,4,5,4,4,4,4.67,5.00,4.83,4.33,4.00,4.17,5.00,1,3,1,3,5,3,1.67,3.67,2.67,0.10,0.10,0.00,0.10,0.10,0.40,19.50
30,I certify that I am 18 years of age or over,"Yes, I agree to take part",36,Male,,United Kingdom,Undergraduate degree,2.67,Never,21-30,1,More than 1 year ago,55.00,0,0,0,0,0,0,0,0,5,1.17,3,2,4,4,3,3.20,0,0,0,0,0,0,0,0,0,2,0,5,4,3,4,4,3,4,3,3,3,4,3,3,3.67,3.67,3.67,3.00,3.33,3.17,3.00,3,3,3,4,4,4,3.00,4.00,3.50,5.00,0.00,0.00,0.00,0.00,5.00,10.00
30,I certify that I am 18 years of age or over,"Yes, I agree to take part",36,Male,,United Kingdom,Undergraduate degree,2.67,Never,21-30,1,More than 1 year ago,55.00,0,1,0,0,1,1,0,2,5,1.17,5,5,4,4,5,4.60,0,2,0,3,0,3,0,2,0,3,0,5,4,3,4,4,3,4,3,3,3,3,3,3,3.67,3.67,3.67,3.00,3.00,3.00,4.00,3,3,3,3,4,4,3.00,3.67,3.34,5.00,0.00,0.00,0.00,0.00,5.00,10.00
31,I certify that I am 18 years of age or over,"Yes, I agree to take part",35,Female,,United Kingdom,Undergraduate degree,3.50,Never,1-10,1,More than 1 year ago,15.00,0,0,0,0,0,0,0,0,5,0.49,3,3,3,3,3,3.00,1,1,0,0,0,0,0,0,0,0,1,5,4,3,5,4,4,5,3,3,3,3,3,4,4.00,4.33,4.17,3.00,3.33,3.17,5.00,2,2,2,2,3,2,2.00,2.33,2.17,0.20,0.30,0.20,0.30,0.20,1.20,17.00
31,I certify that I am 18 years of age or over,"Yes, I agree to take part",35,Female,,United Kingdom,Undergraduate degree,3.50,Never,1-10,1,More than 1 year ago,15.00,0,1,1,0,1,1,0,3,5,0.49,4,4,3,4,2,3.40,1,1,1,2,0,2,0,0,0,0,2,5,5,3,5,4,4,5,3,3,3,3,3,4,4.33,4.33,4.33,3.00,3.33,3.17,5.00,2,2,2,2,2,2,2.00,2.00,2.00,0.40,0.40,0.40,0.40,0.20,1.80,17.00
32,I certify that I am 18 years of age or over,"Yes, I agree to take part",27,Male,,Canada,Further education,4.33,Never,11-20,0,Never,0.00,0,1,1,0,0,0,1,2,5,0.56,5,5,4,3,5,4.40,0,3,0,5,0,3,1,5,0,3,1,5,5,5,5,5,5,5,4,5,5,5,5,5,5.00,5.00,5.00,4.67,5.00,4.83,5.00,3,3,3,2,3,2,3.00,2.33,2.67,2.00,2.00,2.00,2.00,2.00,10.00,0.00
32,I certify that I am 18 years of age or over,"Yes, I agree to take part",27,Male,,Canada,Further education,4.33,Never,11-20,0,Never,0.00,0,0,0,0,0,0,0,0,5,0.56,3,5,4,5,5,4.40,0,0,0,0,1,2,0,0,1,1,2,5,5,5,5,5,5,5,5,4,5,4,5,5,5.00,5.00,5.00,4.67,4.67,4.67,5.00,2,3,3,2,2,3,2.67,2.33,2.50,2.00,2.00,2.00,2.00,2.00,10.00,0.00
33,I certify that I am 18 years of age or over,"Yes, I agree to take part",30,Male,,United Kingdom,Undergraduate degree,4.00,Once every 6 months,21-30,0,Never,0.00,1,1,1,0,1,1,1,4,5,0.90,4,4,4,5,4,4.20,0,4,0,1,1,1,0,2,0,4,1,5,5,4,4,4,4,5,3,3,4,3,4,4,4.33,4.33,4.33,3.33,3.67,3.50,4.00,2,2,2,3,2,3,2.00,2.67,2.34,2.00,2.00,1.00,3.00,2.00,10.00,0.00
33,I certify that I am 18 years of age or over,"Yes, I agree to take part",30,Male,,United Kingdom,Undergraduate degree,4.00,Once every 6 months,21-30,0,Never,0.00,1,0,0,0,1,1,0,2,5,0.90,4,3,4,5,4,4.00,0,4,0,1,0,4,0,4,0,3,0,5,5,4,4,5,4,4,3,2,4,3,4,3,4.33,4.33,4.33,3.00,3.33,3.17,4.00,2,2,3,2,2,2,2.33,2.00,2.17,3.00,1.00,2.00,2.00,2.00,10.00,0.00
34,I certify that I am 18 years of age or over,"Yes, I agree to take part",38,Male,,United States of America,Undergraduate degree,4.33,Never,11-20,1,More than 1 year ago,15.00,1,1,1,0,1,1,1,4,5,0.90,4,3,5,5,4,4.20,0,6,0,3,0,2,0,3,0,4,0,5,5,2,5,5,2,4,3,3,3,3,3,4,4.00,3.67,3.83,3.00,3.33,3.17,4.00,2,2,2,2,3,2,2.00,2.33,2.17,1.00,1.00,1.00,1.00,1.00,5.00,10.00
34,I certify that I am 18 years of age or over,"Yes, I agree to take part",38,Male,,United States of America,Undergraduate degree,4.33,Never,11-20,1,More than 1 year ago,15.00,1,0,0,1,1,1,0,3,5,0.90,5,4,5,2,5,4.20,0,3,0,4,0,4,0,1,0,2,0,5,5,2,5,5,2,5,2,4,3,3,3,4,4.00,4.00,4.00,3.00,3.33,3.17,4.00,2,2,2,2,2,2,2.00,2.00,2.00,1.00,1.00,1.00,1.00,1.00,5.00,10.00
35,I certify that I am 18 years of age or over,"Yes, I agree to take part",29,Male,,Italy,Undergraduate degree,3.00,Once every 6 months,11-20,1,Within the last week,8.00,0,1,1,0,1,1,1,4,5,1.06,5,4,4,3,4,4.00,0,3,1,2,0,3,0,4,1,5,2,5,5,4,5,4,4,5,3,4,4,3,4,4,4.67,4.33,4.50,3.67,3.67,3.67,5.00,1,3,2,2,4,2,2.00,2.67,2.34,0.50,0.50,0.50,0.50,0.50,2.50,15.00
35,I certify that I am 18 years of age or over,"Yes, I agree to take part",29,Male,,Italy,Undergraduate degree,3.00,Once every 6 months,11-20,1,Within the last week,8.00,0,0,0,0,0,0,0,0,5,1.06,3,2,2,2,3,2.40,0,3,1,5,0,3,0,2,0,4,1,5,5,4,5,4,4,5,3,4,4,4,4,4,4.67,4.33,4.50,3.67,4.00,3.83,5.00,1,3,1,2,4,2,1.67,2.67,2.17,0.50,0.50,0.50,0.50,0.50,2.50,15.00
36,I certify that I am 18 years of age or over,"Yes, I agree to take part",26,Male,,United Kingdom,Secondary school,4.67,Yearly,21-30,1,Within the last 3 months,35.00,0,1,1,0,1,1,1,4,5,0.58,4,5,1,5,5,4.00,0,4,0,4,1,1,0,4,1,5,2,5,5,5,5,5,5,5,5,4,4,4,4,4,5.00,5.00,5.00,4.33,4.00,4.17,5.00,4,4,4,5,4,4,4.00,4.33,4.17,0.00,0.00,0.00,0.00,0.00,0.00,20.00
36,I certify that I am 18 years of age or over,"Yes, I agree to take part",26,Male,,United Kingdom,Secondary school,4.67,Yearly,21-30,1,Within the last 3 months,35.00,0,0,1,0,0,0,0,1,5,0.58,2,1,4,5,4,3.20,0,2,0,4,0,5,0,3,1,1,1,5,5,5,5,5,5,5,4,4,4,4,4,4,5.00,5.00,5.00,4.00,4.00,4.00,5.00,4,5,4,2,4,4,4.33,3.33,3.83,0.00,0.00,0.00,0.00,0.00,0.00,20.00
37,I certify that I am 18 years of age or over,"Yes, I agree to take part",52,Female,,United Kingdom,Further education,4.50,Monthly,11-20,0,Never,0.00,1,1,1,0,1,1,0,3,5,0.67,5,4,4,5,5,4.60,0,4,0,4,1,1,0,3,0,4,1,5,5,4,5,5,4,5,3,3,4,4,4,4,4.67,4.67,4.67,3.33,4.00,3.67,5.00,2,4,2,4,4,4,2.67,4.00,3.34,2.00,2.00,2.00,2.00,2.00,10.00,0.00
37,I certify that I am 18 years of age or over,"Yes, I agree to take part",52,Female,,United Kingdom,Further education,4.50,Monthly,11-20,0,Never,0.00,1,0,1,0,0,0,0,1,5,0.67,4,2,4,4,5,3.80,0,4,0,2,0,3,0,2,0,3,0,5,4,4,5,5,4,5,5,3,4,4,4,4,4.33,4.67,4.50,4.00,4.00,4.00,5.00,2,4,2,4,4,4,2.67,4.00,3.34,2.00,2.00,2.00,2.00,2.00,10.00,0.00
39,I certify that I am 18 years of age or over,"Yes, I agree to take part",30,Female,,United Kingdom,Undergraduate degree,2.00,Never,11-20,1,Within the last month,20.00,0,1,0,0,1,0,1,2,5,1.17,4,3,2,4,3,3.20,0,2,0,0,0,0,0,4,0,3,0,5,5,3,4,4,3,5,4,4,4,4,5,4,4.00,4.00,4.00,4.00,4.33,4.17,4.00,2,4,2,4,4,4,2.67,4.00,3.34,0.00,0.00,0.00,0.00,0.00,0.00,20.00
39,I certify that I am 18 years of age or over,"Yes, I agree to take part",30,Female,,United Kingdom,Undergraduate degree,2.00,Never,11-20,1,Within the last month,20.00,0,0,0,0,0,0,0,0,5,1.17,2,2,2,2,2,2.00,1,1,0,0,0,0,0,0,1,1,2,5,4,3,4,4,3,4,4,4,4,4,5,4,3.67,3.67,3.67,4.00,4.33,4.17,4.00,2,4,2,4,4,4,2.67,4.00,3.34,0.00,0.00,0.00,0.00,0.00,0.00,20.00
40,I certify that I am 18 years of age or over,"Yes, I agree to take part",48,Female,,United States of America,Further education,4.33,Yearly,21-30,0,Never,0.00,0,0,0,0,0,0,0,0,5,1.07,1,2,3,4,3,2.60,0,0,0,6,0,3,0,2,0,5,0,5,5,4,5,5,4,5,4,4,5,4,5,5,4.67,4.67,4.67,4.33,4.67,4.50,4.00,1,1,1,2,3,1,1.00,2.00,1.50,1.00,1.00,1.00,1.00,1.00,5.00,10.00
40,I certify that I am 18 years of age or over,"Yes, I agree to take part",48,Female,,United States of America,Further education,4.33,Yearly,21-30,0,Never,0.00,0,1,1,0,1,1,1,4,5,1.07,5,5,5,5,5,5.00,0,3,0,4,0,4,0,3,1,5,1,5,5,5,5,5,4,5,4,4,5,4,5,5,5.00,4.67,4.83,4.33,4.67,4.50,5.00,1,1,1,2,3,1,1.00,2.00,1.50,1.00,1.00,1.00,1.00,1.00,5.00,10.00
41,I certify that I am 18 years of age or over,"Yes, I agree to take part",24,Female,,United Kingdom,Further education,3.00,Yearly,11-20,1,Within the last month,70.00,1,1,0,1,1,1,0,3,5,1.22,4,4,5,5,3,4.20,0,4,0,4,0,5,1,5,1,5,2,5,5,4,5,5,4,5,2,4,3,4,4,4,4.67,4.67,4.67,3.00,4.00,3.50,5.00,2,3,2,2,2,2,2.33,2.00,2.17,1.00,1.00,1.00,1.00,1.00,5.00,10.00
41,I certify that I am 18 years of age or over,"Yes, I agree to take part",24,Female,,United Kingdom,Further education,3.00,Yearly,11-20,1,Within the last month,70.00,1,0,0,0,0,0,1,1,5,1.22,3,2,4,4,4,3.40,0,2,0,2,0,3,0,2,0,3,0,5,5,3,5,5,4,5,4,4,3,4,4,4,4.33,4.67,4.50,3.67,4.00,3.83,5.00,2,3,2,2,2,2,2.33,2.00,2.17,1.00,1.00,1.00,1.00,1.00,5.00,10.00
42,I certify that I am 18 years of age or over,"Yes, I agree to take part",39,Female,,United Kingdom,Secondary school,3.67,Never,31+,0,Never,0.00,0,0,0,0,0,0,0,0,5,0.13,1,2,2,3,3,2.20,0,0,0,0,0,0,0,0,0,0,0,5,5,4,4,5,4,4,3,3,3,3,3,3,4.33,4.33,4.33,3.00,3.00,3.00,4.00,1,1,1,3,3,3,1.00,3.00,2.00,0.20,0.20,0.00,0.30,0.20,0.90,15.00
42,I certify that I am 18 years of age or over,"Yes, I agree to take part",39,Female,,United Kingdom,Secondary school,3.67,Never,31+,0,Never,0.00,0,1,0,0,0,0,0,0,5,0.13,4,4,3,5,4,4.00,0,0,0,0,0,0,0,0,0,0,0,5,3,4,4,5,5,4,3,3,3,3,3,3,3.67,4.67,4.17,3.00,3.00,3.00,5.00,1,1,1,3,3,3,1.00,3.00,2.00,0.50,0.20,0.20,3.00,0.20,4.10,15.00
43,I certify that I am 18 years of age or over,"Yes, I agree to take part",36,Male,,United Kingdom,Postgraduate degree,4.17,Never,21-30,0,Never,0.00,1,1,0,0,1,1,1,3,5,0.87,4,4,3,4,4,3.80,0,3,0,1,1,1,0,2,0,3,1,5,4,4,4,4,4,4,4,3,4,4,4,4,4.00,4.00,4.00,3.67,4.00,3.83,4.00,4,3,4,4,4,4,3.67,4.00,3.84,0.00,0.00,0.00,0.00,0.00,0.00,20.00
43,I certify that I am 18 years of age or over,"Yes, I agree to take part",36,Male,,United Kingdom,Postgraduate degree,4.17,Never,21-30,0,Never,0.00,1,0,0,0,0,1,0,1,5,0.87,2,3,2,3,3,2.60,0,2,0,1,0,1,0,1,1,1,1,5,4,4,4,4,4,2,4,4,3,4,4,4,4.00,3.33,3.67,3.67,4.00,3.83,4.00,3,4,4,4,4,4,3.67,4.00,3.84,0.00,0.00,0.00,0.00,0.00,0.00,20.00
44,I certify that I am 18 years of age or over,"Yes, I agree to take part",39,Female,,France,Postgraduate degree,2.83,Never,11-20,0,Never,0.00,0,1,0,0,1,0,1,2,5,-0.60,2,5,3,4,5,3.80,0,4,0,0,1,1,0,0,1,5,2,5,5,4,5,3,4,4,1,1,2,2,5,4,4.67,3.67,4.17,1.33,3.67,2.50,3.00,1,3,1,1,3,3,1.67,2.33,2.00,2.00,2.00,2.00,2.00,2.00,10.00,0.00
44,I certify that I am 18 years of age or over,"Yes, I agree to take part",39,Female,,France,Postgraduate degree,2.83,Never,11-20,0,Never,0.00,0,0,0,1,1,0,0,2,5,-0.60,5,3,2,4,5,3.80,0,0,0,3,0,4,0,0,0,0,0,5,5,3,4,4,3,4,1,1,2,4,5,4,4.00,3.67,3.83,1.33,4.33,2.83,3.00,1,3,3,3,2,3,2.33,2.67,2.50,2.00,2.00,2.00,2.00,2.00,10.00,0.00
45,I certify that I am 18 years of age or over,"Yes, I agree to take part",51,Male,,United Kingdom,Undergraduate degree,4.33,Once every 3 months,21-30,0,Never,0.00,0,1,1,0,0,1,1,3,5,0.91,5,5,5,5,5,5.00,0,0,0,0,0,0,1,5,1,5,2,5,5,5,5,5,5,5,4,4,4,4,2,4,5.00,5.00,5.00,4.00,3.33,3.67,5.00,1,1,1,4,4,4,1.00,4.00,2.50,1.00,1.00,1.00,1.00,1.00,5.00,10.00
45,I certify that I am 18 years of age or over,"Yes, I agree to take part",51,Male,,United Kingdom,Undergraduate degree,4.33,Once every 3 months,21-30,0,Never,0.00,0,0,0,0,0,1,0,1,5,0.91,5,5,5,5,5,5.00,0,0,0,4,0,0,0,0,0,0,0,5,5,5,5,5,5,5,4,4,4,4,4,4,5.00,5.00,5.00,4.00,4.00,4.00,5.00,1,1,1,4,4,4,1.00,4.00,2.50,1.00,1.00,1.00,1.00,1.00,5.00,10.00
46,I certify that I am 18 years of age or over,"Yes, I agree to take part",24,Female,,United Kingdom,Further education,4.00,Never,11-20,0,Never,0.00,1,1,0,0,0,0,0,0,5,0.74,3,3,3,4,3,3.20,0,0,0,0,0,0,0,0,0,0,0,5,4,4,3,4,4,4,3,3,4,4,3,3,3.67,4.00,3.83,3.33,3.33,3.33,4.00,4,3,2,3,4,3,3.00,3.33,3.17,1.00,1.00,1.00,1.00,1.00,5.00,10.00
46,I certify that I am 18 years of age or over,"Yes, I agree to take part",24,Female,,United Kingdom,Further education,4.00,Never,11-20,0,Never,0.00,1,0,0,0,0,0,0,0,5,0.74,3,3,3,3,3,3.00,0,0,0,0,0,0,0,0,0,0,0,5,3,3,4,3,3,4,3,4,5,4,3,4,3.33,3.33,3.33,4.00,3.67,3.83,4.00,4,4,3,2,4,4,3.67,3.33,3.50,1.00,1.00,1.00,1.00,1.00,5.00,10.00
47,I certify that I am 18 years of age or over,"Yes, I agree to take part",37,Female,,Canada,Undergraduate degree,4.17,Yearly,1-10,0,Never,0.00,1,0,0,0,0,0,0,0,5,0.96,3,1,4,5,2,3.00,0,3,0,4,0,4,0,3,0,4,0,5,5,5,5,5,1,5,3,3,4,3,4,5,5.00,3.67,4.33,3.33,4.00,3.67,5.00,2,2,2,3,1,3,2.00,2.33,2.17,0.00,1.00,2.00,5.00,0.00,8.00,2.00
47,I certify that I am 18 years of age or over,"Yes, I agree to take part",37,Female,,Canada,Undergraduate degree,4.17,Yearly,1-10,0,Never,0.00,1,1,1,0,1,0,1,3,5,0.96,3,4,2,4,3,3.20,0,2,1,2,0,3,0,4,1,5,2,5,5,5,5,5,5,5,3,3,4,3,4,4,5.00,5.00,5.00,3.33,3.67,3.50,5.00,2,2,2,3,2,3,2.00,2.67,2.34,0.00,0.00,0.00,5.00,5.00,10.00,2.00
48,I certify that I am 18 years of age or over,"Yes, I agree to take part",35,Female,,Spain,Undergraduate degree,3.67,Never,11-20,0,Never,0.00,1,0,1,0,0,1,0,2,5,0.94,1,2,2,3,3,2.20,0,0,1,5,0,3,0,0,0,2,1,5,3,2,3,4,3,3,4,4,3,4,5,4,2.67,3.33,3.00,3.67,4.33,4.00,4.00,2,5,2,3,4,1,3.00,2.67,2.84,1.00,1.00,1.00,1.00,0.95,4.95,10.00
48,I certify that I am 18 years of age or over,"Yes, I agree to take part",35,Female,,Spain,Undergraduate degree,3.67,Never,11-20,0,Never,0.00,1,1,0,0,1,1,0,2,5,0.94,4,5,2,4,5,4.00,0,6,0,5,0,2,0,4,1,5,1,5,4,2,2,4,3,3,4,2,2,3,4,4,2.67,3.33,3.00,2.67,3.67,3.17,4.00,2,5,2,2,4,1,3.00,2.33,2.67,0.85,0.90,0.90,1.20,1.20,5.05,10.00
49,I certify that I am 18 years of age or over,"Yes, I agree to take part",29,Female,,United Kingdom,Undergraduate degree,2.00,Once every 6 months,1-10,0,Never,0.00,0,1,0,0,1,1,0,2,5,0.93,4,4,2,5,4,3.80,0,3,0,1,1,1,0,4,0,4,1,5,5,3,5,5,4,5,4,4,5,5,5,5,4.33,4.67,4.50,4.33,5.00,4.67,4.00,1,2,1,1,4,1,1.33,2.00,1.67,1.00,1.00,1.00,1.00,1.00,5.00,10.00
49,I certify that I am 18 years of age or over,"Yes, I agree to take part",29,Female,,United Kingdom,Undergraduate degree,2.00,Once every 6 months,1-10,0,Never,0.00,0,0,0,0,0,0,0,0,5,0.93,1,1,3,3,3,2.20,0,3,0,3,0,0,0,0,0,2,0,5,5,3,5,5,4,5,4,4,5,4,5,5,4.33,4.67,4.50,4.33,4.67,4.50,4.00,1,2,1,1,4,1,1.33,2.00,1.67,1.00,1.00,1.00,1.00,1.00,5.00,10.00
51,I certify that I am 18 years of age or over,"Yes, I agree to take part",39,Female,,United Kingdom,Postgraduate degree,4.83,Never,11-20,1,Within the last week,300.00,0,0,1,0,0,1,0,2,5,1.32,2,2,4,4,4,3.20,0,2,0,4,0,4,0,2,0,3,0,5,4,5,5,4,5,4,4,4,4,5,4,4,4.67,4.33,4.50,4.00,4.33,4.17,4.00,2,1,1,3,2,3,1.33,2.67,2.00,0.00,0.00,0.00,0.00,0.00,0.00,15.00
51,I certify that I am 18 years of age or over,"Yes, I agree to take part",39,Female,,United Kingdom,Postgraduate degree,4.83,Never,11-20,1,Within the last week,300.00,0,1,1,0,1,1,1,4,5,1.32,4,5,4,5,4,4.40,0,3,0,1,1,1,0,4,1,5,2,5,3,4,3,4,5,5,3,4,4,4,3,5,3.33,4.67,4.00,3.67,4.00,3.83,4.00,1,2,1,3,3,3,1.33,3.00,2.17,1.00,0.00,1.00,1.00,2.00,5.00,15.00
52,I certify that I am 18 years of age or over,"Yes, I agree to take part",41,Female,,United Kingdom,Undergraduate degree,4.50,Monthly,11-20,0,Never,0.00,1,1,0,1,1,1,1,4,5,-0.02,4,5,5,5,4,4.60,0,3,0,0,0,2,0,3,0,4,0,5,4,4,4,5,4,5,3,4,5,3,5,4,4.00,4.67,4.33,4.00,4.00,4.00,5.00,1,2,2,2,3,1,1.67,2.00,1.84,2.00,2.00,2.00,2.00,2.00,10.00,0.00
52,I certify that I am 18 years of age or over,"Yes, I agree to take part",41,Female,,United Kingdom,Undergraduate degree,4.50,Monthly,11-20,0,Never,0.00,1,0,0,0,0,0,0,0,5,-0.02,3,4,4,4,4,3.80,0,0,0,0,0,0,0,0,0,0,0,5,5,4,5,5,4,4,3,4,4,3,5,5,4.67,4.33,4.50,3.67,4.33,4.00,5.00,2,3,2,2,3,2,2.33,2.33,2.33,2.00,2.00,2.00,2.00,2.00,10.00,0.00
53,I certify that I am 18 years of age or over,"Yes, I agree to take part",30,Female,,Australia,Postgraduate degree,3.60,Never,1-10,1,Within the last 3 months,10.00,1,0,0,0,0,0,0,0,5,1.05,2,3,3,2,3,2.60,1,1,0,2,0,3,0,3,0,3,1,5,5,4,4,4,4,5,4,3,3,4,4,4,4.33,4.33,4.33,3.33,4.00,3.67,4.00,4,4,4,4,5,3,4.00,4.00,4.00,0.10,0.10,0.20,0.20,0.20,0.80,10.00
53,I certify that I am 18 years of age or over,"Yes, I agree to take part",30,Female,,Australia,Postgraduate degree,3.60,Never,1-10,1,Within the last 3 months,10.00,1,1,0,0,0,0,0,0,5,1.05,4,4,3,4,4,3.80,0,2,1,2,0,2,0,1,0,4,1,5,4,5,4,4,5,4,3,3,3,4,3,4,4.33,4.33,4.33,3.00,3.67,3.33,4.00,4,5,4,3,4,3,4.33,3.33,3.83,3.00,3.00,0.10,3.00,0.10,9.20,10.00
54,I certify that I am 18 years of age or over,"Yes, I agree to take part",40,Male,,Germany,Further education,4.67,Never,1-10,0,Never,0.00,0,0,0,0,0,1,0,1,5,0.42,1,4,5,5,5,4.00,1,1,0,1,1,2,0,2,0,2,2,5,4,4,4,4,4,4,3,4,5,4,5,4,4.00,4.00,4.00,4.00,4.33,4.17,3.00,1,1,1,2,5,3,1.00,3.33,2.17,0.00,0.00,0.10,0.50,0.50,1.10,15.00
54,I certify that I am 18 years of age or over,"Yes, I agree to take part",40,Male,,Germany,Further education,4.67,Never,1-10,0,Never,0.00,0,1,0,0,1,0,0,1,5,0.42,4,4,4,4,5,4.20,0,2,0,1,1,1,0,3,0,1,1,5,5,3,3,3,3,4,3,3,3,4,5,4,3.67,3.33,3.50,3.00,4.33,3.67,3.00,1,2,1,3,5,4,1.33,4.00,2.67,0.50,0.40,1.00,1.00,1.00,3.90,15.00
56,I certify that I am 18 years of age or over,"Yes, I agree to take part",27,Female,,Spain,Postgraduate degree,2.33,Never,21-30,0,Never,0.00,1,1,0,0,0,1,0,1,5,1.22,3,4,4,3,4,3.60,0,6,0,7,0,5,1,5,0,6,1,5,4,3,4,4,2,4,4,4,2,2,3,4,3.67,3.33,3.50,3.33,3.00,3.17,4.00,3,2,3,2,3,2,2.67,2.33,2.50,2.00,2.00,2.00,2.00,2.00,10.00,0.00
56,I certify that I am 18 years of age or over,"Yes, I agree to take part",27,Female,,Spain,Postgraduate degree,2.33,Never,21-30,0,Never,0.00,1,0,0,0,0,1,0,1,5,1.22,3,4,3,3,4,3.40,0,2,1,5,0,4,1,5,0,5,2,5,4,3,4,4,4,3,4,3,3,4,3,3,3.67,3.67,3.67,3.33,3.33,3.33,4.00,2,3,3,3,2,2,2.67,2.33,2.50,2.00,2.00,2.00,2.00,2.00,10.00,0.00
59,I certify that I am 18 years of age or over,"Yes, I agree to take part",28,Female,,United Kingdom,Undergraduate degree,3.83,Yearly,11-20,1,Within the last 3 months,8.00,0,1,1,0,1,0,1,3,5,0.70,5,4,4,4,4,4.20,0,2,1,2,1,1,0,3,0,4,2,5,5,4,5,5,4,5,4,2,4,2,4,5,4.67,4.67,4.67,3.33,3.67,3.50,4.00,2,4,2,2,5,2,2.67,3.00,2.84,3.00,1.00,1.00,1.00,2.00,8.00,5.00
59,I certify that I am 18 years of age or over,"Yes, I agree to take part",28,Female,,United Kingdom,Undergraduate degree,3.83,Yearly,11-20,1,Within the last 3 months,8.00,0,0,0,1,1,1,0,3,5,0.70,5,4,5,5,5,4.80,1,1,0,3,1,2,0,2,0,3,2,5,5,2,5,5,4,5,3,4,3,4,4,4,4.00,4.67,4.33,3.33,4.00,3.67,5.00,2,4,2,2,5,2,2.67,3.00,2.84,1.00,1.00,2.00,1.00,2.00,7.00,5.00
60,I certify that I am 18 years of age or over,"Yes, I agree to take part",31,Male,,Poland,Postgraduate degree,4.33,Never,11-20,0,Never,0.00,0,1,0,0,1,0,0,1,5,0.66,3,4,3,3,4,3.40,0,0,0,0,0,2,0,0,0,0,0,5,3,3,3,4,2,4,3,3,3,3,3,3,3.00,3.33,3.17,3.00,3.00,3.00,3.00,3,3,3,3,3,3,3.00,3.00,3.00,0.00,0.00,0.00,0.00,0.00,0.00,20.00
60,I certify that I am 18 years of age or over,"Yes, I agree to take part",31,Male,,Poland,Postgraduate degree,4.33,Never,11-20,0,Never,0.00,0,0,0,0,0,1,0,1,5,0.66,3,3,3,4,4,3.40,0,0,0,3,0,0,0,0,0,0,0,5,4,3,4,3,3,4,3,3,3,3,3,3,3.67,3.33,3.50,3.00,3.00,3.00,3.00,3,3,3,3,3,3,3.00,3.00,3.00,0.00,0.00,0.00,0.00,0.00,0.00,20.00
61,I certify that I am 18 years of age or over,"Yes, I agree to take part",29,Female,,United Kingdom,Postgraduate degree,2.17,Once every 3 months,1-10,1,Within the last 6 months,20.00,0,0,0,0,0,1,0,1,5,0.65,3,2,3,2,2,2.40,1,1,0,2,0,1,0,3,1,1,2,5,5,3,5,5,5,5,3,3,4,4,4,5,4.33,5.00,4.67,3.33,4.33,3.83,4.00,2,4,1,2,4,1,2.33,2.33,2.33,0.00,0.00,0.00,1.00,0.00,1.00,17.00
61,I certify that I am 18 years of age or over,"Yes, I agree to take part",29,Female,,United Kingdom,Postgraduate degree,2.17,Once every 3 months,1-10,1,Within the last 6 months,20.00,0,1,1,1,0,1,1,4,5,0.65,3,4,3,5,3,3.60,0,3,1,2,0,2,0,3,0,4,1,5,5,3,5,5,5,5,3,3,4,4,5,4,4.33,5.00,4.67,3.33,4.33,3.83,5.00,2,3,1,2,4,1,2.00,2.33,2.17,0.00,1.00,0.00,1.00,0.00,2.00,17.00
62,I certify that I am 18 years of age or over,"Yes, I agree to take part",29,Female,,Austria,Undergraduate degree,3.83,Monthly,11-20,0,Never,0.00,1,1,0,0,1,0,1,2,5,1.16,3,4,5,4,5,4.20,0,2,0,0,0,3,0,4,1,5,1,5,5,2,5,4,4,5,4,4,5,4,5,5,4.00,4.33,4.17,4.33,4.67,4.50,5.00,2,1,1,1,1,1,1.33,1.00,1.17,2.00,2.00,2.00,2.00,2.00,10.00,0.00
62,I certify that I am 18 years of age or over,"Yes, I agree to take part",29,Female,,Austria,Undergraduate degree,3.83,Monthly,11-20,0,Never,0.00,1,0,1,0,0,0,0,1,5,1.16,4,2,5,5,4,4.00,0,3,0,0,0,3,0,1,0,0,0,5,5,2,5,5,4,4,4,4,5,4,5,4,4.00,4.33,4.17,4.33,4.33,4.33,5.00,2,3,2,1,1,1,2.33,1.00,1.67,2.00,2.00,2.00,2.00,2.00,10.00,0.00
64,I certify that I am 18 years of age or over,"Yes, I agree to take part",34,Female,,United States of America,Further education,3.40,Never,31+,1,Within the last 6 months,13.00,1,1,0,0,1,1,0,2,5,0.17,3,4,3,4,3,3.40,1,1,1,2,0,2,0,2,0,1,2,5,4,4,5,4,4,4,4,3,5,4,4,4,4.33,4.00,4.17,4.00,4.00,4.00,4.00,3,3,2,2,3,3,2.67,2.67,2.67,0.00,0.00,0.00,0.00,0.00,0.00,20.00
64,I certify that I am 18 years of age or over,"Yes, I agree to take part",34,Female,,United States of America,Further education,3.40,Never,31+,1,Within the last 6 months,13.00,1,0,0,0,0,1,0,1,5,0.17,1,3,3,3,3,2.60,0,0,0,3,0,3,0,1,0,2,0,5,5,4,4,3,4,4,3,3,5,4,4,4,4.33,3.67,4.00,3.67,4.00,3.83,4.00,3,3,1,3,3,2,2.33,2.67,2.50,0.00,0.00,0.00,0.00,0.00,0.00,20.00
65,I certify that I am 18 years of age or over,"Yes, I agree to take part",50,Female,,United Kingdom,Further education,2.83,Never,11-20,0,Never,0.00,1,1,1,0,0,0,1,2,5,-0.04,5,3,2,3,5,3.60,0,3,0,1,0,6,0,2,0,7,0,5,4,4,4,4,4,4,2,2,2,2,2,3,4.00,4.00,4.00,2.00,2.33,2.17,3.00,5,5,5,4,5,5,5.00,4.67,4.84,0.00,0.00,0.00,0.00,0.00,0.00,20.00
65,I certify that I am 18 years of age or over,"Yes, I agree to take part",50,Female,,United Kingdom,Further education,2.83,Never,11-20,0,Never,0.00,1,0,0,0,0,0,0,0,5,-0.04,2,4,4,3,3,3.20,0,3,1,5,0,4,0,1,0,2,1,5,4,3,3,4,4,4,2,2,2,2,2,3,3.33,4.00,3.67,2.00,2.33,2.17,3.00,5,5,5,5,5,5,5.00,5.00,5.00,0.00,0.00,0.00,0.00,0.00,0.00,20.00
66,I certify that I am 18 years of age or over,"Yes, I agree to take part",26,Other,Non-binary,United Kingdom,Undergraduate degree,2.17,Never,1-10,0,Never,0.00,1,1,1,0,0,1,1,3,5,0.85,5,4,4,5,5,4.60,0,0,0,5,0,3,0,2,0,2,0,5,5,3,5,5,3,5,3,3,2,1,5,1,4.33,4.33,4.33,2.67,2.33,2.50,4.00,4,3,4,4,5,4,3.67,4.33,4.00,0.00,0.00,0.00,0.00,0.00,0.00,20.00
66,I certify that I am 18 years of age or over,"Yes, I agree to take part",26,Other,Non-binary,United Kingdom,Undergraduate degree,2.17,Never,1-10,0,Never,0.00,1,0,0,0,0,1,0,1,5,0.85,4,3,3,5,3,3.60,0,0,0,0,0,0,0,0,0,0,0,5,5,3,5,5,3,5,3,4,1,1,3,4,4.33,4.33,4.33,2.67,2.67,2.67,4.00,5,1,5,3,5,4,3.67,4.00,3.84,0.00,0.00,0.00,0.00,0.00,0.00,20.00
68,I certify that I am 18 years of age or over,"Yes, I agree to take part",28,Female,,United Kingdom,Postgraduate degree,2.17,Never,1-10,0,Never,0.00,0,1,0,0,1,0,0,1,5,1.26,4,3,1,5,4,3.40,0,0,0,0,0,0,0,0,0,0,0,5,4,3,3,4,3,4,3,4,3,3,3,4,3.33,3.67,3.50,3.33,3.33,3.33,4.00,4,4,4,4,4,4,4.00,4.00,4.00,0.00,0.00,0.00,0.00,0.00,0.00,20.00
68,I certify that I am 18 years of age or over,"Yes, I agree to take part",28,Female,,United Kingdom,Postgraduate degree,2.17,Never,1-10,0,Never,0.00,0,0,0,0,0,0,0,0,5,1.26,3,4,4,4,4,3.80,0,0,0,0,0,0,0,0,0,0,0,5,4,3,3,4,3,4,3,3,3,3,3,4,3.33,3.67,3.50,3.00,3.33,3.17,4.00,4,4,4,4,4,4,4.00,4.00,4.00,0.00,0.00,0.00,0.00,0.00,0.00,20.00
70,I certify that I am 18 years of age or over,"Yes, I agree to take part",35,Female,,Spain,Further education,4.17,Yearly,11-20,0,Never,0.00,0,0,0,0,0,1,0,1,5,0.95,2,2,3,4,3,2.80,1,1,0,2,0,4,1,5,0,4,2,5,2,3,4,4,2,4,2,4,4,3,4,4,3.00,3.33,3.17,3.33,3.67,3.50,4.00,4,4,4,4,4,4,4.00,4.00,4.00,0.00,0.00,0.00,0.00,0.00,0.00,14.00
70,I certify that I am 18 years of age or over,"Yes, I agree to take part",35,Female,,Spain,Further education,4.17,Yearly,11-20,0,Never,0.00,0,1,0,1,1,1,1,4,5,0.95,5,4,3,5,4,4.20,0,3,1,2,1,1,0,4,0,3,2,5,5,3,4,4,3,4,1,2,3,2,4,4,4.00,3.67,3.83,2.00,3.33,2.67,4.00,4,4,5,4,5,5,4.33,4.67,4.50,4.00,0.00,0.00,2.00,0.00,6.00,14.00
72,I certify that I am 18 years of age or over,"Yes, I agree to take part",24,Male,,Spain,Undergraduate degree,2.83,Never,11-20,1,More than 1 year ago,75.00,0,1,0,0,1,1,1,3,5,0.20,5,3,2,4,4,3.60,0,4,0,1,1,1,0,3,1,5,2,5,4,3,4,4,3,4,3,3,4,3,3,4,3.67,3.67,3.67,3.33,3.33,3.33,3.00,2,4,2,2,4,2,2.67,2.67,2.67,0.00,0.00,0.00,0.00,0.00,0.00,20.00
72,I certify that I am 18 years of age or over,"Yes, I agree to take part",24,Male,,Spain,Undergraduate degree,2.83,Never,11-20,1,More than 1 year ago,75.00,0,0,0,0,0,1,0,1,5,0.20,3,4,3,2,3,3.00,0,2,1,5,0,3,0,2,0,2,1,5,4,3,4,4,3,4,2,2,2,2,3,3,3.67,3.67,3.67,2.00,2.67,2.33,3.00,2,4,2,2,4,2,2.67,2.67,2.67,0.00,0.00,0.00,0.00,0.00,0.00,20.00
74,I certify that I am 18 years of age or over,"Yes, I agree to take part",29,Female,,United Kingdom,Undergraduate degree,4.33,Never,1-10,0,Never,0.00,1,1,0,0,0,0,0,0,5,0.16,5,3,4,5,2,3.80,0,6,0,4,0,4,0,7,0,0,0,5,5,2,4,2,1,4,4,1,5,4,5,5,3.67,2.33,3.00,3.33,4.67,4.00,4.00,5,5,5,4,5,5,5.00,4.67,4.84,0.00,0.00,0.00,0.00,0.00,0.00,20.00
74,I certify that I am 18 years of age or over,"Yes, I agree to take part",29,Female,,United Kingdom,Undergraduate degree,4.33,Never,1-10,0,Never,0.00,1,0,0,0,0,0,0,0,5,0.16,1,2,1,1,2,1.40,1,1,0,4,1,2,0,4,0,0,2,5,4,5,4,5,5,5,4,4,2,4,5,4,4.33,5.00,4.67,3.33,4.33,3.83,4.00,5,5,4,5,5,5,4.67,5.00,4.84,0.00,0.00,0.00,0.00,0.00,0.00,20.00
76,I certify that I am 18 years of age or over,"Yes, I agree to take part",28,Female,,France,Postgraduate degree,3.50,Yearly,11-20,0,Never,0.00,1,1,0,0,1,0,1,2,5,0.02,4,4,4,5,4,4.20,0,3,0,3,0,3,0,4,0,3,0,5,5,4,4,4,4,4,2,3,4,4,4,4,4.33,4.00,4.17,3.00,4.00,3.50,4.00,2,2,2,2,4,4,2.00,3.33,2.67,2.00,2.00,2.00,2.00,2.00,10.00,0.00
76,I certify that I am 18 years of age or over,"Yes, I agree to take part",28,Female,,France,Postgraduate degree,3.50,Yearly,11-20,0,Never,0.00,1,0,0,0,0,0,0,0,5,0.02,4,3,4,4,4,3.80,0,0,0,0,0,0,0,3,0,0,0,5,4,3,5,3,3,5,2,3,3,3,4,3,4.00,3.67,3.83,2.67,3.33,3.00,4.00,2,2,2,2,4,4,2.00,3.33,2.67,2.00,2.00,2.00,2.00,2.00,10.00,0.00
77,I certify that I am 18 years of age or over,"Yes, I agree to take part",32,Female,,United Kingdom,Undergraduate degree,2.80,Never,1-10,1,Within the last month,9.00,1,1,1,0,1,1,1,4,5,0.83,4,3,4,3,4,3.60,1,1,1,2,1,1,0,3,0,4,3,5,5,3,5,5,3,5,1,1,1,1,1,1,4.33,4.33,4.33,1.00,1.00,1.00,3.00,3,4,2,3,4,2,3.00,3.00,3.00,0.00,0.00,0.00,0.00,0.00,0.00,20.00
77,I certify that I am 18 years of age or over,"Yes, I agree to take part",32,Female,,United Kingdom,Undergraduate degree,2.80,Never,1-10,1,Within the last month,9.00,1,0,0,0,0,0,0,0,5,0.83,2,3,2,3,3,2.60,0,2,0,0,0,0,0,0,0,0,0,5,5,3,5,5,3,5,1,1,1,1,1,2,4.33,4.33,4.33,1.00,1.33,1.17,3.00,3,4,3,3,4,3,3.33,3.33,3.33,0.00,0.00,0.00,0.00,0.00,0.00,20.00
78,I certify that I am 18 years of age or over,"Yes, I agree to take part",31,Female,,United Kingdom,Undergraduate degree,3.33,Never,11-20,0,Never,0.00,1,1,0,0,1,1,0,2,5,0.68,3,4,4,4,4,3.80,0,6,0,7,0,7,0,4,0,6,0,5,5,5,5,5,5,5,4,4,3,4,3,4,5.00,5.00,5.00,3.67,3.67,3.67,4.00,2,2,2,2,2,2,2.00,2.00,2.00,1.00,1.00,1.00,1.00,1.00,5.00,10.00
78,I certify that I am 18 years of age or over,"Yes, I agree to take part",31,Female,,United Kingdom,Undergraduate degree,3.33,Never,11-20,0,Never,0.00,1,0,0,0,0,0,0,0,5,0.68,1,1,3,3,3,2.20,0,3,1,5,0,5,0,6,0,4,1,5,5,5,5,5,4,4,4,3,3,4,4,4,5.00,4.33,4.67,3.33,4.00,3.67,4.00,2,2,2,2,2,2,2.00,2.00,2.00,1.00,1.00,1.00,1.00,1.00,5.00,10.00
79,I certify that I am 18 years of age or over,"Yes, I agree to take part",25,Male,,United States of America,Further education,2.83,Never,21-30,0,Never,0.00,0,0,0,0,0,0,0,0,5,0.55,3,3,4,3,3,3.20,1,1,0,2,0,1,0,1,1,1,2,5,3,4,4,2,4,3,2,2,4,2,3,2,3.67,3.00,3.33,2.67,2.33,2.50,3.00,3,3,3,5,5,5,3.00,5.00,4.00,0.00,0.00,0.00,0.00,0.00,0.00,20.00
79,I certify that I am 18 years of age or over,"Yes, I agree to take part",25,Male,,United States of America,Further education,2.83,Never,21-30,0,Never,0.00,0,1,1,0,1,0,1,3,5,0.55,4,4,3,3,4,3.60,1,1,0,4,0,3,1,5,0,3,2,5,5,2,4,5,2,5,1,1,3,3,5,3,3.67,4.00,3.83,1.67,3.67,2.67,4.00,3,3,3,5,5,5,3.00,5.00,4.00,0.00,0.00,0.00,0.00,0.00,0.00,20.00
81,I certify that I am 18 years of age or over,"Yes, I agree to take part",46,Female,,United States of America,Further education,4.33,Yearly,1-10,0,Never,0.00,0,1,0,0,1,1,1,3,5,1.07,3,5,2,4,4,3.60,0,2,0,1,1,1,0,0,0,2,1,5,3,4,3,3,3,5,4,4,3,4,3,4,3.33,3.67,3.50,3.67,3.67,3.67,5.00,2,2,2,4,4,4,2.00,4.00,3.00,1.00,1.00,1.00,1.00,1.00,5.00,10.00
81,I certify that I am 18 years of age or over,"Yes, I agree to take part",46,Female,,United States of America,Further education,4.33,Yearly,1-10,0,Never,0.00,0,0,0,0,0,1,0,1,5,1.07,4,2,2,4,2,2.80,0,4,0,0,0,0,0,0,0,3,0,5,3,3,3,4,3,4,3,4,4,4,4,4,3.00,3.67,3.33,3.67,4.00,3.83,5.00,2,2,2,4,4,4,2.00,4.00,3.00,1.00,1.00,1.00,1.00,1.00,5.00,10.00
82,I certify that I am 18 years of age or over,"Yes, I agree to take part",30,Male,,United States of America,Further education,3.33,Once every 6 months,21-30,1,Within the last week,21.00,1,1,0,0,1,0,0,1,5,0.12,3,2,4,5,3,3.40,0,0,0,0,0,0,0,4,0,4,0,5,5,3,4,3,3,4,3,3,3,3,2,3,4.00,3.33,3.67,3.00,2.67,2.83,4.00,4,3,4,4,3,4,3.67,3.67,3.67,0.50,0.50,0.50,1.50,0.50,3.50,12.50
82,I certify that I am 18 years of age or over,"Yes, I agree to take part",30,Male,,United States of America,Further education,3.33,Once every 6 months,21-30,1,Within the last week,21.00,1,0,1,1,1,0,1,4,5,0.12,5,4,4,5,5,4.60,0,2,0,2,0,3,0,4,0,0,0,5,5,3,3,5,3,4,3,3,3,3,3,3,3.67,4.00,3.83,3.00,3.00,3.00,4.00,4,2,4,4,3,4,3.33,3.67,3.50,1.50,0.50,0.50,0.50,1.00,4.00,12.50
83,I certify that I am 18 years of age or over,"Yes, I agree to take part",31,Male,,United Kingdom,Undergraduate degree,3.67,Never,21-30,0,Never,0.00,1,1,0,0,1,0,1,2,5,0.97,5,5,5,5,5,5.00,0,3,0,3,0,5,1,5,0,3,1,5,5,5,5,4,5,5,2,2,2,3,3,3,5.00,4.67,4.83,2.00,3.00,2.50,5.00,3,3,1,4,1,2,2.33,2.33,2.33,0.00,0.00,0.00,0.00,0.00,0.00,20.00
83,I certify that I am 18 years of age or over,"Yes, I agree to take part",31,Male,,United Kingdom,Undergraduate degree,3.67,Never,21-30,0,Never,0.00,1,0,0,0,0,1,0,1,5,0.97,4,4,4,4,4,4.00,0,2,0,3,1,2,0,1,1,1,2,5,5,4,5,5,3,5,1,1,2,2,4,3,4.67,4.33,4.50,1.33,3.00,2.17,5.00,2,3,2,4,2,2,2.33,2.67,2.50,0.00,0.00,0.00,0.00,0.00,0.00,20.00
84,I certify that I am 18 years of age or over,"Yes, I agree to take part",25,Female,,United Kingdom,Postgraduate degree,4.17,Yearly,1-10,0,Never,0.00,0,1,0,1,1,1,0,3,5,0.38,3,4,3,4,3,3.40,0,0,0,4,0,0,0,3,0,3,0,5,3,3,4,4,3,4,4,4,4,4,4,4,3.33,3.67,3.50,4.00,4.00,4.00,4.00,2,2,2,3,4,4,2.00,3.67,2.84,1.40,1.40,1.40,1.40,1.40,7.00,6.00
84,I certify that I am 18 years of age or over,"Yes, I agree to take part",25,Female,,United Kingdom,Postgraduate degree,4.17,Yearly,1-10,0,Never,0.00,0,0,0,0,0,0,0,0,5,0.38,4,3,3,3,3,3.20,0,3,0,3,0,0,0,0,0,0,0,5,3,3,4,4,3,4,4,3,4,4,4,5,3.33,3.67,3.50,3.67,4.33,4.00,4.00,2,2,2,3,4,3,2.00,3.33,2.67,1.40,1.40,1.40,1.40,1.40,7.00,6.00
85,I certify that I am 18 years of age or over,"Yes, I agree to take part",30,Male,,Poland,Postgraduate degree,4.67,Yearly,11-20,0,Never,0.00,0,1,0,0,1,0,0,1,5,0.87,4,4,3,4,4,3.80,0,3,0,3,1,1,0,3,1,5,2,5,4,3,4,5,4,4,2,2,2,3,3,3,3.67,4.33,4.00,2.00,3.00,2.50,4.00,2,3,3,2,5,4,2.67,3.67,3.17,1.50,1.50,1.50,1.50,1.50,7.50,5.00
85,I certify that I am 18 years of age or over,"Yes, I agree to take part",30,Male,,Poland,Postgraduate degree,4.67,Yearly,11-20,0,Never,0.00,0,0,0,0,0,1,0,1,5,0.87,3,2,4,4,3,3.20,1,1,0,2,0,5,0,2,0,5,1,5,4,2,2,4,3,2,2,3,2,3,3,3,2.67,3.00,2.83,2.33,3.00,2.67,4.00,2,1,3,2,5,4,2.00,3.67,2.84,1.50,1.50,1.50,1.50,1.50,7.50,5.00
86,I certify that I am 18 years of age or over,"Yes, I agree to take part",30,Female,,Portugal,Secondary school,3.83,Never,11-20,0,Never,0.00,1,0,1,0,0,0,0,1,5,1.58,2,3,2,3,3,2.60,1,1,0,1,0,0,0,1,0,0,1,5,4,3,4,4,3,4,2,2,2,4,3,4,3.67,3.67,3.67,2.00,3.67,2.83,3.00,3,3,3,3,3,3,3.00,3.00,3.00,1.00,1.00,1.00,1.00,1.00,5.00,10.00
86,I certify that I am 18 years of age or over,"Yes, I agree to take part",30,Female,,Portugal,Secondary school,3.83,Never,11-20,0,Never,0.00,1,1,0,0,0,1,0,1,5,1.58,3,4,4,4,3,3.60,0,7,0,7,0,3,0,3,1,5,1,5,4,3,4,4,4,4,3,3,4,3,3,4,3.67,4.00,3.83,3.33,3.33,3.33,4.00,3,3,3,3,3,3,3.00,3.00,3.00,1.00,1.00,1.00,1.00,1.00,5.00,10.00
88,I certify that I am 18 years of age or over,"Yes, I agree to take part",26,Male,,United States of America,Undergraduate degree,3.83,Yearly,21-30,0,Never,0.00,1,0,0,0,0,1,0,1,5,-0.65,2,3,3,2,3,2.60,0,3,0,4,0,4,0,4,0,3,0,5,5,4,4,4,2,4,1,1,5,1,5,2,4.33,3.33,3.83,2.33,2.67,2.50,3.00,3,4,3,4,4,2,3.33,3.33,3.33,0.00,0.00,0.00,0.00,0.00,0.00,20.00
88,I certify that I am 18 years of age or over,"Yes, I agree to take part",26,Male,,United States of America,Undergraduate degree,3.83,Yearly,21-30,0,Never,0.00,1,1,1,0,1,1,1,4,5,-0.65,4,3,1,4,2,2.80,0,2,0,5,1,1,1,5,0,4,2,5,4,5,4,3,3,4,1,1,2,1,1,2,4.33,3.33,3.83,1.33,1.33,1.33,4.00,3,4,4,3,4,4,3.67,3.67,3.67,0.00,0.00,0.00,0.00,0.00,0.00,20.00
90,I certify that I am 18 years of age or over,"Yes, I agree to take part",24,Other,Non-binary,France,Further education,3.83,Monthly,31+,0,Never,0.00,0,1,0,0,1,0,1,2,5,-0.02,3,4,3,3,3,3.20,0,3,0,3,0,5,0,3,0,3,0,5,4,3,5,4,4,4,3,3,4,3,4,4,4.00,4.00,4.00,3.33,3.67,3.50,5.00,2,3,1,2,3,2,2.00,2.33,2.17,1.10,1.10,1.10,1.10,1.10,5.50,9.00
90,I certify that I am 18 years of age or over,"Yes, I agree to take part",24,Other,Non-binary,France,Further education,3.83,Monthly,31+,0,Never,0.00,0,0,0,0,0,0,0,0,5,-0.02,3,3,2,2,3,2.60,1,1,0,2,0,4,0,3,0,4,1,5,4,3,4,4,3,4,3,3,3,3,4,4,3.67,3.67,3.67,3.00,3.67,3.33,5.00,2,3,1,2,3,1,2.00,2.00,2.00,1.10,1.10,1.10,1.10,1.10,5.50,9.00
91,I certify that I am 18 years of age or over,"Yes, I agree to take part",33,Male,,Poland,Undergraduate degree,3.17,Never,11-20,1,More than 1 year ago,40.00,0,1,0,0,1,0,0,1,5,0.80,2,3,2,5,3,3.00,0,2,1,2,1,1,1,5,0,4,3,5,5,5,5,5,5,5,3,2,4,3,5,4,5.00,5.00,5.00,3.00,4.00,3.50,4.00,1,1,1,1,5,1,1.00,2.33,1.67,0.00,0.00,0.00,0.00,0.00,0.00,20.00
91,I certify that I am 18 years of age or over,"Yes, I agree to take part",33,Male,,Poland,Undergraduate degree,3.17,Never,11-20,1,More than 1 year ago,40.00,0,0,0,0,0,0,0,0,5,0.80,1,1,1,4,1,1.60,0,2,0,1,0,4,0,2,1,1,1,5,5,5,5,5,5,5,3,2,3,3,5,3,5.00,5.00,5.00,2.67,3.67,3.17,4.00,1,1,1,1,5,1,1.00,2.33,1.67,0.00,0.00,0.00,0.00,0.00,0.00,20.00
92,I certify that I am 18 years of age or over,"Yes, I agree to take part",43,Female,,Canada,Postgraduate degree,4.00,Yearly,11-20,0,Never,0.00,0,1,0,0,1,1,0,2,5,0.53,4,4,4,4,3,3.80,0,2,0,1,1,1,0,1,0,2,1,5,5,5,5,5,5,5,4,4,5,4,5,5,5.00,5.00,5.00,4.33,4.67,4.50,4.00,2,2,1,2,2,1,1.67,1.67,1.67,2.00,2.00,2.00,2.00,2.00,10.00,0.00
92,I certify that I am 18 years of age or over,"Yes, I agree to take part",43,Female,,Canada,Postgraduate degree,4.00,Yearly,11-20,0,Never,0.00,0,0,0,0,0,1,0,1,5,0.53,1,2,2,2,2,1.80,1,1,0,2,0,3,0,1,0,3,1,5,5,5,5,4,5,5,4,4,4,4,4,5,5.00,4.67,4.83,4.00,4.33,4.17,4.00,2,2,1,2,1,2,1.67,1.67,1.67,2.00,2.00,2.00,2.00,2.00,10.00,0.00
94,I certify that I am 18 years of age or over,"Yes, I agree to take part",41,Female,,United Kingdom,Secondary school,4.83,Once every 6 months,21-30,0,Never,0.00,1,1,1,0,1,1,0,3,5,0.16,5,4,4,4,4,4.20,0,5,0,3,0,2,0,3,0,3,0,5,5,4,4,3,4,4,3,3,4,4,4,5,4.33,3.67,4.00,3.33,4.33,3.83,4.00,3,3,2,3,4,3,2.67,3.33,3.00,1.00,1.00,1.00,1.00,1.00,5.00,10.00
94,I certify that I am 18 years of age or over,"Yes, I agree to take part",41,Female,,United Kingdom,Secondary school,4.83,Once every 6 months,21-30,0,Never,0.00,1,0,0,0,0,0,0,0,5,0.16,1,2,2,3,3,2.20,1,1,0,3,0,5,0,4,0,4,1,5,4,3,4,4,3,4,3,4,4,4,4,4,3.67,3.67,3.67,3.67,4.00,3.83,4.00,3,4,2,3,4,4,3.00,3.67,3.34,1.00,1.00,1.00,1.00,1.00,5.00,10.00
95,I certify that I am 18 years of age or over,"Yes, I agree to take part",25,Male,,Poland,Further education,3.83,Yearly,1-10,0,Never,0.00,0,0,0,1,0,1,0,2,5,0.84,4,4,2,4,4,3.60,0,6,0,3,0,4,0,2,0,4,0,5,4,4,5,4,4,4,3,2,3,2,3,3,4.33,4.00,4.17,2.67,2.67,2.67,4.00,2,3,3,4,4,2,2.67,3.33,3.00,3.50,0.00,1.50,0.00,2.00,7.00,7.00
95,I certify that I am 18 years of age or over,"Yes, I agree to take part",25,Male,,Poland,Further education,3.83,Yearly,1-10,0,Never,0.00,0,1,1,0,1,1,0,3,5,0.84,2,3,3,4,2,2.80,0,3,0,4,0,2,0,4,0,2,0,5,5,4,4,4,4,4,2,3,4,3,3,3,4.33,4.00,4.17,3.00,3.00,3.00,5.00,3,2,2,3,4,2,2.33,3.00,2.67,1.50,0.00,0.00,1.50,3.00,6.00,7.00
96,I certify that I am 18 years of age or over,"Yes, I agree to take part",24,Male,,Italy,Secondary school,4.33,Never,11-20,0,Never,0.00,1,1,1,0,1,1,1,4,5,0.06,2,4,5,2,5,3.60,0,0,0,1,1,1,0,4,0,3,1,5,5,4,4,5,3,5,3,3,4,3,5,4,4.33,4.33,4.33,3.33,4.00,3.67,4.00,2,2,2,2,2,2,2.00,2.00,2.00,1.50,1.50,1.50,1.50,1.50,7.50,5.00
96,I certify that I am 18 years of age or over,"Yes, I agree to take part",24,Male,,Italy,Secondary school,4.33,Never,11-20,0,Never,0.00,1,0,1,0,0,1,0,2,5,0.06,5,1,2,5,5,3.60,0,2,0,3,0,3,0,0,1,1,1,5,5,2,4,5,3,4,3,3,4,3,5,5,3.67,4.00,3.83,3.33,4.33,3.83,4.00,2,2,2,2,2,2,2.00,2.00,2.00,1.50,1.50,1.50,1.50,1.50,7.50,5.00
97,I certify that I am 18 years of age or over,"Yes, I agree to take part",27,Female,,United Kingdom,Postgraduate degree,3.33,Yearly,11-20,1,Within the last month,50.00,1,0,0,0,0,0,0,0,5,0.75,2,3,4,3,3,3.00,1,1,1,5,0,4,0,3,0,4,2,5,5,4,4,4,4,5,4,4,4,4,4,5,4.33,4.33,4.33,4.00,4.33,4.17,4.00,2,1,2,2,2,3,1.67,2.33,2.00,1.00,1.00,1.00,1.00,1.00,5.00,10.00
97,I certify that I am 18 years of age or over,"Yes, I agree to take part",27,Female,,United Kingdom,Postgraduate degree,3.33,Yearly,11-20,1,Within the last month,50.00,1,1,1,0,1,1,1,4,5,0.75,4,4,3,5,4,4.00,0,3,0,3,0,5,1,5,0,4,1,5,4,5,5,5,4,5,4,4,5,4,4,4,4.67,4.67,4.67,4.33,4.00,4.17,5.00,2,1,2,2,2,2,1.67,2.00,1.84,1.00,1.00,1.00,1.00,1.00,5.00,10.00
98,I certify that I am 18 years of age or over,"Yes, I agree to take part",22,Female,,Portugal,Undergraduate degree,3.67,Never,1-10,0,Never,0.00,0,1,0,0,1,0,0,1,5,0.65,5,5,4,5,3,4.40,0,5,0,3,0,3,1,5,1,5,2,5,5,4,5,5,3,5,2,2,5,4,5,4,4.67,4.33,4.50,3.00,4.33,3.67,4.00,1,5,1,1,5,2,2.33,2.67,2.50,1.25,1.25,1.25,1.25,1.25,6.25,7.50
98,I certify that I am 18 years of age or over,"Yes, I agree to take part",22,Female,,Portugal,Undergraduate degree,3.67,Never,1-10,0,Never,0.00,0,0,0,0,0,0,0,0,5,0.65,2,3,3,4,4,3.20,0,2,0,2,0,5,0,4,0,4,0,5,5,4,5,5,4,5,2,3,4,3,5,5,4.67,4.67,4.67,3.00,4.33,3.67,4.00,2,5,1,1,5,2,2.67,2.67,2.67,1.25,1.25,1.25,1.25,1.25,6.25,7.50
99,I certify that I am 18 years of age or over,"Yes, I agree to take part",31,Female,,United States of America,Further education,3.17,Never,11-20,0,Never,0.00,1,0,0,0,0,0,0,0,5,-0.43,1,2,3,2,2,2.00,0,0,0,0,0,3,0,1,0,3,0,5,5,3,5,4,3,5,1,2,2,2,1,1,4.33,4.00,4.17,1.67,1.33,1.50,4.00,1,4,2,3,3,3,2.33,3.00,2.67,1.00,2.00,2.00,2.00,2.00,9.00,0.00
99,I certify that I am 18 years of age or over,"Yes, I agree to take part",31,Female,,United States of America,Further education,3.17,Never,11-20,0,Never,0.00,1,1,0,0,1,0,0,1,5,-0.43,4,3,5,5,4,4.20,0,6,0,1,0,4,0,1,0,2,0,5,5,3,5,5,2,5,1,4,2,2,1,2,4.33,4.00,4.17,2.33,1.67,2.00,4.00,1,4,2,2,4,2,2.33,2.67,2.50,2.00,2.00,3.00,2.00,2.00,11.00,0.00
100,I certify that I am 18 years of age or over,"Yes, I agree to take part",37,Female,,United Kingdom,Secondary school,5.00,Monthly,21-30,0,Never,0.00,1,1,1,0,1,1,1,4,5,0.62,5,5,5,5,5,5.00,0,7,0,6,0,5,0,4,0,6,0,5,5,5,5,5,5,5,4,5,5,5,5,5,5.00,5.00,5.00,4.67,5.00,4.83,5.00,1,4,1,3,5,3,2.00,3.67,2.84,0.00,0.00,0.00,0.00,0.00,0.00,20.00
100,I certify that I am 18 years of age or over,"Yes, I agree to take part",37,Female,,United Kingdom,Secondary school,5.00,Monthly,21-30,0,Never,0.00,1,0,0,0,1,1,0,2,5,0.62,5,5,5,5,5,5.00,0,5,0,6,0,5,1,5,0,5,1,5,5,5,5,5,5,5,4,5,5,5,5,5,5.00,5.00,5.00,4.67,5.00,4.83,5.00,1,4,1,3,4,1,2.00,2.67,2.34,0.00,0.00,0.00,0.00,0.00,0.00,20.00
101,I certify that I am 18 years of age or over,"Yes, I agree to take part",29,Female,,Australia,Undergraduate degree,2.67,Never,21-30,0,Never,0.00,0,1,0,0,1,0,0,1,5,-0.40,3,4,5,4,3,3.80,1,1,0,3,1,1,0,1,0,1,2,5,4,4,5,5,5,5,2,3,4,3,4,5,4.33,5.00,4.67,3.00,4.00,3.50,4.00,2,4,3,2,4,4,3.00,3.33,3.17,0.00,0.00,0.00,0.00,0.00,0.00,20.00
101,I certify that I am 18 years of age or over,"Yes, I agree to take part",29,Female,,Australia,Undergraduate degree,2.67,Never,21-30,0,Never,0.00,0,0,0,0,0,0,0,0,5,-0.40,5,4,4,3,4,4.00,0,2,0,0,0,0,0,2,0,0,0,5,4,4,5,5,4,5,4,3,4,4,4,4,4.33,4.67,4.50,3.67,4.00,3.83,4.00,2,4,3,2,4,3,3.00,3.00,3.00,0.00,0.00,0.00,0.00,0.00,0.00,20.00
103,I certify that I am 18 years of age or over,"Yes, I agree to take part",35,Female,,Italy,Undergraduate degree,4.67,Yearly,1-10,0,Never,0.00,0,1,0,0,1,1,1,3,5,0.35,3,3,5,5,5,4.20,0,7,0,0,0,3,0,3,0,3,0,5,5,5,5,4,5,5,2,2,2,4,5,5,5.00,4.67,4.83,2.00,4.67,3.33,4.00,2,2,2,3,4,4,2.00,3.67,2.84,0.00,0.00,2.00,4.00,4.00,10.00,0.00
103,I certify that I am 18 years of age or over,"Yes, I agree to take part",35,Female,,Italy,Undergraduate degree,4.67,Yearly,1-10,0,Never,0.00,0,0,0,0,1,0,0,1,5,0.35,5,5,4,4,4,4.40,0,5,0,6,0,3,0,4,0,6,0,5,5,5,5,5,5,5,2,2,3,4,5,5,5.00,5.00,5.00,2.33,4.67,3.50,5.00,3,2,2,2,4,4,2.33,3.33,2.83,2.00,2.00,4.00,2.00,0.00,10.00,0.00
104,I certify that I am 18 years of age or over,"Yes, I agree to take part",27,Female,,Italy,Undergraduate degree,4.83,Yearly,11-20,0,Never,0.00,0,1,0,0,1,1,0,2,5,1.17,4,4,3,5,4,4.00,0,4,0,3,0,2,0,2,0,4,0,5,5,4,5,5,5,5,3,1,3,2,5,4,4.67,5.00,4.83,2.33,3.67,3.00,3.00,2,2,2,2,3,3,2.00,2.67,2.34,1.50,1.50,1.50,1.50,1.50,7.50,5.00
104,I certify that I am 18 years of age or over,"Yes, I agree to take part",27,Female,,Italy,Undergraduate degree,4.83,Yearly,11-20,0,Never,0.00,0,0,0,0,0,1,0,1,5,1.17,3,3,3,3,3,3.00,0,0,0,3,0,0,0,3,0,3,0,5,5,4,5,5,5,5,2,1,4,2,5,4,4.67,5.00,4.83,2.33,3.67,3.00,3.00,2,2,2,2,3,3,2.00,2.67,2.34,1.50,1.50,1.50,1.50,1.50,7.50,5.00
107,I certify that I am 18 years of age or over,"Yes, I agree to take part",30,Female,,United Kingdom,Postgraduate degree,3.83,Never,1-10,0,Never,0.00,1,0,0,0,0,0,0,0,5,0.96,4,3,3,4,4,3.60,0,2,1,5,0,4,0,3,0,4,1,5,5,4,4,4,4,4,3,3,3,3,4,3,4.33,4.00,4.17,3.00,3.33,3.17,3.00,2,2,2,3,3,3,2.00,3.00,2.50,0.00,0.00,0.00,0.00,0.00,0.00,18.00
107,I certify that I am 18 years of age or over,"Yes, I agree to take part",30,Female,,United Kingdom,Postgraduate degree,3.83,Never,1-10,0,Never,0.00,1,1,0,1,0,0,1,2,5,0.96,4,5,4,5,5,4.60,0,3,0,1,0,3,0,2,1,5,1,5,5,4,4,5,4,5,4,4,4,3,4,4,4.33,4.67,4.50,4.00,3.67,3.83,4.00,2,2,2,3,2,3,2.00,2.67,2.34,0.00,0.00,0.00,1.00,1.00,2.00,18.00
108,I certify that I am 18 years of age or over,"Yes, I agree to take part",23,Male,,Poland,Further education,2.33,Yearly,21-30,1,More than 1 year ago,20.00,1,1,0,0,0,0,0,0,5,0.26,4,4,2,4,5,3.80,0,3,0,4,0,4,0,4,0,3,0,5,5,3,4,5,3,4,4,4,4,4,4,4,4.00,4.00,4.00,4.00,4.00,4.00,3.00,2,2,2,3,3,3,2.00,3.00,2.50,0.00,0.00,0.00,0.00,0.00,0.00,20.00
108,I certify that I am 18 years of age or over,"Yes, I agree to take part",23,Male,,Poland,Further education,2.33,Yearly,21-30,1,More than 1 year ago,20.00,1,0,0,0,0,0,0,0,5,0.26,4,4,4,4,4,4.00,0,3,0,4,0,4,0,4,0,3,0,5,5,3,4,5,3,4,2,2,4,3,4,4,4.00,4.00,4.00,2.67,3.67,3.17,3.00,2,2,2,2,3,3,2.00,2.67,2.34,0.00,0.00,0.00,0.00,0.00,0.00,20.00
109,I certify that I am 18 years of age or over,"Yes, I agree to take part",41,Male,,United Kingdom,Further education,2.67,Never,31+,1,Within the last 6 months,10.00,0,1,1,0,1,1,1,4,5,-0.63,2,4,3,4,2,3.00,0,2,0,4,1,1,0,3,0,6,1,5,3,3,2,2,1,3,2,2,2,3,5,2,2.67,2.00,2.33,2.00,3.33,2.67,2.00,2,4,3,3,3,2,3.00,2.67,2.84,0.00,0.00,0.00,0.00,0.00,0.00,20.00
109,I certify that I am 18 years of age or over,"Yes, I agree to take part",41,Male,,United Kingdom,Further education,2.67,Never,31+,1,Within the last 6 months,10.00,0,0,1,0,0,1,0,2,5,-0.63,3,2,4,4,3,3.20,0,6,0,2,0,5,0,3,0,4,0,5,4,2,3,4,3,3,3,2,3,4,2,3,3.00,3.33,3.17,2.67,3.00,2.83,3.00,4,4,2,3,2,2,3.33,2.33,2.83,0.00,0.00,0.00,0.00,0.00,0.00,20.00
110,I certify that I am 18 years of age or over,"Yes, I agree to take part",43,Female,,United Kingdom,Further education,2.83,Never,11-20,0,Never,0.00,1,1,0,0,1,0,0,1,5,0.67,4,4,4,4,2,3.60,1,1,0,3,0,4,0,4,1,5,2,5,5,4,5,5,4,5,2,2,2,4,5,4,4.67,4.67,4.67,2.00,4.33,3.17,4.00,2,4,2,2,4,2,2.67,2.67,2.67,0.00,0.00,0.00,0.00,0.00,0.00,20.00
110,I certify that I am 18 years of age or over,"Yes, I agree to take part",43,Female,,United Kingdom,Further education,2.83,Never,11-20,0,Never,0.00,1,0,0,0,0,0,0,0,5,0.67,2,1,2,2,2,1.80,1,1,0,4,0,4,0,1,1,1,2,5,5,4,5,5,4,5,2,3,4,4,4,4,4.67,4.67,4.67,3.00,4.00,3.50,4.00,2,4,2,2,4,2,2.67,2.67,2.67,0.00,0.00,0.00,0.00,0.00,0.00,20.00
111,I certify that I am 18 years of age or over,"Yes, I agree to take part",32,Male,,Portugal,Postgraduate degree,4.33,Yearly,1-10,0,Never,0.00,0,1,0,0,1,0,1,2,5,0.72,3,4,2,5,4,3.60,0,7,0,6,0,2,1,5,1,5,2,5,5,4,4,5,4,4,4,2,4,4,3,2,4.33,4.33,4.33,3.33,3.00,3.17,4.00,4,2,2,4,3,3,2.67,3.33,3.00,1.00,1.00,1.00,1.00,1.00,5.00,10.00
111,I certify that I am 18 years of age or over,"Yes, I agree to take part",32,Male,,Portugal,Postgraduate degree,4.33,Yearly,1-10,0,Never,0.00,0,0,0,0,0,1,0,1,5,0.72,3,2,4,5,4,3.60,0,0,0,3,0,4,0,1,0,0,0,5,4,3,4,5,5,4,2,3,4,3,3,3,3.67,4.67,4.17,3.00,3.00,3.00,4.00,2,2,4,2,2,3,2.67,2.33,2.50,1.00,1.00,1.00,1.00,1.00,5.00,10.00
112,I certify that I am 18 years of age or over,"Yes, I agree to take part",29,Male,,Portugal,Undergraduate degree,3.17,Never,11-20,0,Never,0.00,1,1,0,0,1,1,1,3,5,0.83,4,5,4,5,2,4.00,1,1,0,1,0,2,0,3,0,2,1,5,4,1,4,4,2,4,2,2,4,2,2,2,3.00,3.33,3.17,2.67,2.00,2.33,3.00,2,1,2,4,1,4,1.67,3.00,2.34,1.25,1.20,0.90,1.60,0.70,5.65,11.45
112,I certify that I am 18 years of age or over,"Yes, I agree to take part",29,Male,,Portugal,Undergraduate degree,3.17,Never,11-20,0,Never,0.00,1,0,0,0,0,1,0,1,5,0.83,2,1,4,4,2,2.60,0,3,0,2,0,5,1,5,0,4,1,5,4,2,4,4,3,4,1,1,2,2,3,3,3.33,3.67,3.50,1.33,2.67,2.00,4.00,4,2,4,4,2,4,3.33,3.33,3.33,0.50,0.40,0.60,0.80,0.60,2.90,11.45
113,I certify that I am 18 years of age or over,"Yes, I agree to take part",35,Other,Non-binary,United States of America,Further education,2.83,Never,11-20,1,More than 1 year ago,6.00,1,0,0,0,0,0,0,0,5,1.05,3,2,4,4,3,3.20,0,0,0,0,0,0,0,0,0,0,0,5,4,3,4,4,4,4,3,4,3,3,3,4,3.67,4.00,3.83,3.33,3.33,3.33,4.00,3,4,3,3,4,3,3.33,3.33,3.33,0.00,0.00,1.00,1.00,0.00,2.00,15.00
113,I certify that I am 18 years of age or over,"Yes, I agree to take part",35,Other,Non-binary,United States of America,Further education,2.83,Never,11-20,1,More than 1 year ago,6.00,1,1,0,0,1,0,1,2,5,1.05,3,3,4,4,4,3.60,0,0,0,0,1,1,0,1,0,3,1,5,4,3,4,4,4,4,3,4,3,3,3,4,3.67,4.00,3.83,3.33,3.33,3.33,4.00,3,4,3,3,4,3,3.33,3.33,3.33,0.00,0.00,1.00,1.00,1.00,3.00,15.00
114,I certify that I am 18 years of age or over,"Yes, I agree to take part",34,Female,,Poland,Postgraduate degree,3.00,Yearly,11-20,0,Never,0.00,1,0,0,0,0,0,0,0,5,0.81,3,4,3,3,4,3.40,0,0,0,0,0,0,0,0,0,0,0,5,4,4,4,3,4,4,3,3,3,3,3,3,4.00,3.67,3.83,3.00,3.00,3.00,4.00,3,3,3,3,3,3,3.00,3.00,3.00,0.00,0.00,0.00,0.00,0.00,0.00,0.00
114,I certify that I am 18 years of age or over,"Yes, I agree to take part",34,Female,,Poland,Postgraduate degree,3.00,Yearly,11-20,0,Never,0.00,1,1,0,0,1,0,0,1,5,0.81,3,4,5,5,3,4.00,0,0,0,0,0,0,0,0,0,0,0,5,4,4,4,4,4,4,3,3,3,3,3,3,4.00,4.00,4.00,3.00,3.00,3.00,4.00,3,3,3,3,3,3,3.00,3.00,3.00,2.00,2.00,7.00,7.00,2.00,20.00,0.00
116,I certify that I am 18 years of age or over,"Yes, I agree to take part",26,Other,Non-binary,United Kingdom,Undergraduate degree,3.83,Once every 6 months,11-20,0,Never,0.00,0,1,0,1,1,0,1,3,5,1.00,4,3,3,3,4,3.40,0,0,0,1,0,3,0,3,1,5,1,5,5,5,5,5,5,5,3,4,5,4,5,4,5.00,5.00,5.00,4.00,4.33,4.17,4.00,2,2,2,3,3,3,2.00,3.00,2.50,3.00,0.50,0.50,0.50,5.00,9.50,1.00
116,I certify that I am 18 years of age or over,"Yes, I agree to take part",26,Other,Non-binary,United Kingdom,Undergraduate degree,3.83,Once every 6 months,11-20,0,Never,0.00,0,0,0,0,1,0,0,1,5,1.00,4,4,5,4,3,4.00,1,1,0,4,0,3,0,0,0,3,1,5,5,5,5,5,5,5,4,4,5,4,5,5,5.00,5.00,5.00,4.33,4.67,4.50,5.00,2,2,2,3,3,3,2.00,3.00,2.50,0.50,4.00,4.00,0.50,0.50,9.50,1.00
118,I certify that I am 18 years of age or over,"Yes, I agree to take part",29,Female,,United Kingdom,Further education,2.00,Never,11-20,0,Never,0.00,0,1,0,0,1,0,0,1,5,0.48,4,3,4,4,3,3.60,0,0,0,4,0,4,0,4,0,2,0,5,4,3,4,4,4,4,1,1,1,2,2,2,3.67,4.00,3.83,1.00,2.00,1.50,3.00,2,3,3,3,5,4,2.67,4.00,3.34,0.00,0.00,0.00,0.00,0.00,0.00,20.00
118,I certify that I am 18 years of age or over,"Yes, I agree to take part",29,Female,,United Kingdom,Further education,2.00,Never,11-20,0,Never,0.00,0,0,0,0,0,0,0,0,5,0.48,2,3,3,3,3,2.80,0,3,0,3,0,0,0,4,0,4,0,5,5,3,5,4,3,5,1,2,2,2,2,2,4.33,4.00,4.17,1.67,2.00,1.83,3.00,3,4,3,3,4,4,3.33,3.67,3.50,0.00,0.00,0.00,0.00,0.00,0.00,20.00
119,I certify that I am 18 years of age or over,"Yes, I agree to take part",28,Female,,Italy,Postgraduate degree,3.67,Yearly,11-20,0,Never,0.00,1,0,0,0,0,0,0,0,5,0.73,3,4,4,4,4,3.80,1,1,0,2,0,4,0,2,0,3,1,5,4,3,4,4,2,5,2,3,3,3,4,4,3.67,3.67,3.67,2.67,3.67,3.17,3.00,2,2,3,2,4,2,2.33,2.67,2.50,1.50,1.00,1.50,1.00,1.50,6.50,3.00
119,I certify that I am 18 years of age or over,"Yes, I agree to take part",28,Female,,Italy,Postgraduate degree,3.67,Yearly,11-20,0,Never,0.00,1,1,0,0,1,1,0,2,5,0.73,3,4,4,5,5,4.20,0,3,1,2,0,2,0,2,1,5,2,5,4,3,4,5,4,4,2,3,3,3,4,4,3.67,4.33,4.00,2.67,3.67,3.17,3.00,2,3,2,2,4,2,2.33,2.67,2.50,2.00,1.00,1.00,1.50,5.00,10.50,3.00
120,I certify that I am 18 years of age or over,"Yes, I agree to take part",36,Male,,United Kingdom,Further education,4.33,Never,1-10,0,Never,0.00,0,1,1,0,0,0,1,2,5,0.65,4,4,3,4,4,3.80,0,2,1,2,1,1,0,3,0,4,2,5,4,4,4,4,4,4,3,4,3,4,3,4,4.00,4.00,4.00,3.33,3.67,3.50,4.00,2,2,2,2,3,2,2.00,2.33,2.17,1.00,1.00,1.00,1.00,1.00,5.00,10.00
120,I certify that I am 18 years of age or over,"Yes, I agree to take part",36,Male,,United Kingdom,Further education,4.33,Never,1-10,0,Never,0.00,0,0,0,0,0,1,0,1,5,0.65,2,2,3,3,3,2.60,0,3,0,1,1,2,0,4,0,2,1,5,4,4,4,4,3,4,3,4,4,3,3,4,4.00,3.67,3.83,3.67,3.33,3.50,4.00,2,3,2,2,3,3,2.33,2.67,2.50,1.00,1.00,1.00,1.00,1.00,5.00,10.00
121,I certify that I am 18 years of age or over,"Yes, I agree to take part",33,Female,,United Kingdom,Further education,4.67,Monthly,1-10,0,Never,0.00,1,0,0,0,0,0,0,0,5,1.10,4,3,4,4,4,3.80,0,3,0,3,0,3,0,2,0,2,0,5,5,2,5,5,2,5,4,4,5,4,5,4,4.00,4.00,4.00,4.33,4.33,4.33,5.00,2,4,2,3,4,4,2.67,3.67,3.17,0.35,0.35,0.35,0.35,0.35,1.75,10.00
121,I certify that I am 18 years of age or over,"Yes, I agree to take part",33,Female,,United Kingdom,Further education,4.67,Monthly,1-10,0,Never,0.00,1,1,1,0,1,1,1,4,5,1.10,4,4,4,5,5,4.40,1,1,0,3,1,1,0,2,1,5,3,5,5,2,5,5,3,5,4,4,4,4,4,4,4.00,4.33,4.17,4.00,4.00,4.00,5.00,2,4,2,3,4,3,2.67,3.33,3.00,1.00,1.00,1.00,2.75,2.50,8.25,10.00
122,I certify that I am 18 years of age or over,"Yes, I agree to take part",31,Female,,Italy,Postgraduate degree,4.17,Yearly,11-20,0,Never,0.00,0,1,0,0,1,1,1,3,5,1.12,3,5,2,4,3,3.40,0,3,0,4,1,1,0,3,0,4,1,5,5,5,5,3,3,3,3,2,2,3,3,4,5.00,3.00,4.00,2.33,3.33,2.83,4.00,4,5,4,3,3,3,4.33,3.00,3.67,0.00,0.00,0.00,0.00,0.00,0.00,20.00
122,I certify that I am 18 years of age or over,"Yes, I agree to take part",31,Female,,Italy,Postgraduate degree,4.17,Yearly,11-20,0,Never,0.00,0,0,0,0,0,1,0,1,5,1.12,2,4,2,1,2,2.20,0,2,1,5,0,5,0,4,0,4,1,5,5,5,5,5,5,5,3,3,3,4,3,4,5.00,5.00,5.00,3.00,3.67,3.33,5.00,4,5,4,4,4,5,4.33,4.33,4.33,0.00,0.00,0.00,0.00,0.00,0.00,20.00
123,I certify that I am 18 years of age or over,"Yes, I agree to take part",50,Male,,United Kingdom,Secondary school,4.83,Monthly,11-20,0,Never,0.00,0,0,0,0,0,0,0,0,5,0.48,2,1,2,4,2,2.20,1,1,1,5,0,4,0,0,0,0,2,5,5,5,5,5,2,5,4,4,3,4,4,4,5.00,4.00,4.50,3.67,4.00,3.83,4.00,4,4,3,4,4,3,3.67,3.67,3.67,0.00,0.00,0.00,1.00,0.00,1.00,15.00
123,I certify that I am 18 years of age or over,"Yes, I agree to take part",50,Male,,United Kingdom,Secondary school,4.83,Monthly,11-20,0,Never,0.00,0,1,1,0,1,1,0,3,5,0.48,5,3,1,5,4,3.60,0,0,0,4,0,0,1,5,0,1,1,5,5,4,5,1,4,5,4,4,4,4,5,5,4.67,3.33,4.00,4.00,4.67,4.33,5.00,4,4,4,4,4,4,4.00,4.00,4.00,1.00,1.00,0.00,1.00,1.00,4.00,15.00
125,I certify that I am 18 years of age or over,"Yes, I agree to take part",28,Other,Non-binary,Spain,Further education,4.17,Never,1-10,0,Never,0.00,0,1,1,0,1,0,1,3,5,0.83,5,5,4,5,5,4.80,0,4,0,4,0,2,0,3,0,4,0,5,5,5,5,5,5,5,3,3,3,4,4,4,5.00,5.00,5.00,3.00,4.00,3.50,4.00,4,4,3,2,4,3,3.67,3.00,3.34,2.00,2.00,2.00,2.00,2.00,10.00,0.00
125,I certify that I am 18 years of age or over,"Yes, I agree to take part",28,Other,Non-binary,Spain,Further education,4.17,Never,1-10,0,Never,0.00,0,0,0,0,0,0,0,0,5,0.83,4,5,4,5,5,4.60,1,1,0,0,0,1,0,3,0,0,1,5,5,4,5,4,4,5,3,3,3,4,4,4,4.67,4.33,4.50,3.00,4.00,3.50,4.00,4,4,3,2,4,3,3.67,3.00,3.34,2.00,2.00,2.00,2.00,2.00,10.00,0.00
126,I certify that I am 18 years of age or over,"Yes, I agree to take part",25,Female,,United States of America,Further education,3.33,Never,31+,0,Never,0.00,1,0,0,0,0,0,0,0,5,0.93,1,1,3,3,3,2.20,1,1,0,3,0,4,0,0,0,4,1,5,3,3,5,4,4,5,1,2,2,2,2,2,3.67,4.33,4.00,1.67,2.00,1.83,4.00,2,4,2,2,5,2,2.67,3.00,2.84,0.00,0.00,0.00,0.00,0.00,0.00,20.00
126,I certify that I am 18 years of age or over,"Yes, I agree to take part",25,Female,,United States of America,Further education,3.33,Never,31+,0,Never,0.00,1,1,0,0,0,0,0,0,5,0.93,3,4,3,2,3,3.00,0,3,0,4,0,4,0,0,0,0,0,5,5,4,5,4,4,5,2,4,4,4,4,4,4.67,4.33,4.50,3.33,4.00,3.67,5.00,2,4,2,3,5,2,2.67,3.33,3.00,0.00,0.00,0.00,0.00,0.00,0.00,20.00
127,I certify that I am 18 years of age or over,"Yes, I agree to take part",32,Male,,Poland,Postgraduate degree,3.17,Never,11-20,1,Within the last year,25.00,1,1,0,0,1,0,1,2,5,1.04,3,4,4,4,5,4.00,1,1,0,3,1,1,0,0,0,0,2,5,4,4,5,4,5,4,4,4,4,3,4,4,4.33,4.33,4.33,4.00,3.67,3.83,3.00,3,3,4,5,4,4,3.33,4.33,3.83,1.00,1.00,1.00,1.00,1.00,5.00,10.00
127,I certify that I am 18 years of age or over,"Yes, I agree to take part",32,Male,,Poland,Postgraduate degree,3.17,Never,11-20,1,Within the last year,25.00,1,0,0,1,0,0,0,1,5,1.04,1,2,2,3,2,2.00,1,1,0,4,0,0,1,5,0,0,2,5,4,5,5,3,4,4,4,3,4,3,3,3,4.67,3.67,4.17,3.67,3.00,3.33,3.00,3,3,4,5,4,5,3.33,4.67,4.00,1.00,1.00,1.00,1.00,1.00,5.00,10.00
128,I certify that I am 18 years of age or over,"Yes, I agree to take part",35,Male,,Italy,Undergraduate degree,4.00,Never,11-20,0,Never,0.00,0,1,0,0,1,0,1,2,5,1.35,3,4,3,4,4,3.60,0,0,0,7,0,3,0,1,0,3,0,5,3,3,4,3,3,3,4,3,2,3,4,3,3.33,3.00,3.17,3.00,3.33,3.17,4.00,3,3,3,2,4,4,3.00,3.33,3.17,0.00,0.00,0.00,0.00,0.00,0.00,20.00
128,I certify that I am 18 years of age or over,"Yes, I agree to take part",35,Male,,Italy,Undergraduate degree,4.00,Never,11-20,0,Never,0.00,0,0,0,1,0,1,0,2,5,1.35,4,4,5,3,4,4.00,0,3,0,4,0,3,0,4,0,7,0,5,4,4,4,4,4,4,4,4,4,4,4,4,4.00,4.00,4.00,4.00,4.00,4.00,4.00,3,3,4,3,3,3,3.33,3.00,3.17,0.00,0.00,0.00,0.00,0.00,0.00,20.00
129,I certify that I am 18 years of age or over,"Yes, I agree to take part",27,Female,,Hungary,Postgraduate degree,3.33,Once every 6 months,11-20,0,Never,0.00,0,0,0,0,0,0,0,0,5,0.78,2,3,3,3,4,3.00,0,3,0,2,0,4,1,5,0,4,1,5,5,4,5,5,4,5,4,4,5,4,5,5,4.67,4.67,4.67,4.33,4.67,4.50,5.00,4,4,2,4,5,1,3.33,3.33,3.33,0.75,1.00,1.50,4.00,1.50,8.75,0.00
129,I certify that I am 18 years of age or over,"Yes, I agree to take part",27,Female,,Hungary,Postgraduate degree,3.33,Once every 6 months,11-20,0,Never,0.00,0,1,1,0,1,0,1,3,5,0.78,4,3,5,3,5,4.00,0,3,0,1,0,3,0,4,1,5,1,5,5,4,5,5,4,5,4,4,5,4,5,4,4.67,4.67,4.67,4.33,4.33,4.33,5.00,4,4,2,1,5,2,3.33,2.67,3.00,3.00,0.25,3.00,0.00,5.00,11.25,0.00
130,I certify that I am 18 years of age or over,"Yes, I agree to take part",35,Female,,United Kingdom,Undergraduate degree,2.17,Never,1-10,0,Never,0.00,0,1,1,0,1,0,0,2,5,0.37,4,3,3,4,4,3.60,0,0,0,0,0,0,0,1,0,0,0,5,4,3,4,4,3,3,2,4,2,2,3,2,3.67,3.33,3.50,2.67,2.33,2.50,3.00,4,5,4,4,5,4,4.33,4.33,4.33,0.00,0.00,0.00,0.00,0.00,0.00,20.00
130,I certify that I am 18 years of age or over,"Yes, I agree to take part",35,Female,,United Kingdom,Undergraduate degree,2.17,Never,1-10,0,Never,0.00,0,0,0,0,0,0,0,0,5,0.37,2,1,3,3,3,2.40,0,0,0,0,0,0,0,1,0,0,0,5,3,2,3,4,2,3,2,4,2,2,2,2,2.67,3.00,2.83,2.67,2.00,2.33,3.00,4,5,4,4,5,4,4.33,4.33,4.33,0.00,0.00,0.00,0.00,0.00,0.00,20.00
131,I certify that I am 18 years of age or over,"Yes, I agree to take part",20,Female,,Poland,Further education,1.83,Never,11-20,1,More than 1 year ago,22.00,0,0,0,0,0,0,0,0,5,0.75,1,2,2,3,2,2.00,0,2,0,1,0,4,0,4,0,4,0,5,4,4,4,3,4,4,2,2,2,2,2,2,4.00,3.67,3.83,2.00,2.00,2.00,2.00,2,4,2,2,4,2,2.67,2.67,2.67,0.00,0.00,0.00,0.00,0.00,0.00,15.00
131,I certify that I am 18 years of age or over,"Yes, I agree to take part",20,Female,,Poland,Further education,1.83,Never,11-20,1,More than 1 year ago,22.00,0,1,1,0,1,1,0,3,5,0.75,4,4,2,4,2,3.20,0,4,0,4,0,3,0,6,0,6,0,5,4,4,4,4,4,4,2,2,2,2,2,2,4.00,4.00,4.00,2.00,2.00,2.00,2.00,2,4,2,2,4,2,2.67,2.67,2.67,1.00,1.00,1.00,1.00,1.00,5.00,15.00
133,I certify that I am 18 years of age or over,"Yes, I agree to take part",29,Female,,United Kingdom,Undergraduate degree,3.50,Never,1-10,0,Never,0.00,0,1,1,0,0,1,1,3,5,1.36,3,5,3,5,5,4.20,0,4,0,3,0,4,0,3,1,5,1,5,5,5,5,5,5,5,3,5,5,5,4,5,5.00,5.00,5.00,4.33,4.67,4.50,5.00,3,2,2,4,4,4,2.33,4.00,3.17,1.00,1.00,1.00,1.00,1.00,5.00,10.00
133,I certify that I am 18 years of age or over,"Yes, I agree to take part",29,Female,,United Kingdom,Undergraduate degree,3.50,Never,1-10,0,Never,0.00,0,0,0,0,0,1,0,1,5,1.36,3,3,3,4,4,3.40,0,4,1,5,0,4,0,4,0,4,1,5,5,5,5,5,5,5,2,5,4,5,5,5,5.00,5.00,5.00,3.67,5.00,4.33,5.00,3,2,3,4,4,4,2.67,4.00,3.34,1.00,1.00,1.00,1.00,1.00,5.00,10.00
134,I certify that I am 18 years of age or over,"Yes, I agree to take part",32,Male,,Portugal,Undergraduate degree,4.33,Never,1-10,0,Never,0.00,0,0,0,1,1,0,0,2,5,0.70,1,1,2,2,4,2.00,1,1,0,4,0,0,0,1,1,1,2,5,5,3,4,5,4,5,3,4,3,4,4,4,4.00,4.67,4.33,3.33,4.00,3.67,4.00,2,4,2,3,4,4,2.67,3.67,3.17,0.50,1.00,1.00,1.00,1.00,4.50,10.00
134,I certify that I am 18 years of age or over,"Yes, I agree to take part",32,Male,,Portugal,Undergraduate degree,4.33,Never,1-10,0,Never,0.00,0,1,1,0,1,0,1,3,5,0.70,4,4,3,5,2,3.60,1,1,0,4,0,3,0,1,0,3,1,5,4,4,3,4,4,4,4,4,4,4,4,5,3.67,4.00,3.83,4.00,4.33,4.17,5.00,2,4,4,4,4,3,3.33,3.67,3.50,0.50,1.50,0.50,0.50,2.50,5.50,10.00
135,I certify that I am 18 years of age or over,"Yes, I agree to take part",27,Female,,United Kingdom,Undergraduate degree,4.50,Never,11-20,0,Never,0.00,1,1,1,0,1,1,0,3,5,0.82,4,4,5,5,5,4.60,0,4,0,4,1,1,0,1,0,4,1,5,5,5,5,5,5,5,3,3,2,4,5,5,5.00,5.00,5.00,2.67,4.67,3.67,5.00,1,2,1,4,4,4,1.33,4.00,2.67,1.20,1.20,1.20,1.20,1.20,6.00,8.00
135,I certify that I am 18 years of age or over,"Yes, I agree to take part",27,Female,,United Kingdom,Undergraduate degree,4.50,Never,11-20,0,Never,0.00,1,0,1,0,1,1,0,3,5,0.82,4,5,4,4,4,4.20,0,2,0,4,0,3,0,1,0,2,0,5,5,5,5,5,5,5,4,4,4,4,5,4,5.00,5.00,5.00,4.00,4.33,4.17,5.00,2,2,1,4,4,4,1.67,4.00,2.84,1.20,1.20,1.20,1.20,1.20,6.00,8.00
136,I certify that I am 18 years of age or over,"Yes, I agree to take part",47,Male,,United States of America,Undergraduate degree,4.50,Never,11-20,0,Never,0.00,1,0,0,0,1,0,1,2,5,0.64,2,2,3,3,3,2.60,0,2,0,3,1,2,0,2,1,1,2,5,5,5,5,5,5,5,3,3,3,3,4,4,5.00,5.00,5.00,3.00,3.67,3.33,4.00,4,3,4,3,3,3,3.67,3.00,3.34,1.00,1.00,1.00,1.00,1.00,5.00,5.00
136,I certify that I am 18 years of age or over,"Yes, I agree to take part",47,Male,,United States of America,Undergraduate degree,4.50,Never,11-20,0,Never,0.00,1,1,1,1,1,1,1,5,5,0.64,4,4,3,5,4,4.00,0,5,0,4,0,6,0,4,1,5,1,5,5,5,5,5,5,5,3,4,3,3,4,4,5.00,5.00,5.00,3.33,3.67,3.50,4.00,3,1,1,3,3,1,1.67,2.33,2.00,2.00,2.00,2.00,2.00,2.00,10.00,5.00
137,I certify that I am 18 years of age or over,"Yes, I agree to take part",38,Male,,Poland,Postgraduate degree,3.50,Never,11-20,0,Never,0.00,0,1,0,0,1,0,0,1,5,0.59,5,5,2,5,5,4.40,0,4,1,2,0,2,0,2,0,2,1,5,4,2,4,4,4,3,4,2,4,4,3,3,3.33,3.67,3.50,3.33,3.33,3.33,3.00,4,4,4,3,3,4,4.00,3.33,3.67,0.00,0.00,0.00,0.00,0.00,0.00,20.00
137,I certify that I am 18 years of age or over,"Yes, I agree to take part",38,Male,,Poland,Postgraduate degree,3.50,Never,11-20,0,Never,0.00,0,0,0,0,0,0,0,0,5,0.59,2,3,3,4,4,3.20,1,1,0,1,0,3,0,2,0,3,1,5,4,4,4,3,4,3,4,4,4,3,2,3,4.00,3.33,3.67,4.00,2.67,3.33,3.00,3,4,4,4,5,4,3.67,4.33,4.00,0.00,0.00,0.00,0.00,0.00,0.00,20.00
138,I certify that I am 18 years of age or over,"Yes, I agree to take part",30,Male,,Germany,Postgraduate degree,3.17,Never,21-30,1,More than 1 year ago,25.00,1,1,0,0,0,0,0,0,5,0.39,2,3,3,4,4,3.20,0,3,0,4,0,4,0,3,0,4,0,5,4,3,4,4,4,3,4,3,4,3,3,4,3.67,3.67,3.67,3.67,3.33,3.50,4.00,3,2,2,3,3,3,2.33,3.00,2.67,2.00,2.00,2.00,2.00,2.00,10.00,0.00
138,I certify that I am 18 years of age or over,"Yes, I agree to take part",30,Male,,Germany,Postgraduate degree,3.17,Never,21-30,1,More than 1 year ago,25.00,1,0,0,0,0,0,0,0,5,0.39,4,4,2,4,3,3.40,0,3,0,3,0,3,0,2,0,3,0,5,4,3,4,3,3,4,3,3,4,4,3,4,3.67,3.33,3.50,3.33,3.67,3.50,4.00,3,3,3,3,3,3,3.00,3.00,3.00,2.00,2.00,2.00,2.00,2.00,10.00,0.00
139,I certify that I am 18 years of age or over,"Yes, I agree to take part",32,Female,,United Kingdom,Postgraduate degree,4.17,Monthly,1-10,1,Within the last 3 months,20.00,0,0,0,0,0,0,0,0,5,0.74,3,3,3,4,2,3.00,0,3,0,3,0,4,0,2,0,2,0,5,4,2,2,3,2,4,3,4,2,3,3,5,2.67,3.00,2.83,3.00,3.67,3.33,5.00,2,2,2,2,2,2,2.00,2.00,2.00,0.00,0.00,0.00,2.50,1.50,4.00,4.50
139,I certify that I am 18 years of age or over,"Yes, I agree to take part",32,Female,,United Kingdom,Postgraduate degree,4.17,Monthly,1-10,1,Within the last 3 months,20.00,0,1,1,0,1,1,0,3,5,0.74,5,5,3,5,5,4.60,0,4,0,5,1,1,1,5,0,4,2,5,4,3,3,4,2,4,3,4,2,3,2,4,3.33,3.33,3.33,3.00,3.00,3.00,5.00,2,2,2,2,2,2,2.00,2.00,2.00,3.00,2.00,0.50,3.00,3.00,11.50,4.50
140,I certify that I am 18 years of age or over,"Yes, I agree to take part",31,Female,,United Kingdom,Undergraduate degree,4.33,Monthly,1-10,0,Never,0.00,0,0,0,0,0,1,0,1,5,0.64,4,3,4,4,2,3.40,0,2,0,0,0,1,0,1,1,1,1,5,5,3,5,5,4,5,1,2,3,3,4,4,4.33,4.67,4.50,2.00,3.67,2.83,4.00,2,2,2,4,3,3,2.00,3.33,2.67,2.00,2.00,2.00,2.00,2.00,10.00,0.00
140,I certify that I am 18 years of age or over,"Yes, I agree to take part",31,Female,,United Kingdom,Undergraduate degree,4.33,Monthly,1-10,0,Never,0.00,0,1,0,0,1,0,1,2,5,0.64,5,4,2,4,5,4.00,0,3,1,2,0,3,0,3,0,4,1,5,5,2,5,5,4,5,1,2,3,3,4,4,4.00,4.67,4.33,2.00,3.67,2.83,5.00,2,2,2,4,3,3,2.00,3.33,2.67,2.00,2.00,2.00,2.00,2.00,10.00,0.00
142,I certify that I am 18 years of age or over,"Yes, I agree to take part",23,Male,,Poland,Further education,3.67,Never,11-20,0,Never,0.00,1,1,0,0,1,1,0,2,5,0.50,3,3,4,4,3,3.40,1,1,0,0,0,3,0,2,0,4,1,5,4,2,2,4,3,4,1,1,2,1,4,2,2.67,3.67,3.17,1.33,2.33,1.83,2.00,3,2,2,3,4,3,2.33,3.33,2.83,0.10,0.10,0.10,0.10,0.10,0.50,19.00
142,I certify that I am 18 years of age or over,"Yes, I agree to take part",23,Male,,Poland,Further education,3.67,Never,11-20,0,Never,0.00,1,0,0,0,0,0,0,0,5,0.50,3,3,3,3,3,3.00,0,4,0,3,0,0,0,3,0,0,0,5,5,2,2,4,2,2,1,1,1,1,3,3,3.00,2.67,2.83,1.00,2.33,1.67,2.00,4,2,2,4,4,4,2.67,4.00,3.34,0.10,0.10,0.10,0.10,0.10,0.50,19.00
144,I certify that I am 18 years of age or over,"Yes, I agree to take part",39,Male,,United Kingdom,Undergraduate degree,3.17,Never,11-20,0,Never,0.00,0,0,0,0,0,0,0,0,5,0.65,3,2,3,4,4,3.20,1,1,0,3,0,1,0,2,0,2,1,5,5,4,5,5,4,5,1,2,1,1,3,3,4.67,4.67,4.67,1.33,2.33,1.83,3.00,4,4,5,5,4,4,4.33,4.33,4.33,1.00,1.00,1.00,1.00,1.00,5.00,10.00
144,I certify that I am 18 years of age or over,"Yes, I agree to take part",39,Male,,United Kingdom,Undergraduate degree,3.17,Never,11-20,0,Never,0.00,0,1,0,0,1,0,1,2,5,0.65,2,4,2,4,4,3.20,1,1,0,3,1,1,0,1,0,2,2,5,5,4,5,5,4,5,2,1,2,2,3,3,4.67,4.67,4.67,1.67,2.67,2.17,4.00,5,4,4,5,4,4,4.33,4.33,4.33,1.00,1.00,1.00,1.00,1.00,5.00,10.00
145,I certify that I am 18 years of age or over,"Yes, I agree to take part",23,Female,,Poland,Further education,2.83,Never,21-30,0,Never,0.00,1,0,1,0,0,1,0,2,5,1.19,1,1,2,3,1,1.60,1,1,0,3,0,1,0,1,0,2,1,5,4,2,4,5,3,2,2,1,2,2,4,4,3.33,3.33,3.33,1.67,3.33,2.50,2.00,4,3,4,4,3,4,3.67,3.67,3.67,0.00,0.00,0.00,0.00,0.00,0.00,13.00
145,I certify that I am 18 years of age or over,"Yes, I agree to take part",23,Female,,Poland,Further education,2.83,Never,21-30,0,Never,0.00,1,1,0,0,1,0,0,1,5,1.19,3,5,4,4,4,4.00,0,7,0,6,1,1,0,4,0,3,1,5,4,5,5,5,4,5,2,3,2,3,3,4,4.67,4.67,4.67,2.33,3.33,2.83,5.00,2,3,2,3,3,3,2.33,3.00,2.67,0.00,5.00,0.00,0.00,2.00,7.00,13.00
147,I certify that I am 18 years of age or over,"Yes, I agree to take part",26,Male,,Italy,Postgraduate degree,3.83,Yearly,1-10,0,Never,0.00,1,1,0,0,1,1,0,2,5,0.79,3,3,2,4,3,3.00,0,0,1,2,0,2,0,1,0,0,1,5,4,3,4,3,4,4,2,2,4,3,2,4,3.67,3.67,3.67,2.67,3.00,2.83,4.00,3,3,2,3,3,3,2.67,3.00,2.84,1.50,1.50,1.50,1.50,1.50,7.50,5.00
147,I certify that I am 18 years of age or over,"Yes, I agree to take part",26,Male,,Italy,Postgraduate degree,3.83,Yearly,1-10,0,Never,0.00,1,0,1,0,0,1,0,2,5,0.79,5,4,4,4,4,4.20,1,1,0,0,0,0,0,0,0,3,1,5,4,4,4,3,2,4,3,2,4,4,2,3,4.00,3.00,3.50,3.00,3.00,3.00,4.00,3,2,3,3,3,3,2.67,3.00,2.84,1.50,1.50,1.50,1.50,1.50,7.50,5.00
148,I certify that I am 18 years of age or over,"Yes, I agree to take part",40,Female,,Canada,Further education,3.33,Yearly,11-20,0,Never,0.00,1,1,0,0,0,0,0,0,5,0.58,4,5,4,5,4,4.40,0,3,0,3,0,3,0,2,0,4,0,5,5,4,5,5,5,5,4,4,4,4,5,4,4.67,5.00,4.83,4.00,4.33,4.17,5.00,1,1,1,1,1,1,1.00,1.00,1.00,2.00,2.00,2.00,2.00,2.00,10.00,0.00
148,I certify that I am 18 years of age or over,"Yes, I agree to take part",40,Female,,Canada,Further education,3.33,Yearly,11-20,0,Never,0.00,1,0,0,0,0,1,0,1,5,0.58,3,4,4,5,5,4.20,0,0,1,5,0,3,0,4,0,3,1,5,5,4,5,5,4,5,3,3,4,3,5,4,4.67,4.67,4.67,3.33,4.00,3.67,5.00,1,1,1,1,1,1,1.00,1.00,1.00,2.00,2.00,2.00,2.00,2.00,10.00,0.00
149,I certify that I am 18 years of age or over,"Yes, I agree to take part",29,Male,,Portugal,Secondary school,3.83,Yearly,31+,1,More than 1 year ago,15.00,0,1,1,0,1,0,1,3,5,1.14,4,4,4,4,5,4.20,0,4,0,3,0,4,0,4,1,5,1,5,5,5,5,5,5,5,3,3,3,3,3,4,5.00,5.00,5.00,3.00,3.33,3.17,4.00,3,4,3,2,3,3,3.33,2.67,3.00,1.50,1.50,1.50,1.50,1.50,7.50,5.00
149,I certify that I am 18 years of age or over,"Yes, I agree to take part",29,Male,,Portugal,Secondary school,3.83,Yearly,31+,1,More than 1 year ago,15.00,0,0,0,0,0,0,0,0,5,1.14,3,4,3,4,4,3.60,0,0,1,5,0,4,0,4,0,3,1,5,5,5,5,5,5,5,3,3,3,3,3,3,5.00,5.00,5.00,3.00,3.00,3.00,4.00,3,4,3,2,3,3,3.33,2.67,3.00,1.50,1.50,1.50,1.50,1.50,7.50,5.00
151,I certify that I am 18 years of age or over,"Yes, I agree to take part",24,Male,,Spain,Undergraduate degree,3.83,Never,11-20,0,Never,0.00,1,1,1,0,1,0,0,2,5,0.03,3,4,3,4,5,3.80,1,1,1,2,1,1,0,2,0,1,3,5,4,2,5,3,2,5,4,4,4,5,5,5,3.67,3.33,3.50,4.00,5.00,4.50,4.00,1,1,1,2,3,3,1.00,2.67,1.84,1.00,1.00,1.00,1.00,1.00,5.00,10.00
151,I certify that I am 18 years of age or over,"Yes, I agree to take part",24,Male,,Spain,Undergraduate degree,3.83,Never,11-20,0,Never,0.00,1,0,1,0,1,1,1,4,5,0.03,3,2,5,3,4,3.40,1,1,0,1,1,2,0,1,1,1,3,5,4,2,5,2,2,5,4,3,4,5,5,5,3.67,3.00,3.33,3.67,5.00,4.33,5.00,1,2,1,2,3,3,1.33,2.67,2.00,1.00,1.00,1.00,1.00,1.00,5.00,10.00
152,I certify that I am 18 years of age or over,"Yes, I agree to take part",24,Male,,United Kingdom,Further education,2.83,Never,31+,1,Within the last week,200.00,1,0,0,0,0,0,1,1,5,-0.12,1,2,2,4,4,2.60,0,0,0,0,0,0,0,0,0,0,0,5,5,4,5,5,2,5,3,4,4,4,4,4,4.67,4.00,4.33,3.67,4.00,3.83,4.00,4,3,4,4,4,4,3.67,4.00,3.84,0.00,0.00,0.00,0.00,0.00,0.00,10.00
152,I certify that I am 18 years of age or over,"Yes, I agree to take part",24,Male,,United Kingdom,Further education,2.83,Never,31+,1,Within the last week,200.00,1,1,1,0,0,1,1,3,5,-0.12,4,4,4,4,5,4.20,1,1,0,1,0,0,0,0,1,5,2,5,5,4,5,5,2,5,3,4,3,4,3,4,4.67,4.00,4.33,3.33,3.67,3.50,4.00,4,4,4,4,4,4,4.00,4.00,4.00,0.00,0.00,0.00,0.00,10.00,10.00,10.00
153,I certify that I am 18 years of age or over,"Yes, I agree to take part",35,Male,,United Kingdom,Undergraduate degree,4.33,Never,11-20,0,Never,0.00,0,1,0,0,1,1,0,2,5,1.00,5,5,5,5,4,4.80,0,3,0,1,0,2,1,5,0,4,1,5,5,1,5,5,1,5,4,4,5,4,5,4,3.67,3.67,3.67,4.33,4.33,4.33,4.00,5,5,5,5,5,5,5.00,5.00,5.00,0.00,0.00,0.00,0.00,0.00,0.00,20.00
153,I certify that I am 18 years of age or over,"Yes, I agree to take part",35,Male,,United Kingdom,Undergraduate degree,4.33,Never,11-20,0,Never,0.00,0,0,0,0,0,0,0,0,5,1.00,2,2,4,2,4,2.80,0,2,0,0,0,4,0,7,0,5,0,5,5,1,5,5,1,4,4,4,4,4,4,4,3.67,3.33,3.50,4.00,4.00,4.00,4.00,5,5,5,5,5,5,5.00,5.00,5.00,0.00,0.00,0.00,0.00,0.00,0.00,20.00
154,I certify that I am 18 years of age or over,"Yes, I agree to take part",28,Male,,Poland,Postgraduate degree,3.00,Never,11-20,0,Never,0.00,1,0,0,0,0,0,0,0,5,0.87,4,4,3,3,3,3.40,0,2,0,7,0,1,0,4,1,1,1,5,4,2,5,4,2,4,3,4,5,3,4,4,3.67,3.33,3.50,4.00,3.67,3.83,3.00,3,4,2,2,4,3,3.00,3.00,3.00,0.50,1.00,0.50,2.00,0.50,4.50,8.00
154,I certify that I am 18 years of age or over,"Yes, I agree to take part",28,Male,,Poland,Postgraduate degree,3.00,Never,11-20,0,Never,0.00,1,1,0,0,1,1,0,2,5,0.87,4,5,5,5,2,4.20,0,5,0,3,1,1,0,4,0,4,1,5,4,3,4,4,3,5,4,4,5,4,5,4,3.67,4.00,3.83,4.33,4.33,4.33,3.00,3,4,3,2,4,2,3.33,2.67,3.00,2.50,1.00,0.00,2.00,2.00,7.50,8.00
155,I certify that I am 18 years of age or over,"Yes, I agree to take part",31,Male,,Portugal,Further education,3.50,Never,11-20,0,Never,0.00,0,0,0,0,0,0,0,0,5,0.82,3,2,3,3,3,2.80,0,5,0,4,1,2,0,0,0,2,1,5,4,3,4,4,4,3,3,3,3,3,4,3,3.67,3.67,3.67,3.00,3.33,3.17,3.00,2,4,3,3,4,4,3.00,3.67,3.34,0.00,1.00,0.00,0.00,0.00,1.00,17.00
155,I certify that I am 18 years of age or over,"Yes, I agree to take part",31,Male,,Portugal,Further education,3.50,Never,11-20,0,Never,0.00,0,1,0,0,1,0,1,2,5,0.82,4,4,4,4,4,4.00,0,7,0,4,1,1,0,1,1,5,2,5,4,4,4,4,4,4,3,3,3,3,3,3,4.00,4.00,4.00,3.00,3.00,3.00,3.00,2,4,3,3,4,4,3.00,3.67,3.34,0.00,0.00,0.00,1.00,1.00,2.00,17.00
157,I certify that I am 18 years of age or over,"Yes, I agree to take part",28,Female,,Poland,Postgraduate degree,3.67,Never,21-30,0,Never,0.00,0,0,0,0,0,0,0,0,5,0.98,1,4,1,4,4,2.80,1,1,0,4,0,3,0,1,0,3,1,5,4,1,5,5,2,5,1,1,2,2,5,4,3.33,4.00,3.67,1.33,3.67,2.50,2.00,4,4,4,4,4,4,4.00,4.00,4.00,0.00,1.00,1.00,1.00,0.00,3.00,13.00
157,I certify that I am 18 years of age or over,"Yes, I agree to take part",28,Female,,Poland,Postgraduate degree,3.67,Never,21-30,0,Never,0.00,0,1,0,0,1,1,0,2,5,0.98,2,5,5,5,2,3.80,0,5,0,5,1,1,0,1,0,4,1,5,5,2,5,5,2,5,1,1,3,2,5,5,4.00,4.00,4.00,1.67,4.00,2.83,4.00,4,4,4,4,4,3,4.00,3.67,3.84,1.00,1.00,1.00,1.00,0.00,4.00,13.00
158,I certify that I am 18 years of age or over,"Yes, I agree to take part",28,Female,,Austria,Undergraduate degree,4.83,Never,1-10,0,Never,0.00,1,1,0,0,1,1,0,2,5,0.51,4,4,5,3,4,4.00,0,0,0,0,0,0,0,0,0,0,0,5,5,5,5,5,5,5,3,3,3,3,4,3,5.00,5.00,5.00,3.00,3.33,3.17,4.00,3,4,2,3,4,3,3.00,3.33,3.17,1.00,1.00,1.00,1.00,1.00,5.00,10.00
158,I certify that I am 18 years of age or over,"Yes, I agree to take part",28,Female,,Austria,Undergraduate degree,4.83,Never,1-10,0,Never,0.00,1,0,0,0,0,0,0,0,5,0.51,2,4,3,4,4,3.40,0,0,0,0,0,0,0,0,0,0,0,5,5,5,5,5,5,5,3,3,3,3,4,3,5.00,5.00,5.00,3.00,3.33,3.17,4.00,3,4,3,3,4,3,3.33,3.33,3.33,1.00,1.00,1.00,1.00,1.00,5.00,10.00
159,I certify that I am 18 years of age or over,"Yes, I agree to take part",22,Male,,Estonia,Further education,4.50,Never,11-20,1,Within the last year,130.00,1,0,0,1,1,1,0,3,5,1.19,3,3,4,4,3,3.40,0,3,0,1,0,1,0,2,1,1,1,5,5,5,5,5,4,5,4,4,5,4,4,4,5.00,4.67,4.83,4.33,4.00,4.17,4.00,2,2,2,2,4,2,2.00,2.67,2.34,0.00,0.00,0.00,5.00,0.00,5.00,0.00
159,I certify that I am 18 years of age or over,"Yes, I agree to take part",22,Male,,Estonia,Further education,4.50,Never,11-20,1,Within the last year,130.00,1,1,1,1,1,1,1,5,5,1.19,4,3,5,3,5,4.00,1,1,0,1,1,1,0,2,1,5,3,5,5,4,5,5,5,5,4,4,5,4,4,4,4.67,5.00,4.83,4.33,4.00,4.17,4.00,2,2,2,2,4,2,2.00,2.67,2.34,0.00,0.00,5.00,0.00,10.00,15.00,0.00
160,I certify that I am 18 years of age or over,"Yes, I agree to take part",27,Female,,Poland,Postgraduate degree,3.50,Yearly,11-20,0,Never,0.00,0,1,0,1,1,1,1,4,5,1.10,4,5,5,4,5,4.60,0,4,0,3,0,3,0,2,1,5,1,5,3,4,4,4,4,4,4,4,3,3,4,3,3.67,4.00,3.83,3.67,3.33,3.50,4.00,1,1,1,1,3,3,1.00,2.33,1.67,2.00,2.00,2.00,2.00,2.00,10.00,0.00
160,I certify that I am 18 years of age or over,"Yes, I agree to take part",27,Female,,Poland,Postgraduate degree,3.50,Yearly,11-20,0,Never,0.00,0,0,0,0,0,1,0,1,5,1.10,1,2,4,4,4,3.00,0,5,0,6,0,3,0,6,0,5,0,5,4,4,5,4,5,4,3,4,2,3,4,3,4.33,4.33,4.33,3.00,3.33,3.17,4.00,1,1,1,1,3,1,1.00,1.67,1.34,2.00,2.00,2.00,2.00,2.00,10.00,0.00
161,I certify that I am 18 years of age or over,"Yes, I agree to take part",26,Female,,Poland,Undergraduate degree,3.33,Yearly,1-10,0,Never,0.00,1,0,0,0,0,0,0,0,5,0.90,2,4,5,4,4,3.80,0,2,0,4,0,4,0,3,0,5,0,5,5,5,5,2,5,5,4,4,5,4,5,5,5.00,4.00,4.50,4.33,4.67,4.50,4.00,2,4,2,1,4,1,2.67,2.00,2.34,2.00,2.00,2.00,2.00,2.00,10.00,0.00
161,I certify that I am 18 years of age or over,"Yes, I agree to take part",26,Female,,Poland,Undergraduate degree,3.33,Yearly,1-10,0,Never,0.00,1,1,0,0,1,1,0,2,5,0.90,4,5,2,5,5,4.20,0,3,0,4,0,4,0,3,1,5,1,5,5,5,5,5,5,5,4,4,4,5,5,4,5.00,5.00,5.00,4.00,4.67,4.33,5.00,1,4,1,1,4,1,2.00,2.00,2.00,2.00,2.00,2.00,2.00,2.00,10.00,0.00
162,I certify that I am 18 years of age or over,"Yes, I agree to take part",25,Female,,Poland,Postgraduate degree,4.67,Yearly,1-10,0,Never,0.00,1,0,0,0,0,0,0,0,5,1.16,5,1,2,4,2,2.80,1,1,0,2,0,6,0,1,0,4,1,5,5,4,5,5,5,5,2,2,3,4,4,5,4.67,5.00,4.83,2.33,4.33,3.33,5.00,2,1,2,4,4,4,1.67,4.00,2.84,3.50,1.00,1.00,1.00,1.00,7.50,3.00
162,I certify that I am 18 years of age or over,"Yes, I agree to take part",25,Female,,Poland,Postgraduate degree,4.67,Yearly,1-10,0,Never,0.00,1,1,1,0,0,0,0,1,5,1.16,4,4,1,5,5,3.80,0,5,0,1,0,3,0,6,1,5,1,5,5,4,5,5,5,5,4,4,5,5,5,5,4.67,5.00,4.83,4.33,5.00,4.67,5.00,2,2,2,4,4,4,2.00,4.00,3.00,3.50,1.00,1.00,3.00,1.00,9.50,3.00
163,I certify that I am 18 years of age or over,"Yes, I agree to take part",26,Female,,Poland,Undergraduate degree,3.67,Once every 3 months,11-20,0,Never,0.00,0,1,0,0,0,0,0,0,5,1.10,3,3,4,3,3,3.20,1,1,0,1,1,1,0,1,0,2,2,5,4,4,4,4,4,3,4,4,5,4,5,4,4.00,3.67,3.83,4.33,4.33,4.33,4.00,1,2,2,1,4,2,1.67,2.33,2.00,0.50,0.50,0.50,0.50,2.00,4.00,0.00
163,I certify that I am 18 years of age or over,"Yes, I agree to take part",26,Female,,Poland,Undergraduate degree,3.67,Once every 3 months,11-20,0,Never,0.00,0,0,0,0,0,0,0,0,5,1.10,4,3,3,3,4,3.40,0,4,0,2,0,4,0,3,0,3,0,5,4,4,4,3,4,4,4,3,5,4,4,4,4.00,3.67,3.83,4.00,4.00,4.00,4.00,2,2,2,2,2,2,2.00,2.00,2.00,2.50,3.50,3.00,3.50,3.50,16.00,0.00
164,I certify that I am 18 years of age or over,"Yes, I agree to take part",42,Male,,United Kingdom,Undergraduate degree,4.50,Once every 3 months,11-20,0,Never,0.00,0,0,0,0,0,1,0,1,5,0.76,2,3,3,4,4,3.20,0,2,0,4,0,4,0,2,1,1,1,5,5,5,5,5,5,5,3,4,4,4,4,4,5.00,5.00,5.00,3.67,4.00,3.83,5.00,1,2,1,4,4,4,1.33,4.00,2.67,1.00,0.50,0.00,0.50,0.00,2.00,14.50
164,I certify that I am 18 years of age or over,"Yes, I agree to take part",42,Male,,United Kingdom,Undergraduate degree,4.50,Once every 3 months,11-20,0,Never,0.00,0,1,1,0,1,1,1,4,5,0.76,2,4,1,5,3,3.00,1,1,0,3,1,1,0,3,0,2,2,5,5,5,5,5,5,5,4,4,4,4,4,4,5.00,5.00,5.00,4.00,4.00,4.00,5.00,1,1,1,4,4,4,1.00,4.00,2.50,0.50,1.00,0.00,1.50,0.50,3.50,14.50
165,I certify that I am 18 years of age or over,"Yes, I agree to take part",28,Female,,Australia,Postgraduate degree,1.83,Never,11-20,0,Never,0.00,0,1,1,0,0,0,1,2,5,-0.32,2,4,3,4,4,3.40,0,0,0,0,0,3,0,1,0,4,0,5,4,4,5,4,4,5,3,3,3,3,3,3,4.33,4.33,4.33,3.00,3.00,3.00,4.00,3,3,4,4,4,4,3.33,4.00,3.67,1.50,1.50,1.50,1.50,1.50,7.50,5.00
165,I certify that I am 18 years of age or over,"Yes, I agree to take part",28,Female,,Australia,Postgraduate degree,1.83,Never,11-20,0,Never,0.00,0,0,0,0,0,0,0,0,5,-0.32,4,3,3,4,3,3.40,1,1,0,3,0,0,0,0,0,2,1,5,5,4,5,4,4,5,3,3,3,3,3,3,4.67,4.33,4.50,3.00,3.00,3.00,4.00,3,3,3,4,4,4,3.00,4.00,3.50,1.50,1.50,1.50,1.50,1.50,7.50,5.00
166,I certify that I am 18 years of age or over,"Yes, I agree to take part",36,Female,,United States of America,Further education,4.50,Once every 6 months,11-20,0,Never,0.00,1,0,0,0,1,0,1,2,5,0.30,3,2,4,4,4,3.40,0,2,0,4,0,3,0,4,0,3,0,5,5,2,5,5,2,5,3,4,5,4,5,5,4.00,4.00,4.00,4.00,4.67,4.33,4.00,2,4,2,2,5,2,2.67,3.00,2.84,0.00,0.00,0.00,2.50,0.00,2.50,12.50
166,I certify that I am 18 years of age or over,"Yes, I agree to take part",36,Female,,United States of America,Further education,4.50,Once every 6 months,11-20,0,Never,0.00,1,1,1,0,1,1,1,4,5,0.30,4,3,5,5,4,4.20,0,3,0,4,0,3,0,3,0,2,0,5,5,2,5,5,2,5,4,4,5,4,5,5,4.00,4.00,4.00,4.33,4.67,4.50,4.00,2,4,2,2,4,2,2.67,2.67,2.67,0.00,2.50,2.50,0.00,0.00,5.00,12.50
167,I certify that I am 18 years of age or over,"Yes, I agree to take part",25,Male,,Portugal,Secondary school,2.00,Never,31+,0,Never,0.00,1,1,0,0,1,1,1,3,5,0.00,4,3,4,4,5,4.00,0,4,0,1,1,1,0,1,0,3,1,5,5,4,5,4,4,4,3,1,4,1,4,3,4.67,4.00,4.33,2.67,2.67,2.67,1.00,3,4,2,3,4,3,3.00,3.33,3.17,0.00,0.00,0.00,0.00,0.00,0.00,20.00
167,I certify that I am 18 years of age or over,"Yes, I agree to take part",25,Male,,Portugal,Secondary school,2.00,Never,31+,0,Never,0.00,1,0,0,0,0,1,0,1,5,0.00,1,4,3,3,3,2.80,1,1,0,0,0,0,0,1,0,0,1,5,5,4,5,5,4,3,2,3,4,1,2,4,4.67,4.00,4.33,3.00,2.33,2.67,2.00,2,5,3,3,5,3,3.33,3.67,3.50,0.00,0.00,0.00,0.00,0.00,0.00,20.00
168,I certify that I am 18 years of age or over,"Yes, I agree to take part",27,Female,,The Netherlands,Postgraduate degree,3.50,Yearly,1-10,0,Never,0.00,0,0,0,0,0,1,0,1,5,0.71,3,2,4,3,4,3.20,0,0,0,3,0,0,0,3,0,0,0,5,5,3,5,5,3,4,3,4,4,4,4,4,4.33,4.00,4.17,3.67,4.00,3.83,4.00,2,2,2,2,4,3,2.00,3.00,2.50,1.50,2.50,1.50,1.00,1.50,8.00,5.00
168,I certify that I am 18 years of age or over,"Yes, I agree to take part",27,Female,,The Netherlands,Postgraduate degree,3.50,Yearly,1-10,0,Never,0.00,0,1,1,0,1,0,1,3,5,0.71,5,4,3,4,5,4.20,0,2,0,0,0,0,0,3,0,2,0,5,4,4,5,5,4,5,3,4,4,3,4,4,4.33,4.67,4.50,3.67,3.67,3.67,5.00,2,2,3,3,4,3,2.33,3.33,2.83,1.50,1.50,1.00,1.50,1.50,7.00,5.00
169,I certify that I am 18 years of age or over,"Yes, I agree to take part",25,Female,,Spain,Further education,2.83,Never,31+,1,Within the last 6 months,23.00,0,1,1,0,1,1,1,4,5,0.44,3,5,4,4,4,4.00,0,5,0,4,0,2,1,5,0,4,1,5,5,3,5,4,4,5,3,3,4,4,5,4,4.33,4.33,4.33,3.33,4.33,3.83,4.00,2,2,2,4,4,4,2.00,4.00,3.00,2.00,2.00,2.00,2.00,2.00,10.00,0.00
169,I certify that I am 18 years of age or over,"Yes, I agree to take part",25,Female,,Spain,Further education,2.83,Never,31+,1,Within the last 6 months,23.00,0,0,0,1,0,0,0,1,5,0.44,3,2,2,2,3,2.40,0,3,0,3,0,4,0,2,0,4,0,5,5,3,5,4,4,5,2,3,4,3,5,4,4.33,4.33,4.33,3.00,4.00,3.50,4.00,2,2,2,4,4,4,2.00,4.00,3.00,2.00,2.00,2.00,2.00,2.00,10.00,0.00
170,I certify that I am 18 years of age or over,"Yes, I agree to take part",32,Female,,Poland,Postgraduate degree,3.83,Never,11-20,0,Never,0.00,0,1,0,0,1,1,0,2,5,0.14,5,4,4,4,5,4.40,0,3,0,3,0,3,0,4,0,4,0,5,5,5,5,5,5,5,4,4,4,4,4,5,5.00,5.00,5.00,4.00,4.33,4.17,4.00,2,3,3,4,4,4,2.67,4.00,3.34,1.80,1.80,1.80,1.80,1.80,9.00,2.00
170,I certify that I am 18 years of age or over,"Yes, I agree to take part",32,Female,,Poland,Postgraduate degree,3.83,Never,11-20,0,Never,0.00,0,0,0,0,0,0,0,0,5,0.14,3,3,4,4,5,3.80,0,4,1,5,0,3,1,5,0,2,2,5,5,4,5,5,5,5,3,4,4,4,4,5,4.67,5.00,4.83,3.67,4.33,4.00,4.00,2,2,2,3,4,4,2.00,3.67,2.84,1.80,1.80,1.80,1.80,1.80,9.00,2.00
171,I certify that I am 18 years of age or over,"Yes, I agree to take part",28,Female,,Portugal,Postgraduate degree,3.67,Yearly,1-10,0,Never,0.00,1,1,0,0,0,0,1,1,5,0.60,4,5,2,5,5,4.20,0,0,0,0,1,1,0,1,0,2,1,5,5,4,5,4,4,5,4,4,4,4,4,4,4.67,4.33,4.50,4.00,4.00,4.00,4.00,2,3,3,3,2,3,2.67,2.67,2.67,1.82,1.82,1.82,1.82,1.82,9.10,1.80
171,I certify that I am 18 years of age or over,"Yes, I agree to take part",28,Female,,Portugal,Postgraduate degree,3.67,Yearly,1-10,0,Never,0.00,1,0,1,0,0,0,0,1,5,0.60,5,4,2,5,3,3.80,1,1,0,0,0,0,0,0,0,0,1,5,5,4,5,4,4,5,4,4,4,4,4,4,4.67,4.33,4.50,4.00,4.00,4.00,4.00,3,2,4,2,3,3,3.00,2.67,2.84,1.82,1.82,1.82,1.82,1.82,9.10,1.80
172,I certify that I am 18 years of age or over,"Yes, I agree to take part",32,Male,,United Kingdom,Undergraduate degree,3.33,Never,21-30,0,Never,0.00,0,0,0,0,0,1,0,1,5,0.39,4,5,4,5,5,4.60,1,1,0,2,0,1,0,1,1,1,2,5,3,3,3,3,3,3,3,3,3,3,3,3,3.00,3.00,3.00,3.00,3.00,3.00,3.00,3,3,3,3,3,3,3.00,3.00,3.00,0.00,0.00,0.00,0.00,0.00,0.00,20.00
172,I certify that I am 18 years of age or over,"Yes, I agree to take part",32,Male,,United Kingdom,Undergraduate degree,3.33,Never,21-30,0,Never,0.00,0,1,1,0,1,0,0,2,5,0.39,3,3,3,3,3,3.00,0,4,1,2,1,1,0,1,0,4,2,5,3,3,4,4,3,3,4,4,3,3,3,3,3.33,3.33,3.33,3.67,3.00,3.33,4.00,3,4,3,3,3,3,3.33,3.00,3.17,0.00,0.00,0.00,0.00,0.00,0.00,20.00
173,I certify that I am 18 years of age or over,"Yes, I agree to take part",33,Female,,United Kingdom,Undergraduate degree,4.00,Never,1-10,0,Never,0.00,1,1,1,0,0,0,1,2,5,0.04,3,4,3,4,3,3.40,0,4,0,3,0,2,0,3,0,2,0,5,4,5,5,5,5,5,4,4,4,4,4,4,4.67,5.00,4.83,4.00,4.00,4.00,4.00,3,3,2,3,3,3,2.67,3.00,2.84,1.00,1.00,1.00,1.00,1.00,5.00,10.00
173,I certify that I am 18 years of age or over,"Yes, I agree to take part",33,Female,,United Kingdom,Undergraduate degree,4.00,Never,1-10,0,Never,0.00,1,0,0,0,0,0,0,0,5,0.04,3,3,3,3,3,3.00,0,2,0,3,0,3,0,2,0,5,0,5,4,5,5,5,5,5,4,3,3,4,5,4,4.67,5.00,4.83,3.33,4.33,3.83,5.00,2,3,3,2,3,2,2.67,2.33,2.50,1.00,1.00,1.00,1.00,1.00,5.00,10.00
174,I certify that I am 18 years of age or over,"Yes, I agree to take part",35,Female,,United Kingdom,Further education,2.67,Never,1-10,0,Never,0.00,0,0,0,0,0,0,0,0,5,0.99,3,2,3,4,1,2.60,0,0,0,0,0,3,0,0,0,0,0,5,5,5,5,5,4,4,2,2,2,3,2,3,5.00,4.33,4.67,2.00,2.67,2.33,3.00,3,3,4,3,2,3,3.33,2.67,3.00,1.00,1.00,1.00,1.00,1.00,5.00,10.00
174,I certify that I am 18 years of age or over,"Yes, I agree to take part",35,Female,,United Kingdom,Further education,2.67,Never,1-10,0,Never,0.00,0,1,0,1,1,1,1,4,5,0.99,3,4,2,4,3,3.20,0,4,0,4,0,3,0,4,0,0,0,5,5,3,5,5,4,5,4,3,2,3,4,4,4.33,4.67,4.50,3.00,3.67,3.33,4.00,2,4,3,3,3,2,3.00,2.67,2.84,1.00,1.00,1.00,1.00,1.00,5.00,10.00
175,I certify that I am 18 years of age or over,"Yes, I agree to take part",28,Male,,Poland,Further education,3.50,Yearly,21-30,0,Never,0.00,0,0,0,0,0,0,0,0,5,0.55,2,4,3,4,3,3.20,1,1,0,1,0,7,0,1,0,2,1,5,5,2,4,4,2,4,3,4,5,4,5,5,3.67,3.33,3.50,4.00,4.67,4.33,3.00,1,2,1,1,5,3,1.33,3.00,2.17,0.00,0.20,0.00,0.10,0.00,0.30,18.70
175,I certify that I am 18 years of age or over,"Yes, I agree to take part",28,Male,,Poland,Further education,3.50,Yearly,21-30,0,Never,0.00,0,1,0,0,0,1,0,1,5,0.55,2,2,5,4,4,3.40,0,7,0,3,1,1,0,1,0,2,1,5,5,2,5,4,3,5,4,3,3,4,5,5,4.00,4.00,4.00,3.33,4.67,4.00,3.00,1,2,1,1,5,4,1.33,3.33,2.33,0.00,0.00,0.00,0.50,0.50,1.00,18.70
176,I certify that I am 18 years of age or over,"Yes, I agree to take part",35,Male,,United Kingdom,Undergraduate degree,4.17,Never,11-20,0,Never,0.00,0,1,0,0,1,1,0,2,5,1.18,5,5,4,5,4,4.60,0,2,0,3,0,2,0,1,1,5,1,5,4,4,4,4,3,4,2,2,2,3,4,4,4.00,3.67,3.83,2.00,3.67,2.83,4.00,2,4,3,2,4,2,3.00,2.67,2.84,0.35,0.35,0.35,0.35,0.35,1.75,16.50
176,I certify that I am 18 years of age or over,"Yes, I agree to take part",35,Male,,United Kingdom,Undergraduate degree,4.17,Never,11-20,0,Never,0.00,0,0,0,0,0,0,0,0,5,1.18,2,2,3,4,2,2.60,1,1,0,1,0,3,0,1,0,2,1,5,4,4,5,4,4,5,2,2,2,4,4,2,4.33,4.33,4.33,2.00,3.33,2.67,4.00,2,4,2,2,4,2,2.67,2.67,2.67,0.35,0.35,0.35,0.35,0.35,1.75,16.50
177,I certify that I am 18 years of age or over,"Yes, I agree to take part",32,Other,Non-binary,Italy,Further education,2.50,Yearly,21-30,0,Never,0.00,1,0,0,0,0,0,0,0,5,-0.14,3,2,4,3,2,2.80,0,3,0,4,0,5,0,3,0,4,0,5,4,4,4,4,4,4,4,3,3,3,4,4,4.00,4.00,4.00,3.33,3.67,3.50,4.00,3,4,3,2,4,2,3.33,2.67,3.00,0.00,1.00,0.00,1.00,0.00,2.00,15.00
177,I certify that I am 18 years of age or over,"Yes, I agree to take part",32,Other,Non-binary,Italy,Further education,2.50,Yearly,21-30,0,Never,0.00,1,1,0,0,1,0,1,2,5,-0.14,2,4,2,4,4,3.20,0,6,1,2,0,2,0,4,1,5,2,5,4,4,4,4,4,4,4,3,4,2,3,3,4.00,4.00,4.00,3.67,2.67,3.17,4.00,3,4,2,2,4,2,3.00,2.67,2.84,0.00,0.00,1.00,1.00,1.00,3.00,15.00
178,I certify that I am 18 years of age or over,"Yes, I agree to take part",33,Male,,United States of America,Secondary school,1.83,Never,1-10,1,More than 1 year ago,90.00,1,1,1,0,1,1,0,3,5,0.93,4,3,4,5,4,4.00,0,3,0,1,0,4,0,4,0,4,0,5,4,4,4,5,4,4,3,3,5,3,5,4,4.00,4.33,4.17,3.67,4.00,3.83,4.00,2,4,2,4,4,2,2.67,3.33,3.00,0.00,0.00,0.00,0.00,0.00,0.00,20.00
178,I certify that I am 18 years of age or over,"Yes, I agree to take part",33,Male,,United States of America,Secondary school,1.83,Never,1-10,1,More than 1 year ago,90.00,1,0,0,1,0,0,0,1,5,0.93,3,2,3,3,3,2.80,0,3,0,4,0,1,0,1,1,1,1,5,5,4,5,5,4,4,2,4,5,4,4,4,4.67,4.33,4.50,3.67,4.00,3.83,4.00,3,4,2,4,5,2,3.00,3.67,3.34,0.00,0.00,0.00,0.00,0.00,0.00,20.00
179,I certify that I am 18 years of age or over,"Yes, I agree to take part",25,Male,,Portugal,Postgraduate degree,3.50,Yearly,11-20,0,Never,0.00,1,1,1,0,0,1,0,2,5,0.28,2,3,4,5,3,3.40,0,5,0,5,0,6,1,5,0,3,1,5,4,5,4,4,2,4,4,4,4,2,4,4,4.33,3.33,3.83,4.00,3.33,3.67,4.00,2,4,3,3,4,3,3.00,3.33,3.17,2.00,2.00,2.00,2.00,2.00,10.00,0.00
179,I certify that I am 18 years of age or over,"Yes, I agree to take part",25,Male,,Portugal,Postgraduate degree,3.50,Yearly,11-20,0,Never,0.00,1,0,0,0,0,1,0,1,5,0.28,2,3,4,5,4,3.60,0,3,0,3,0,4,0,0,0,4,0,5,4,5,4,4,5,3,4,4,4,4,4,5,4.33,4.00,4.17,4.00,4.33,4.17,4.00,4,3,3,3,4,3,3.33,3.33,3.33,1.00,2.00,2.00,3.00,2.00,10.00,0.00
180,I certify that I am 18 years of age or over,"Yes, I agree to take part",27,Female,,Portugal,Secondary school,3.83,Never,1-10,1,More than 1 year ago,1.00,0,1,0,0,1,1,0,2,5,0.86,5,4,4,5,4,4.40,0,4,0,4,1,1,1,5,0,3,2,5,5,4,4,5,4,4,2,2,2,2,3,3,4.33,4.33,4.33,2.00,2.67,2.33,4.00,2,4,4,2,4,4,3.33,3.33,3.33,1.00,1.00,1.00,2.00,2.00,7.00,5.00
180,I certify that I am 18 years of age or over,"Yes, I agree to take part",27,Female,,Portugal,Secondary school,3.83,Never,1-10,1,More than 1 year ago,1.00,0,0,0,0,0,0,0,0,5,0.86,4,2,3,4,2,3.00,1,1,0,2,0,3,0,1,1,1,2,5,4,5,5,5,5,5,2,1,2,2,3,2,4.67,5.00,4.83,1.67,2.33,2.00,4.00,3,4,4,2,4,4,3.67,3.33,3.50,1.00,2.00,2.00,2.00,1.00,8.00,5.00
181,I certify that I am 18 years of age or over,"Yes, I agree to take part",31,Female,,Italy,Undergraduate degree,4.83,Yearly,1-10,0,Never,0.00,0,1,1,0,1,0,1,3,5,0.43,5,5,5,4,5,4.80,0,6,0,4,0,5,0,3,0,6,0,5,3,4,5,4,3,5,5,3,3,5,3,5,4.00,4.00,4.00,3.67,4.33,4.00,4.00,3,4,3,1,1,1,3.33,1.00,2.17,1.00,1.00,1.00,1.00,1.00,5.00,10.00
181,I certify that I am 18 years of age or over,"Yes, I agree to take part",31,Female,,Italy,Undergraduate degree,4.83,Yearly,1-10,0,Never,0.00,0,0,0,0,0,0,0,0,5,0.43,5,5,5,5,5,5.00,0,2,1,5,0,3,0,3,0,4,1,5,5,4,5,5,4,5,3,3,3,4,3,3,4.67,4.67,4.67,3.00,3.33,3.17,5.00,3,4,3,1,1,1,3.33,1.00,2.17,1.00,1.00,1.00,1.00,1.00,5.00,10.00
182,I certify that I am 18 years of age or over,"Yes, I agree to take part",23,Female,,Poland,Undergraduate degree,3.60,Yearly,31+,1,More than 1 year ago,10.00,1,0,0,0,0,0,0,0,5,0.35,3,4,2,4,3,3.20,0,2,1,5,0,6,1,5,0,0,2,5,5,5,5,5,5,5,4,4,5,4,5,4,5.00,5.00,5.00,4.33,4.33,4.33,3.00,1,3,1,1,4,1,1.67,2.00,1.84,0.50,0.50,0.50,0.50,0.50,2.50,14.00
182,I certify that I am 18 years of age or over,"Yes, I agree to take part",23,Female,,Poland,Undergraduate degree,3.60,Yearly,31+,1,More than 1 year ago,10.00,1,1,0,0,1,1,0,2,5,0.35,4,5,4,5,5,4.60,0,2,0,0,1,1,0,4,0,0,1,5,4,5,5,4,5,5,4,3,3,2,5,4,4.67,4.67,4.67,3.33,3.67,3.50,4.00,2,4,2,1,4,1,2.67,2.00,2.34,0.50,1.00,0.50,1.00,0.50,3.50,14.00
183,I certify that I am 18 years of age or over,"Yes, I agree to take part",43,Female,,Italy,Undergraduate degree,4.67,Yearly,11-20,0,Never,0.00,1,1,0,0,1,1,1,3,5,1.10,5,5,4,5,5,4.80,0,3,0,1,0,3,0,3,1,5,1,5,5,5,5,5,5,4,4,3,4,4,4,4,5.00,4.67,4.83,3.67,4.00,3.83,4.00,1,1,1,1,2,1,1.00,1.33,1.17,2.00,2.00,2.00,2.00,2.00,10.00,0.00
183,I certify that I am 18 years of age or over,"Yes, I agree to take part",43,Female,,Italy,Undergraduate degree,4.67,Yearly,11-20,0,Never,0.00,1,0,1,1,0,0,0,2,5,1.10,5,5,5,5,5,5.00,0,2,0,2,0,4,0,3,0,3,0,5,5,5,5,5,5,5,4,4,4,4,4,4,5.00,5.00,5.00,4.00,4.00,4.00,4.00,1,1,1,1,2,1,1.00,1.33,1.17,2.00,2.00,2.00,2.00,2.00,10.00,0.00
185,I certify that I am 18 years of age or over,"Yes, I agree to take part",33,Female,,Germany,Postgraduate degree,3.17,Yearly,1-10,1,Within the last week,1000.00,0,0,0,1,1,1,1,4,5,0.84,1,2,2,3,2,2.00,0,3,1,5,0,4,0,2,0,5,1,5,5,4,4,5,4,4,2,4,4,4,5,4,4.33,4.33,4.33,3.33,4.33,3.83,3.00,1,3,2,1,4,1,2.00,2.00,2.00,0.20,0.20,0.20,0.20,0.20,1.00,11.50
185,I certify that I am 18 years of age or over,"Yes, I agree to take part",33,Female,,Germany,Postgraduate degree,3.17,Yearly,1-10,1,Within the last week,1000.00,0,1,1,1,1,0,1,4,5,0.84,5,5,4,4,3,4.20,0,5,0,4,0,4,0,3,1,5,1,5,5,4,4,5,4,4,4,4,2,5,5,5,4.33,4.33,4.33,3.33,5.00,4.17,4.00,1,3,1,3,4,1,1.67,2.67,2.17,2.00,2.00,0.50,1.00,2.00,7.50,11.50
186,I certify that I am 18 years of age or over,"Yes, I agree to take part",23,Male,,Portugal,Undergraduate degree,3.83,Never,1-10,0,Never,0.00,1,1,0,0,1,0,0,1,5,0.36,2,4,4,5,3,3.60,0,5,0,7,0,5,0,6,0,3,0,5,5,5,5,5,5,5,1,1,2,1,2,3,5.00,5.00,5.00,1.33,2.00,1.67,3.00,1,1,1,1,1,1,1.00,1.00,1.00,0.00,0.00,0.00,0.00,0.00,0.00,20.00
186,I certify that I am 18 years of age or over,"Yes, I agree to take part",23,Male,,Portugal,Undergraduate degree,3.83,Never,1-10,0,Never,0.00,1,0,0,0,0,0,0,0,5,0.36,1,1,1,4,2,1.80,0,3,0,3,0,3,0,4,0,4,0,5,5,4,5,5,4,5,1,3,2,1,3,3,4.67,4.67,4.67,2.00,2.33,2.17,3.00,1,1,1,1,1,1,1.00,1.00,1.00,0.00,0.00,0.00,0.00,0.00,0.00,20.00
187,I certify that I am 18 years of age or over,"Yes, I agree to take part",32,Male,,The Netherlands,Undergraduate degree,4.00,Yearly,11-20,1,Within the last month,100.00,1,1,1,1,1,0,1,4,5,0.44,4,5,4,5,3,4.20,1,1,0,1,1,1,1,5,0,2,3,5,5,5,5,5,5,5,4,3,2,4,4,4,5.00,5.00,5.00,3.00,4.00,3.50,4.00,2,4,3,1,4,1,3.00,2.00,2.50,2.00,2.00,2.00,2.00,2.00,10.00,0.00
187,I certify that I am 18 years of age or over,"Yes, I agree to take part",32,Male,,The Netherlands,Undergraduate degree,4.00,Yearly,11-20,1,Within the last month,100.00,1,0,0,1,1,0,1,3,5,0.44,3,4,4,4,4,3.80,1,1,0,3,1,2,0,4,0,4,2,5,5,4,5,4,4,5,3,3,2,4,4,4,4.67,4.33,4.50,2.67,4.00,3.33,5.00,1,4,4,1,4,1,3.00,2.00,2.50,2.00,2.00,2.00,2.00,2.00,10.00,0.00
188,I certify that I am 18 years of age or over,"Yes, I agree to take part",23,Female,,Italy,Further education,3.33,Never,11-20,0,Never,0.00,1,1,0,0,0,1,0,1,5,0.06,3,3,2,3,4,3.00,0,7,0,6,0,2,1,5,0,4,1,5,3,3,4,3,3,4,3,3,4,3,3,3,3.33,3.33,3.33,3.33,3.00,3.17,3.00,3,3,3,3,4,3,3.00,3.33,3.17,0.00,0.00,0.00,0.00,0.00,0.00,20.00
188,I certify that I am 18 years of age or over,"Yes, I agree to take part",23,Female,,Italy,Further education,3.33,Never,11-20,0,Never,0.00,1,0,1,0,0,1,0,2,5,0.06,3,2,4,3,3,3.00,0,3,0,2,0,7,0,3,0,2,0,5,3,3,4,3,3,3,3,2,3,3,3,4,3.33,3.00,3.17,2.67,3.33,3.00,3.00,4,3,3,4,3,3,3.33,3.33,3.33,0.00,0.00,0.00,0.00,0.00,0.00,20.00
189,I certify that I am 18 years of age or over,"Yes, I agree to take part",22,Female,,Portugal,Further education,3.67,Never,1-10,0,Never,0.00,1,1,1,1,1,1,1,5,5,-0.19,3,4,5,4,4,4.00,0,3,0,3,0,2,0,1,1,5,1,5,5,4,5,5,4,3,3,3,4,4,5,5,4.67,4.00,4.33,3.33,4.67,4.00,4.00,3,3,3,3,4,4,3.00,3.67,3.34,1.80,1.80,1.80,1.80,1.80,9.00,2.00
189,I certify that I am 18 years of age or over,"Yes, I agree to take part",22,Female,,Portugal,Further education,3.67,Never,1-10,0,Never,0.00,1,0,0,1,1,1,1,4,5,-0.19,3,4,2,3,4,3.20,0,4,0,3,0,4,0,3,0,4,0,5,5,4,5,5,4,4,3,3,3,3,4,4,4.67,4.33,4.50,3.00,3.67,3.33,4.00,3,3,3,3,4,4,3.00,3.67,3.34,1.80,1.80,1.80,1.80,1.80,9.00,2.00
190,I certify that I am 18 years of age or over,"Yes, I agree to take part",24,Male,,Portugal,Undergraduate degree,2.33,Never,31+,1,More than 1 year ago,6.00,1,0,0,0,0,1,0,1,5,0.28,3,1,3,2,3,2.40,0,0,0,0,0,0,0,4,0,0,0,5,5,4,5,5,4,5,2,2,2,2,2,3,4.67,4.67,4.67,2.00,2.33,2.17,3.00,5,5,3,5,5,5,4.33,5.00,4.67,0.00,1.00,1.00,1.00,1.00,4.00,7.00
190,I certify that I am 18 years of age or over,"Yes, I agree to take part",24,Male,,Portugal,Undergraduate degree,2.33,Never,31+,1,More than 1 year ago,6.00,1,1,0,0,1,1,0,2,5,0.28,4,4,1,5,5,3.80,0,0,0,1,0,3,0,4,0,2,0,5,5,3,5,4,3,4,1,1,4,3,2,4,4.33,3.67,4.00,2.00,3.00,2.50,3.00,4,5,3,5,5,5,4.00,5.00,4.50,2.00,0.00,0.00,4.00,3.00,9.00,7.00
192,I certify that I am 18 years of age or over,"Yes, I agree to take part",30,Female,,United Kingdom,Further education,2.67,Yearly,11-20,0,Never,0.00,1,0,1,0,0,1,0,2,5,0.29,2,2,2,2,2,2.00,0,0,0,0,0,0,0,3,0,0,0,5,3,3,3,3,3,4,3,3,3,3,3,3,3.00,3.33,3.17,3.00,3.00,3.00,3.00,3,3,3,3,3,3,3.00,3.00,3.00,0.00,0.00,0.50,0.50,0.00,1.00,15.00
192,I certify that I am 18 years of age or over,"Yes, I agree to take part",30,Female,,United Kingdom,Further education,2.67,Yearly,11-20,0,Never,0.00,1,1,0,0,1,1,0,2,5,0.29,3,3,3,4,2,3.00,0,5,0,4,0,5,0,3,1,5,1,5,3,3,3,3,3,4,3,3,3,3,3,3,3.00,3.33,3.17,3.00,3.00,3.00,3.00,2,3,3,3,3,3,2.67,3.00,2.84,0.50,1.00,1.00,1.50,0.00,4.00,15.00
193,I certify that I am 18 years of age or over,"Yes, I agree to take part",26,Male,,Portugal,Postgraduate degree,3.17,Never,11-20,0,Never,0.00,1,1,0,0,1,0,0,1,5,1.16,3,4,1,4,3,3.00,0,0,0,0,0,2,0,3,0,0,0,5,4,2,4,3,2,4,3,3,4,3,4,3,3.33,3.00,3.17,3.33,3.33,3.33,3.00,4,2,4,4,1,3,3.33,2.67,3.00,2.00,2.00,2.00,2.00,2.00,10.00,0.00
193,I certify that I am 18 years of age or over,"Yes, I agree to take part",26,Male,,Portugal,Postgraduate degree,3.17,Never,11-20,0,Never,0.00,1,0,0,0,0,0,0,0,5,1.16,1,1,3,3,3,2.20,1,1,0,0,0,0,0,0,0,0,1,5,2,2,4,3,2,4,3,3,3,4,4,4,2.67,3.00,2.83,3.00,4.00,3.50,3.00,4,2,2,4,1,4,2.67,3.00,2.84,2.00,2.00,2.00,2.00,2.00,10.00,0.00
195,I certify that I am 18 years of age or over,"Yes, I agree to take part",24,Male,,Italy,Further education,4.67,Yearly,21-30,1,Within the last week,35.00,1,1,0,0,0,1,0,1,5,0.91,2,2,1,5,4,2.80,0,3,0,1,1,1,0,4,0,3,1,5,5,3,4,5,2,3,2,1,1,2,2,2,4.00,3.33,3.67,1.33,2.00,1.67,4.00,3,4,3,3,4,3,3.33,3.33,3.33,0.00,0.00,0.00,1.00,2.00,3.00,12.00
195,I certify that I am 18 years of age or over,"Yes, I agree to take part",24,Male,,Italy,Further education,4.67,Yearly,21-30,1,Within the last week,35.00,1,0,0,0,0,1,0,1,5,0.91,4,5,5,5,5,4.80,0,4,0,2,0,5,0,1,0,2,0,5,5,3,3,4,4,4,3,2,2,2,2,3,3.67,4.00,3.83,2.33,2.33,2.33,5.00,3,4,2,3,4,3,3.00,3.33,3.17,0.00,1.00,2.00,1.00,1.00,5.00,12.00
196,I certify that I am 18 years of age or over,"Yes, I agree to take part",23,Female,,United Kingdom,Undergraduate degree,4.67,Yearly,1-10,1,Within the last 3 months,9.00,1,0,0,0,0,0,0,0,5,0.00,1,1,3,2,2,1.80,0,3,0,2,0,3,0,3,1,1,1,5,5,5,5,5,4,5,3,4,4,3,5,4,5.00,4.67,4.83,3.67,4.00,3.83,4.00,2,2,4,4,4,4,2.67,4.00,3.34,0.50,0.50,0.50,1.00,0.50,3.00,9.00
196,I certify that I am 18 years of age or over,"Yes, I agree to take part",23,Female,,United Kingdom,Undergraduate degree,4.67,Yearly,1-10,1,Within the last 3 months,9.00,1,1,1,0,1,0,1,3,5,0.00,4,4,2,5,5,4.00,0,4,1,2,1,1,0,4,0,4,2,5,5,5,5,5,5,5,3,4,5,4,4,5,5.00,5.00,5.00,4.00,4.33,4.17,4.00,4,4,2,4,4,4,3.33,4.00,3.67,2.00,1.50,0.50,2.00,2.00,8.00,9.00
197,I certify that I am 18 years of age or over,"Yes, I agree to take part",31,Female,,United Kingdom,Secondary school,4.00,Yearly,21-30,1,Within the last month,271.00,1,1,1,0,1,1,1,4,5,1.14,4,5,4,5,3,4.20,0,4,0,4,0,3,0,1,1,5,1,5,5,4,5,5,5,5,3,3,5,5,5,5,4.67,5.00,4.83,3.67,5.00,4.33,5.00,1,3,1,1,3,1,1.67,1.67,1.67,0.00,0.00,0.00,0.00,0.00,0.00,20.00
197,I certify that I am 18 years of age or over,"Yes, I agree to take part",31,Female,,United Kingdom,Secondary school,4.00,Yearly,21-30,1,Within the last month,271.00,1,0,0,1,0,1,0,2,5,1.14,3,3,3,3,3,3.00,0,5,1,5,0,3,0,3,0,3,1,5,5,4,5,5,4,5,3,3,5,5,5,5,4.67,4.67,4.67,3.67,5.00,4.33,5.00,1,3,1,1,1,1,1.67,1.00,1.34,0.00,0.00,0.00,0.00,0.00,0.00,20.00
198,I certify that I am 18 years of age or over,"Yes, I agree to take part",24,Male,,United States of America,Further education,3.17,Never,31+,0,Never,0.00,0,0,0,0,0,0,0,0,5,0.09,4,4,3,4,4,3.80,0,0,0,4,0,3,0,0,0,3,0,5,3,3,4,2,4,4,2,2,2,4,4,4,3.33,3.33,3.33,2.00,4.00,3.00,2.00,5,5,5,5,1,5,5.00,3.67,4.34,0.00,0.00,0.00,0.00,0.00,0.00,20.00
198,I certify that I am 18 years of age or over,"Yes, I agree to take part",24,Male,,United States of America,Further education,3.17,Never,31+,0,Never,0.00,0,1,0,0,1,1,0,2,5,0.09,4,4,2,4,3,3.40,0,0,0,0,1,1,0,3,0,0,1,5,4,3,4,4,3,5,2,2,2,4,2,4,3.67,4.00,3.83,2.00,3.33,2.67,4.00,4,1,5,5,1,5,3.33,3.67,3.50,0.00,0.00,0.00,0.00,0.00,0.00,20.00
199,I certify that I am 18 years of age or over,"Yes, I agree to take part",28,Female,,Portugal,Postgraduate degree,3.83,Never,21-30,0,Never,0.00,0,1,1,0,1,1,0,3,5,0.04,4,4,2,4,5,3.80,0,2,0,1,1,1,0,6,0,3,1,5,5,4,5,4,4,5,4,4,5,4,4,5,4.67,4.33,4.50,4.33,4.33,4.33,5.00,1,2,1,1,4,1,1.33,2.00,1.67,1.00,1.00,1.00,1.00,1.00,5.00,10.00
199,I certify that I am 18 years of age or over,"Yes, I agree to take part",28,Female,,Portugal,Postgraduate degree,3.83,Never,21-30,0,Never,0.00,0,0,0,0,0,0,0,0,5,0.04,2,2,2,2,2,2.00,1,1,1,5,0,5,0,3,0,4,2,5,5,4,5,4,4,5,3,4,5,4,5,5,4.67,4.33,4.50,4.00,4.67,4.33,5.00,1,2,1,1,4,1,1.33,2.00,1.67,1.00,1.00,1.00,1.00,1.00,5.00,10.00
200,I certify that I am 18 years of age or over,"Yes, I agree to take part",22,Male,,Portugal,Undergraduate degree,4.50,Never,11-20,0,Never,0.00,0,0,0,0,0,0,1,1,5,0.59,3,4,3,2,2,2.80,0,4,0,2,0,4,0,2,0,2,0,5,5,4,4,5,3,4,3,3,2,4,4,3,4.33,4.00,4.17,2.67,3.67,3.17,4.00,2,4,2,2,3,2,2.67,2.33,2.50,1.00,2.00,1.00,1.00,2.00,7.00,0.50
200,I certify that I am 18 years of age or over,"Yes, I agree to take part",22,Male,,Portugal,Undergraduate degree,4.50,Never,11-20,0,Never,0.00,0,1,1,0,1,1,0,3,5,0.59,2,3,2,5,5,3.40,0,6,0,5,0,4,0,3,0,3,0,5,5,4,3,5,1,5,4,3,4,4,4,4,4.00,3.67,3.83,3.67,4.00,3.83,5.00,2,3,2,4,2,2,2.33,2.67,2.50,1.00,3.50,2.00,3.50,2.50,12.50,0.50
202,I certify that I am 18 years of age or over,"Yes, I agree to take part",22,Female,,Italy,Undergraduate degree,2.00,Never,11-20,0,Never,0.00,0,0,0,0,0,0,0,0,5,0.76,2,1,2,1,1,1.40,0,0,0,0,0,0,0,3,0,0,0,5,4,4,4,4,3,4,3,3,3,2,3,4,4.00,3.67,3.83,3.00,3.00,3.00,4.00,3,3,2,2,3,2,2.67,2.33,2.50,0.40,0.40,0.40,0.40,0.40,2.00,10.00
202,I certify that I am 18 years of age or over,"Yes, I agree to take part",22,Female,,Italy,Undergraduate degree,2.00,Never,11-20,0,Never,0.00,0,1,0,0,1,0,0,1,5,0.76,3,3,3,4,2,3.00,0,0,0,0,0,0,0,0,0,0,0,5,5,3,3,4,2,4,2,2,3,3,3,2,3.67,3.33,3.50,2.33,2.67,2.50,4.00,2,3,2,2,4,3,2.33,3.00,2.67,4.00,0.20,0.40,0.40,3.00,8.00,10.00
203,I certify that I am 18 years of age or over,"Yes, I agree to take part",27,Male,,Australia,Undergraduate degree,3.67,Never,31+,0,Never,0.00,1,1,0,0,1,1,1,3,5,-0.01,4,4,1,2,5,3.20,1,1,0,1,1,1,0,1,0,3,2,5,5,4,5,5,4,5,4,4,5,4,4,5,4.67,4.67,4.67,4.33,4.33,4.33,4.00,3,4,4,3,5,3,3.67,3.67,3.67,0.00,0.00,0.00,0.00,0.00,0.00,20.00
203,I certify that I am 18 years of age or over,"Yes, I agree to take part",27,Male,,Australia,Undergraduate degree,3.67,Never,31+,0,Never,0.00,1,0,1,0,0,0,1,2,5,-0.01,2,2,4,3,3,2.80,0,0,0,2,0,0,0,1,0,3,0,5,5,4,4,5,4,5,4,4,5,4,4,5,4.33,4.67,4.50,4.33,4.33,4.33,4.00,3,4,4,3,5,3,3.67,3.67,3.67,0.00,0.00,0.00,0.00,0.00,0.00,20.00
204,I certify that I am 18 years of age or over,"Yes, I agree to take part",30,Female,,United Kingdom,Postgraduate degree,3.33,Never,11-20,0,Never,0.00,0,1,1,0,1,0,1,3,5,0.98,4,4,3,5,5,4.20,0,3,0,4,0,2,0,4,0,4,0,5,5,4,5,5,4,5,3,4,4,4,4,4,4.67,4.67,4.67,3.67,4.00,3.83,4.00,3,5,3,3,5,3,3.67,3.67,3.67,1.50,1.50,1.50,1.50,1.50,7.50,5.00
204,I certify that I am 18 years of age or over,"Yes, I agree to take part",30,Female,,United Kingdom,Postgraduate degree,3.33,Never,11-20,0,Never,0.00,0,0,0,0,0,0,0,0,5,0.98,2,3,3,3,3,2.80,0,3,0,6,0,4,1,5,0,5,1,5,4,4,5,5,4,5,3,3,4,3,4,5,4.33,4.67,4.50,3.33,4.00,3.67,4.00,1,5,3,3,5,3,3.00,3.67,3.34,1.50,1.50,1.50,1.50,1.50,7.50,5.00
205,I certify that I am 18 years of age or over,"Yes, I agree to take part",41,Male,,Spain,Secondary school,3.50,Never,11-20,1,More than 1 year ago,4.00,0,1,1,0,0,1,1,3,5,0.73,3,4,4,4,4,3.80,0,6,0,3,1,1,0,3,1,5,2,5,4,4,4,5,3,4,4,4,4,4,3,4,4.00,4.00,4.00,4.00,3.67,3.83,4.00,4,3,3,4,3,3,3.33,3.33,3.33,2.00,2.00,2.00,2.00,2.00,10.00,0.00
205,I certify that I am 18 years of age or over,"Yes, I agree to take part",41,Male,,Spain,Secondary school,3.50,Never,11-20,1,More than 1 year ago,4.00,0,0,0,0,1,0,1,2,5,0.73,5,3,5,4,5,4.40,0,4,0,6,0,4,0,1,0,4,0,5,5,4,4,5,4,5,4,4,2,4,3,4,4.33,4.67,4.50,3.33,3.67,3.50,4.00,4,4,3,3,3,3,3.67,3.00,3.34,2.00,2.00,2.00,2.00,2.00,10.00,0.00
206,I certify that I am 18 years of age or over,"Yes, I agree to take part",23,Male,,Poland,Further education,3.17,Never,11-20,0,Never,0.00,0,1,0,0,0,1,1,2,5,0.31,3,4,3,4,2,3.20,0,0,0,3,0,0,0,1,0,0,0,5,3,4,3,4,4,4,1,2,2,2,2,2,3.33,4.00,3.67,1.67,2.00,1.83,2.00,4,4,4,4,4,4,4.00,4.00,4.00,0.00,0.00,0.00,0.00,0.00,0.00,20.00
206,I certify that I am 18 years of age or over,"Yes, I agree to take part",23,Male,,Poland,Further education,3.17,Never,11-20,0,Never,0.00,0,0,1,1,0,0,0,2,5,0.31,3,2,3,2,2,2.40,0,4,0,2,0,0,0,0,0,4,0,5,3,4,4,4,3,3,2,2,2,2,2,2,3.67,3.33,3.50,2.00,2.00,2.00,2.00,4,4,4,4,5,4,4.00,4.33,4.17,0.00,0.00,0.00,0.00,0.00,0.00,20.00
208,I certify that I am 18 years of age or over,"Yes, I agree to take part",33,Female,,United States of America,Further education,3.83,Yearly,11-20,0,Never,0.00,1,1,1,0,1,1,1,4,5,1.05,3,3,3,3,3,3.00,0,0,0,0,0,0,0,0,0,0,0,5,5,5,5,5,5,5,3,4,4,4,5,5,5.00,5.00,5.00,3.67,4.67,4.17,5.00,3,3,3,4,4,4,3.00,4.00,3.50,1.00,1.00,1.00,1.00,1.00,5.00,10.00
208,I certify that I am 18 years of age or over,"Yes, I agree to take part",33,Female,,United States of America,Further education,3.83,Yearly,11-20,0,Never,0.00,1,0,0,0,0,1,0,1,5,1.05,2,3,3,3,3,2.80,0,0,0,0,0,0,0,0,0,0,0,5,5,5,5,5,5,5,3,3,4,3,5,4,5.00,5.00,5.00,3.33,4.00,3.67,5.00,3,3,3,4,4,4,3.00,4.00,3.50,1.00,1.00,1.00,1.00,1.00,5.00,10.00
209,I certify that I am 18 years of age or over,"Yes, I agree to take part",23,Female,,Switzerland,Undergraduate degree,3.33,Monthly,11-20,0,Never,0.00,1,1,0,1,1,1,1,4,5,0.24,3,4,4,5,3,3.80,0,4,0,4,0,4,0,4,1,5,1,5,5,5,5,5,5,5,3,4,3,3,4,4,5.00,5.00,5.00,3.33,3.67,3.50,5.00,1,1,1,1,1,1,1.00,1.00,1.00,2.00,2.00,2.00,2.00,2.00,10.00,0.00
209,I certify that I am 18 years of age or over,"Yes, I agree to take part",23,Female,,Switzerland,Undergraduate degree,3.33,Monthly,11-20,0,Never,0.00,1,0,1,0,0,0,0,1,5,0.24,4,3,3,3,3,3.20,0,2,0,3,1,2,0,2,0,2,1,5,5,5,5,5,5,5,2,4,3,3,4,4,5.00,5.00,5.00,3.00,3.67,3.33,5.00,1,1,1,1,1,1,1.00,1.00,1.00,2.00,2.00,2.00,2.00,2.00,10.00,0.00
210,I certify that I am 18 years of age or over,"Yes, I agree to take part",32,Female,,United Kingdom,Further education,4.00,Never,1-10,0,Never,0.00,0,1,1,0,1,1,1,4,5,0.44,5,4,2,5,4,4.00,0,4,0,5,0,4,0,4,1,5,1,5,5,5,5,5,5,5,2,3,4,3,3,3,5.00,5.00,5.00,3.00,3.00,3.00,4.00,3,3,3,3,3,3,3.00,3.00,3.00,0.50,0.50,0.50,0.50,0.50,2.50,15.00
210,I certify that I am 18 years of age or over,"Yes, I agree to take part",32,Female,,United Kingdom,Further education,4.00,Never,1-10,0,Never,0.00,0,0,0,0,0,0,0,0,5,0.44,1,2,3,3,2,2.20,0,3,0,7,0,5,0,4,0,5,0,5,5,5,5,5,5,5,3,4,3,3,3,3,5.00,5.00,5.00,3.33,3.00,3.17,4.00,2,2,3,3,3,3,2.33,3.00,2.67,0.50,0.50,0.50,0.50,0.50,2.50,15.00
211,I certify that I am 18 years of age or over,"Yes, I agree to take part",23,Female,,Australia,Further education,3.50,Never,11-20,0,Never,0.00,0,1,0,0,0,1,0,1,5,0.32,4,4,4,4,4,4.00,0,3,0,3,0,3,0,4,0,4,0,5,5,5,5,5,5,5,5,5,5,5,5,5,5.00,5.00,5.00,5.00,5.00,5.00,5.00,4,5,4,2,4,4,4.33,3.33,3.83,0.00,0.00,0.00,0.00,0.00,0.00,20.00
211,I certify that I am 18 years of age or over,"Yes, I agree to take part",23,Female,,Australia,Further education,3.50,Never,11-20,0,Never,0.00,0,0,0,0,0,0,0,0,5,0.32,2,4,4,4,4,3.60,0,0,0,2,0,3,0,3,0,4,0,5,5,5,5,5,5,5,5,5,5,5,5,5,5.00,5.00,5.00,5.00,5.00,5.00,5.00,4,4,4,2,4,4,4.00,3.33,3.67,0.00,0.00,0.00,0.00,0.00,0.00,20.00
212,I certify that I am 18 years of age or over,"Yes, I agree to take part",24,Female,,United States of America,Further education,3.40,Never,11-20,1,More than 1 year ago,2.00,0,1,1,0,1,1,1,4,5,0.83,3,4,3,5,2,3.40,0,3,0,4,0,3,1,5,0,3,1,5,5,4,5,5,4,5,3,4,4,4,4,4,4.67,4.67,4.67,3.67,4.00,3.83,4.00,1,4,1,3,3,2,2.00,2.67,2.34,1.00,1.00,1.00,1.00,1.00,5.00,10.00
212,I certify that I am 18 years of age or over,"Yes, I agree to take part",24,Female,,United States of America,Further education,3.40,Never,11-20,1,More than 1 year ago,2.00,0,0,0,0,1,1,0,2,5,0.83,4,3,4,3,4,3.60,0,2,0,3,0,3,0,3,0,4,0,5,5,4,5,5,4,5,3,4,4,4,4,4,4.67,4.67,4.67,3.67,4.00,3.83,4.00,1,4,1,2,3,2,2.00,2.33,2.17,1.00,1.00,1.00,1.00,1.00,5.00,10.00
213,I certify that I am 18 years of age or over,"Yes, I agree to take part",26,Female,,United Kingdom,Undergraduate degree,3.40,Yearly,11-20,1,Within the last 6 months,2.50,1,1,1,0,1,0,1,3,5,0.24,3,4,3,5,5,4.00,1,1,0,0,0,2,0,1,0,3,1,5,4,1,4,5,5,4,4,4,5,5,5,5,3.00,4.67,3.83,4.33,5.00,4.67,5.00,2,2,3,2,2,2,2.33,2.00,2.17,1.00,1.00,1.00,1.50,1.50,6.00,7.50
213,I certify that I am 18 years of age or over,"Yes, I agree to take part",26,Female,,United Kingdom,Undergraduate degree,3.40,Yearly,11-20,1,Within the last 6 months,2.50,1,0,0,0,0,0,0,0,5,0.24,2,3,3,4,3,3.00,0,4,0,4,0,5,0,3,0,4,0,5,5,4,5,5,5,5,4,4,2,4,5,5,4.67,5.00,4.83,3.33,4.67,4.00,5.00,2,2,2,3,3,3,2.00,3.00,2.50,1.00,1.50,1.50,1.50,1.00,6.50,7.50
214,I certify that I am 18 years of age or over,"Yes, I agree to take part",25,Other,Prefer not to say,Ireland,Postgraduate degree,3.83,Never,1-10,0,Never,0.00,0,0,0,0,0,0,0,0,5,0.63,4,4,5,5,5,4.60,0,2,1,5,0,3,0,2,1,1,2,5,5,4,5,5,5,5,4,4,4,4,4,4,4.67,5.00,4.83,4.00,4.00,4.00,4.00,2,2,2,5,5,5,2.00,5.00,3.50,1.50,3.00,2.00,0.50,0.00,7.00,0.00
214,I certify that I am 18 years of age or over,"Yes, I agree to take part",25,Other,Prefer not to say,Ireland,Postgraduate degree,3.83,Never,1-10,0,Never,0.00,0,1,1,0,1,0,1,3,5,0.63,5,5,5,5,5,5.00,0,4,0,5,0,4,0,4,0,3,0,5,5,4,5,5,4,2,4,4,4,4,4,4,4.67,3.67,4.17,4.00,4.00,4.00,5.00,2,2,4,4,5,5,2.67,4.67,3.67,1.00,3.00,3.00,5.00,1.00,13.00,0.00
215,I certify that I am 18 years of age or over,"Yes, I agree to take part",22,Male,,Portugal,Undergraduate degree,4.17,Once every 3 months,11-20,1,Within the last 3 months,7.00,0,0,1,0,0,0,0,1,5,0.33,1,1,2,3,1,1.60,1,1,0,3,0,6,0,1,1,1,2,5,1,1,2,3,1,4,1,2,2,4,4,4,1.33,2.67,2.00,1.67,4.00,2.83,4.00,2,4,3,3,4,2,3.00,3.00,3.00,0.00,0.00,0.00,0.00,0.00,0.00,10.00
215,I certify that I am 18 years of age or over,"Yes, I agree to take part",22,Male,,Portugal,Undergraduate degree,4.17,Once every 3 months,11-20,1,Within the last 3 months,7.00,0,1,0,0,0,0,0,0,5,0.33,5,4,3,5,2,3.80,1,1,0,1,1,1,0,3,1,5,3,5,2,4,2,2,4,2,3,3,2,4,2,4,2.67,2.67,2.67,2.67,3.33,3.00,4.00,2,4,2,3,4,2,2.67,3.00,2.84,2.50,2.50,0.00,2.50,2.50,10.00,10.00
216,I certify that I am 18 years of age or over,"Yes, I agree to take part",37,Male,,United Kingdom,Undergraduate degree,4.00,Monthly,31+,1,Within the last week,1200.00,0,1,1,0,1,1,1,4,5,1.23,5,4,5,4,5,4.60,0,2,0,4,1,1,0,1,0,4,1,5,5,4,5,5,2,4,2,3,4,4,4,4,4.67,3.67,4.17,3.00,4.00,3.50,4.00,2,4,2,4,4,4,2.67,4.00,3.34,1.00,1.00,1.00,1.00,1.00,5.00,10.00
216,I certify that I am 18 years of age or over,"Yes, I agree to take part",37,Male,,United Kingdom,Undergraduate degree,4.00,Monthly,31+,1,Within the last week,1200.00,0,0,0,1,1,1,0,3,5,1.23,2,5,4,4,4,3.80,0,2,0,3,1,2,0,2,1,1,2,5,5,4,5,4,4,4,2,3,2,4,4,3,4.67,4.00,4.33,2.33,3.67,3.00,4.00,2,2,2,4,4,4,2.00,4.00,3.00,1.00,1.00,1.00,1.00,1.00,5.00,10.00
217,I certify that I am 18 years of age or over,"Yes, I agree to take part",30,Female,,The Netherlands,Undergraduate degree,4.50,Never,11-20,0,Never,0.00,1,1,1,0,1,1,0,3,5,0.76,5,4,3,5,4,4.20,1,1,0,4,1,1,0,1,0,2,2,5,3,3,4,2,3,4,4,3,4,2,3,4,3.33,3.00,3.17,3.67,3.00,3.33,4.00,3,2,3,3,2,4,2.67,3.00,2.84,2.00,2.00,1.00,3.00,2.00,10.00,0.00
217,I certify that I am 18 years of age or over,"Yes, I agree to take part",30,Female,,The Netherlands,Undergraduate degree,4.50,Never,11-20,0,Never,0.00,1,0,0,0,1,0,0,1,5,0.76,3,4,5,4,5,4.20,0,4,0,4,1,2,0,4,0,3,1,5,4,3,4,5,4,5,2,4,2,3,4,4,3.67,4.67,4.17,2.67,3.67,3.17,5.00,3,2,3,2,2,4,2.67,2.67,2.67,2.00,2.00,2.00,2.00,2.00,10.00,0.00
218,I certify that I am 18 years of age or over,"Yes, I agree to take part",28,Female,,Spain,Postgraduate degree,3.67,Never,11-20,0,Never,0.00,1,1,0,0,1,0,1,2,5,0.03,3,3,3,5,5,3.80,0,0,0,0,1,1,0,2,0,4,1,5,5,3,4,5,3,4,3,3,4,4,4,4,4.00,4.00,4.00,3.33,4.00,3.67,4.00,2,2,3,2,3,3,2.33,2.67,2.50,1.81,1.81,1.81,1.81,1.81,9.05,1.90
218,I certify that I am 18 years of age or over,"Yes, I agree to take part",28,Female,,Spain,Postgraduate degree,3.67,Never,11-20,0,Never,0.00,1,0,0,0,0,1,0,1,5,0.03,3,4,5,3,4,3.80,1,1,0,4,0,0,0,3,1,1,2,5,4,4,4,4,4,5,3,4,4,3,4,4,4.00,4.33,4.17,3.67,3.67,3.67,4.00,3,2,2,4,4,4,2.33,4.00,3.17,1.81,1.81,1.81,1.81,1.81,9.05,1.90
219,I certify that I am 18 years of age or over,"Yes, I agree to take part",38,Female,,Poland,Undergraduate degree,2.67,Never,21-30,0,Never,0.00,0,1,0,1,0,0,1,2,5,0.32,4,4,4,4,4,4.00,0,0,0,0,0,0,0,0,0,0,0,5,5,5,5,4,5,5,2,3,4,3,4,3,5.00,4.67,4.83,3.00,3.33,3.17,4.00,2,2,2,2,2,2,2.00,2.00,2.00,1.98,1.98,1.98,1.98,1.98,9.90,0.20
219,I certify that I am 18 years of age or over,"Yes, I agree to take part",38,Female,,Poland,Undergraduate degree,2.67,Never,21-30,0,Never,0.00,0,0,0,0,0,0,0,0,5,0.32,4,3,4,5,4,4.00,0,0,0,0,0,0,0,0,0,0,0,5,5,5,5,4,5,5,3,3,4,3,4,3,5.00,4.67,4.83,3.33,3.33,3.33,4.00,2,2,2,2,3,2,2.00,2.33,2.17,1.98,1.98,1.98,1.98,1.98,9.90,0.20
220,I certify that I am 18 years of age or over,"Yes, I agree to take part",22,Female,,Portugal,Undergraduate degree,4.50,Yearly,11-20,0,Never,0.00,1,0,0,0,1,0,0,1,5,0.34,3,3,4,3,4,3.40,1,1,0,3,1,2,0,1,0,2,2,5,3,4,4,4,5,4,2,2,3,3,4,3,3.67,4.33,4.00,2.33,3.33,2.83,3.00,4,3,2,4,4,2,3.00,3.33,3.17,2.00,2.00,2.00,2.00,2.00,10.00,0.00
220,I certify that I am 18 years of age or over,"Yes, I agree to take part",22,Female,,Portugal,Undergraduate degree,4.50,Yearly,11-20,0,Never,0.00,1,1,1,0,1,1,0,3,5,0.34,5,4,4,4,4,4.20,0,3,0,1,0,2,0,1,0,4,0,5,4,4,4,3,3,4,2,4,3,3,4,3,4.00,3.33,3.67,3.00,3.33,3.17,4.00,3,3,3,4,2,3,3.00,3.00,3.00,2.00,2.00,2.00,2.00,2.00,10.00,0.00
221,I certify that I am 18 years of age or over,"Yes, I agree to take part",47,Male,,United Kingdom,Undergraduate degree,4.50,Yearly,11-20,0,Never,0.00,1,0,0,0,0,0,0,0,5,1.03,3,3,3,3,3,3.00,0,4,0,0,0,5,0,3,0,4,0,5,4,3,4,3,4,2,4,4,5,4,4,4,3.67,3.00,3.33,4.33,4.00,4.17,4.00,1,2,1,3,4,2,1.33,3.00,2.17,0.00,0.00,0.00,0.00,0.00,0.00,10.00
221,I certify that I am 18 years of age or over,"Yes, I agree to take part",47,Male,,United Kingdom,Undergraduate degree,4.50,Yearly,11-20,0,Never,0.00,1,1,1,0,1,1,1,4,5,1.03,5,4,3,4,5,4.20,0,2,0,3,1,1,0,2,1,5,2,5,4,3,4,4,4,4,3,4,4,2,4,4,3.67,4.00,3.83,3.67,3.33,3.50,5.00,1,2,1,1,4,3,1.33,2.67,2.00,5.00,0.00,0.00,0.00,5.00,10.00,10.00
222,I certify that I am 18 years of age or over,"Yes, I agree to take part",25,Male,,Portugal,Secondary school,3.83,Never,1-10,1,More than 1 year ago,10.00,0,1,0,0,0,0,0,0,5,0.41,4,4,2,4,5,3.80,0,4,1,2,0,2,0,3,0,4,1,5,5,4,5,4,4,4,4,4,5,4,5,5,4.67,4.00,4.33,4.33,4.67,4.50,4.00,2,4,2,2,4,2,2.67,2.67,2.67,0.50,0.50,0.50,0.50,0.50,2.50,15.00
222,I certify that I am 18 years of age or over,"Yes, I agree to take part",25,Male,,Portugal,Secondary school,3.83,Never,1-10,1,More than 1 year ago,10.00,0,0,0,0,0,0,0,0,5,0.41,2,1,1,2,1,1.40,0,2,0,4,0,7,0,1,0,4,0,5,5,3,4,4,3,3,4,4,4,4,4,4,4.00,3.33,3.67,4.00,4.00,4.00,4.00,2,4,2,2,4,2,2.67,2.67,2.67,0.50,0.50,0.50,0.50,0.50,2.50,15.00
224,I certify that I am 18 years of age or over,"Yes, I agree to take part",28,Female,,United Kingdom,Further education,4.67,Yearly,21-30,0,Never,0.00,1,1,1,1,1,1,1,5,5,0.79,5,5,5,5,5,5.00,1,1,0,3,0,2,0,4,1,5,2,5,5,5,5,5,5,5,2,4,3,4,4,4,5.00,5.00,5.00,3.00,4.00,3.50,4.00,2,4,3,4,5,2,3.00,3.67,3.34,0.00,0.00,0.00,0.00,0.00,0.00,20.00
224,I certify that I am 18 years of age or over,"Yes, I agree to take part",28,Female,,United Kingdom,Further education,4.67,Yearly,21-30,0,Never,0.00,1,0,0,1,0,1,1,3,5,0.79,4,3,4,5,4,4.00,0,3,1,5,0,3,0,4,0,2,1,5,5,5,5,5,4,5,3,4,4,4,3,4,5.00,4.67,4.83,3.67,3.67,3.67,4.00,2,5,4,2,5,4,3.67,3.67,3.67,0.00,0.00,0.00,0.00,0.00,0.00,20.00
226,I certify that I am 18 years of age or over,"Yes, I agree to take part",26,Female,,Estonia,Further education,3.83,Never,1-10,0,Never,0.00,1,1,0,0,1,0,0,1,5,0.69,2,4,4,4,3,3.40,1,1,0,1,1,1,0,0,0,1,2,5,5,4,5,4,4,4,3,3,3,3,3,3,4.67,4.00,4.33,3.00,3.00,3.00,3.00,4,4,3,4,5,3,3.67,4.00,3.84,0.00,0.00,0.00,0.00,0.00,0.00,20.00
226,I certify that I am 18 years of age or over,"Yes, I agree to take part",26,Female,,Estonia,Further education,3.83,Never,1-10,0,Never,0.00,1,0,0,0,0,0,0,0,5,0.69,4,2,3,4,3,3.20,0,0,0,1,0,0,0,0,0,0,0,5,5,4,5,5,4,5,3,3,3,3,3,3,4.67,4.67,4.67,3.00,3.00,3.00,3.00,4,4,2,4,5,3,3.33,4.00,3.67,0.00,0.00,0.00,0.00,0.00,0.00,20.00
227,I certify that I am 18 years of age or over,"Yes, I agree to take part",28,Male,,The Netherlands,Postgraduate degree,3.50,Yearly,1-10,0,Never,0.00,0,0,1,0,0,1,0,2,5,0.91,1,1,2,4,1,1.80,0,3,0,2,0,3,0,3,0,4,0,5,3,4,5,4,4,5,2,4,4,4,3,4,4.00,4.33,4.17,3.33,3.67,3.50,3.00,2,3,2,4,5,4,2.33,4.33,3.33,0.40,0.40,0.40,0.40,0.40,2.00,16.00
227,I certify that I am 18 years of age or over,"Yes, I agree to take part",28,Male,,The Netherlands,Postgraduate degree,3.50,Yearly,1-10,0,Never,0.00,0,1,0,0,1,0,0,1,5,0.91,4,4,2,4,4,3.60,0,4,1,2,1,1,0,4,0,4,2,5,4,4,5,2,4,5,1,2,4,4,4,4,4.33,3.67,4.00,2.33,4.00,3.17,4.00,4,4,4,4,4,4,4.00,4.00,4.00,0.40,0.40,0.40,0.40,0.40,2.00,16.00
229,I certify that I am 18 years of age or over,"Yes, I agree to take part",24,Female,,Portugal,Further education,1.83,Never,31+,1,Within the last week,11.00,1,1,0,0,1,0,0,1,5,-0.08,1,4,2,4,3,2.80,1,1,0,3,0,2,0,3,0,4,1,5,5,4,5,5,4,5,4,3,4,3,4,5,4.67,4.67,4.67,3.67,4.00,3.83,3.00,1,2,1,1,4,2,1.33,2.33,1.83,0.50,0.50,0.50,0.50,0.50,2.50,15.00
229,I certify that I am 18 years of age or over,"Yes, I agree to take part",24,Female,,Portugal,Further education,1.83,Never,31+,1,Within the last week,11.00,1,0,0,0,0,0,0,0,5,-0.08,4,3,2,4,4,3.40,1,1,1,5,0,4,0,2,0,3,2,5,5,3,5,5,4,5,4,4,4,3,4,5,4.33,4.67,4.50,4.00,4.00,4.00,3.00,1,2,1,1,4,2,1.33,2.33,1.83,0.50,0.50,0.50,0.50,0.50,2.50,15.00
230,I certify that I am 18 years of age or over,"Yes, I agree to take part",22,Male,,Spain,Undergraduate degree,3.00,Never,1-10,0,Never,0.00,0,0,1,0,0,0,0,1,5,0.69,3,2,2,3,4,2.80,0,4,0,3,1,2,0,1,0,5,1,5,5,2,4,4,2,4,2,2,2,2,3,3,3.67,3.33,3.50,2.00,2.67,2.33,3.00,4,4,4,3,4,4,4.00,3.67,3.84,0.00,0.00,0.00,0.00,0.00,0.00,18.00
230,I certify that I am 18 years of age or over,"Yes, I agree to take part",22,Male,,Spain,Undergraduate degree,3.00,Never,1-10,0,Never,0.00,0,1,0,0,1,0,0,1,5,0.69,2,4,2,5,1,2.80,1,1,0,1,1,1,0,1,0,4,2,5,5,2,4,5,2,4,3,2,2,2,4,4,3.67,3.67,3.67,2.33,3.33,2.83,3.00,4,3,4,4,4,4,3.67,4.00,3.84,0.50,0.00,0.00,1.50,0.00,2.00,18.00
231,I certify that I am 18 years of age or over,"Yes, I agree to take part",38,Male,,Portugal,Undergraduate degree,4.33,Never,11-20,0,Never,0.00,1,1,1,0,1,0,1,3,5,0.54,5,4,4,5,4,4.40,0,0,0,0,1,1,0,0,0,0,1,5,5,5,5,5,5,5,4,4,4,3,4,4,5.00,5.00,5.00,4.00,3.67,3.83,5.00,2,4,4,4,4,4,3.33,4.00,3.67,2.00,2.00,2.00,2.00,2.00,10.00,0.00
231,I certify that I am 18 years of age or over,"Yes, I agree to take part",38,Male,,Portugal,Undergraduate degree,4.33,Never,11-20,0,Never,0.00,1,0,0,0,0,0,0,0,5,0.54,4,3,3,4,3,3.40,0,0,0,0,0,0,0,3,0,0,0,5,5,5,5,5,4,5,4,4,4,3,5,4,5.00,4.67,4.83,4.00,4.00,4.00,5.00,1,4,2,4,4,4,2.33,4.00,3.17,2.00,2.00,2.00,2.00,2.00,10.00,0.00
233,I certify that I am 18 years of age or over,"Yes, I agree to take part",23,Other,Non-binary,Australia,Undergraduate degree,3.17,Never,1-10,0,Never,0.00,1,1,0,0,1,1,1,3,5,0.65,4,4,4,4,4,4.00,0,3,0,4,0,2,0,2,0,4,0,5,4,3,4,4,4,4,4,4,4,4,4,4,3.67,4.00,3.83,4.00,4.00,4.00,3.00,3,4,2,4,4,4,3.00,4.00,3.50,1.00,1.00,1.00,1.00,1.00,5.00,10.00
233,I certify that I am 18 years of age or over,"Yes, I agree to take part",23,Other,Non-binary,Australia,Undergraduate degree,3.17,Never,1-10,0,Never,0.00,1,0,0,0,0,1,0,1,5,0.65,2,2,2,2,2,2.00,0,2,0,1,1,2,0,2,0,2,1,5,4,3,4,4,3,4,3,4,4,4,4,4,3.67,3.67,3.67,3.67,4.00,3.83,3.00,3,4,2,4,4,4,3.00,4.00,3.50,1.00,1.00,1.00,1.00,1.00,5.00,10.00
234,I certify that I am 18 years of age or over,"Yes, I agree to take part",36,Male,,Germany,Further education,3.33,Yearly,31+,1,Within the last month,13.00,1,1,1,0,1,1,0,3,5,0.72,5,3,3,5,4,4.00,0,7,0,5,1,1,0,1,0,3,1,5,5,5,5,5,5,5,4,4,5,4,5,5,5.00,5.00,5.00,4.33,4.67,4.50,4.00,1,1,1,1,4,1,1.00,2.00,1.50,1.50,1.50,1.50,1.50,1.50,7.50,5.00
234,I certify that I am 18 years of age or over,"Yes, I agree to take part",36,Male,,Germany,Further education,3.33,Yearly,31+,1,Within the last month,13.00,1,0,1,0,1,1,0,3,5,0.72,4,3,5,4,2,3.60,0,4,1,5,0,5,0,3,0,3,1,5,5,5,5,4,5,5,4,2,4,4,5,5,5.00,4.67,4.83,3.33,4.67,4.00,5.00,1,1,1,1,4,1,1.00,2.00,1.50,1.50,1.50,1.50,1.50,1.50,7.50,5.00
235,I certify that I am 18 years of age or over,"Yes, I agree to take part",53,Female,,United Kingdom,Further education,3.83,Never,21-30,1,Within the last 3 months,20.00,1,0,0,0,0,0,0,0,5,1.13,3,3,4,4,4,3.60,1,1,0,3,1,2,0,1,0,2,2,5,5,2,3,5,3,4,2,2,3,2,2,3,3.33,4.00,3.67,2.33,2.33,2.33,5.00,2,2,1,3,3,3,1.67,3.00,2.34,0.00,0.00,0.00,0.00,0.00,0.00,19.50
235,I certify that I am 18 years of age or over,"Yes, I agree to take part",53,Female,,United Kingdom,Further education,3.83,Never,21-30,1,Within the last 3 months,20.00,1,1,0,0,1,0,0,1,5,1.13,5,4,3,4,5,4.20,1,1,0,1,0,3,0,2,0,2,1,5,5,3,3,5,3,4,2,2,3,2,3,2,3.67,4.00,3.83,2.33,2.33,2.33,5.00,2,2,1,3,3,3,1.67,3.00,2.34,0.50,0.00,0.00,0.00,0.00,0.50,19.50
237,I certify that I am 18 years of age or over,"Yes, I agree to take part",31,Male,,Hungary,Undergraduate degree,3.17,Never,21-30,1,Within the last year,20.00,1,0,0,0,0,0,0,0,5,0.49,3,2,2,4,3,2.80,1,1,1,5,0,3,0,2,0,2,2,5,2,2,3,4,1,3,2,2,1,1,3,3,2.33,2.67,2.50,1.67,2.33,2.00,3.00,4,4,4,4,4,3,4.00,3.67,3.84,1.00,0.50,0.50,2.00,0.50,4.50,10.00
237,I certify that I am 18 years of age or over,"Yes, I agree to take part",31,Male,,Hungary,Undergraduate degree,3.17,Never,21-30,1,Within the last year,20.00,1,1,0,0,1,1,1,3,5,0.49,2,4,2,5,3,3.20,0,3,0,5,1,1,0,3,0,3,1,5,3,2,3,4,2,4,1,2,2,2,3,3,2.67,3.33,3.00,1.67,2.67,2.17,3.00,4,4,4,4,4,3,4.00,3.67,3.84,0.25,1.50,0.50,3.00,0.25,5.50,10.00
238,I certify that I am 18 years of age or over,"Yes, I agree to take part",35,Male,,United States of America,Undergraduate degree,4.33,Yearly,1-10,0,Never,0.00,0,1,0,0,1,1,0,2,5,-0.02,5,5,5,5,5,5.00,0,2,0,5,0,2,0,3,0,3,0,5,5,4,5,5,5,5,4,4,4,4,4,4,4.67,5.00,4.83,4.00,4.00,4.00,5.00,2,2,2,4,4,4,2.00,4.00,3.00,1.00,1.00,1.00,1.00,1.00,5.00,10.00
238,I certify that I am 18 years of age or over,"Yes, I agree to take part",35,Male,,United States of America,Undergraduate degree,4.33,Yearly,1-10,0,Never,0.00,0,0,0,0,0,1,0,1,5,-0.02,5,5,5,5,5,5.00,0,3,0,3,1,2,0,4,0,3,1,5,5,4,5,5,5,5,3,3,3,3,3,3,4.67,5.00,4.83,3.00,3.00,3.00,5.00,2,3,2,4,4,4,2.33,4.00,3.17,1.00,1.00,1.00,1.00,1.00,5.00,10.00
239,I certify that I am 18 years of age or over,"Yes, I agree to take part",24,Female,,Portugal,Postgraduate degree,3.67,Never,31+,0,Never,0.00,1,1,1,1,1,0,1,4,5,1.16,3,5,3,5,4,4.00,0,0,0,0,0,0,0,0,0,0,0,5,5,4,4,4,4,4,4,4,4,4,4,4,4.33,4.00,4.17,4.00,4.00,4.00,4.00,2,2,3,2,2,2,2.33,2.00,2.17,2.00,2.00,2.00,2.00,2.00,10.00,0.00
239,I certify that I am 18 years of age or over,"Yes, I agree to take part",24,Female,,Portugal,Postgraduate degree,3.67,Never,31+,0,Never,0.00,1,0,0,0,0,1,0,1,5,1.16,4,3,4,2,4,3.40,0,0,0,0,0,0,0,0,0,0,0,5,5,4,4,5,4,4,4,4,4,4,4,4,4.33,4.33,4.33,4.00,4.00,4.00,4.00,2,2,2,3,2,2,2.00,2.33,2.17,2.00,2.00,2.00,2.00,2.00,10.00,0.00
240,I certify that I am 18 years of age or over,"Yes, I agree to take part",29,Female,,Poland,Postgraduate degree,4.50,Yearly,1-10,0,Never,0.00,0,0,0,1,0,0,0,1,5,0.71,4,4,4,3,3,3.60,0,0,0,0,0,5,0,1,0,2,0,5,5,5,5,5,5,5,3,3,3,3,3,4,5.00,5.00,5.00,3.00,3.33,3.17,5.00,4,3,2,2,3,3,3.00,2.67,2.84,0.27,0.30,0.69,0.01,0.01,1.28,16.68
240,I certify that I am 18 years of age or over,"Yes, I agree to take part",29,Female,,Poland,Postgraduate degree,4.50,Yearly,1-10,0,Never,0.00,0,1,1,0,1,0,0,2,5,0.71,4,3,4,2,4,3.40,1,1,0,1,0,4,0,1,0,2,1,5,5,5,5,5,5,5,3,3,3,3,3,4,5.00,5.00,5.00,3.00,3.33,3.17,5.00,2,3,2,4,3,3,2.33,3.33,2.83,0.10,0.62,0.67,0.00,0.65,2.04,16.68
242,I certify that I am 18 years of age or over,"Yes, I agree to take part",36,Other,Non-binary,United Kingdom,Undergraduate degree,4.33,Yearly,1-10,0,Never,0.00,1,0,0,0,1,1,1,3,5,1.00,3,3,4,3,3,3.20,0,3,0,4,0,3,0,2,0,2,0,5,5,2,4,5,3,4,2,3,3,3,4,4,3.67,4.00,3.83,2.67,3.67,3.17,4.00,2,3,2,2,3,2,2.33,2.33,2.33,2.00,2.00,2.00,1.50,1.50,9.00,1.00
242,I certify that I am 18 years of age or over,"Yes, I agree to take part",36,Other,Non-binary,United Kingdom,Undergraduate degree,4.33,Yearly,1-10,0,Never,0.00,1,1,1,1,1,1,1,5,5,1.00,5,4,4,5,5,4.60,0,4,0,4,0,2,0,3,1,5,1,5,5,3,4,5,3,5,3,4,4,3,4,4,4.00,4.33,4.17,3.67,3.67,3.67,4.00,3,3,2,2,4,3,2.67,3.00,2.84,2.00,2.00,2.00,2.00,2.00,10.00,1.00
244,I certify that I am 18 years of age or over,"Yes, I agree to take part",28,Male,,United Kingdom,Further education,3.00,Never,11-20,0,Never,0.00,1,1,0,0,1,1,0,2,5,0.35,3,3,4,4,3,3.40,1,1,0,3,0,3,0,1,1,5,2,5,5,5,5,4,4,5,2,2,3,2,3,3,5.00,4.33,4.67,2.33,2.67,2.50,4.00,2,4,2,2,5,2,2.67,3.00,2.84,0.00,0.00,0.00,0.00,0.00,0.00,20.00
244,I certify that I am 18 years of age or over,"Yes, I agree to take part",28,Male,,United Kingdom,Further education,3.00,Never,11-20,0,Never,0.00,1,0,0,0,1,0,0,1,5,0.35,3,3,3,3,3,3.00,1,1,0,1,0,1,0,1,1,1,2,5,5,4,5,5,4,5,2,2,2,3,3,3,4.67,4.67,4.67,2.00,3.00,2.50,4.00,2,4,2,2,5,2,2.67,3.00,2.84,0.00,0.00,0.00,0.00,0.00,0.00,20.00
245,I certify that I am 18 years of age or over,"Yes, I agree to take part",19,Male,,United Kingdom,Further education,2.83,Never,31+,1,Within the last year,10.00,1,1,1,0,1,0,0,2,5,0.38,4,3,4,4,4,3.80,0,4,0,3,0,3,0,4,0,4,0,5,4,2,4,4,2,4,3,3,5,4,4,3,3.33,3.33,3.33,3.67,3.67,3.67,3.00,5,5,5,5,5,5,5.00,5.00,5.00,0.00,0.00,0.00,0.00,0.00,0.00,20.00
245,I certify that I am 18 years of age or over,"Yes, I agree to take part",19,Male,,United Kingdom,Further education,2.83,Never,31+,1,Within the last year,10.00,1,0,1,0,0,0,0,1,5,0.38,3,3,3,4,3,3.20,1,1,0,2,1,2,0,3,0,2,2,5,4,2,4,4,3,4,3,3,5,2,4,4,3.33,3.67,3.50,3.67,3.33,3.50,3.00,5,5,5,5,5,5,5.00,5.00,5.00,0.00,0.00,0.00,0.00,0.00,0.00,20.00
246,I certify that I am 18 years of age or over,"Yes, I agree to take part",36,Male,,United Kingdom,Undergraduate degree,3.33,Yearly,31+,0,Never,0.00,0,1,0,0,1,1,0,2,5,0.99,1,4,1,4,1,2.20,0,3,0,0,1,1,0,2,0,3,1,5,5,4,4,4,5,5,3,3,4,5,4,3,4.33,4.67,4.50,3.33,4.00,3.67,4.00,2,3,3,3,4,4,2.67,3.67,3.17,0.00,0.00,0.00,0.00,0.00,0.00,20.00
246,I certify that I am 18 years of age or over,"Yes, I agree to take part",36,Male,,United Kingdom,Undergraduate degree,3.33,Yearly,31+,0,Never,0.00,0,0,0,0,0,0,0,0,5,0.99,4,3,2,5,5,3.80,0,4,1,5,0,3,0,4,0,4,1,5,5,4,4,4,4,4,4,3,3,4,4,3,4.33,4.00,4.17,3.33,3.67,3.50,4.00,2,4,3,3,4,4,3.00,3.67,3.34,0.00,0.00,0.00,0.00,0.00,0.00,20.00
247,I certify that I am 18 years of age or over,"Yes, I agree to take part",28,Male,,United Kingdom,Undergraduate degree,4.00,Yearly,11-20,0,Never,0.00,1,1,0,0,1,1,1,3,5,0.34,4,4,2,4,4,3.60,1,1,0,3,1,1,0,1,0,3,2,5,4,3,4,4,3,5,3,4,4,4,4,4,3.67,4.00,3.83,3.67,4.00,3.83,4.00,3,4,4,3,4,4,3.67,3.67,3.67,0.50,0.50,0.50,0.50,0.50,2.50,15.00
247,I certify that I am 18 years of age or over,"Yes, I agree to take part",28,Male,,United Kingdom,Undergraduate degree,4.00,Yearly,11-20,0,Never,0.00,1,0,0,0,0,0,0,0,5,0.34,1,2,2,3,3,2.20,0,2,0,1,0,3,0,0,0,3,0,5,5,3,4,4,3,5,4,4,4,4,4,4,4.00,4.00,4.00,4.00,4.00,4.00,4.00,3,4,4,3,4,4,3.67,3.67,3.67,0.50,0.50,0.50,0.50,0.50,2.50,15.00
248,I certify that I am 18 years of age or over,"Yes, I agree to take part",32,Male,,United Kingdom,Undergraduate degree,3.67,Once every 6 months,11-20,0,Never,0.00,0,1,1,0,0,0,0,1,5,0.41,3,4,3,4,3,3.40,0,2,0,3,0,2,0,3,0,4,0,5,5,3,5,5,4,5,3,3,4,3,3,3,4.33,4.67,4.50,3.33,3.00,3.17,4.00,2,4,2,3,3,3,2.67,3.00,2.84,0.00,0.00,0.00,0.00,0.00,0.00,20.00
248,I certify that I am 18 years of age or over,"Yes, I agree to take part",32,Male,,United Kingdom,Undergraduate degree,3.67,Once every 6 months,11-20,0,Never,0.00,0,0,0,0,0,0,0,0,5,0.41,2,2,3,2,2,2.20,0,2,0,4,0,0,0,4,0,4,0,5,5,4,5,5,4,5,3,3,5,3,4,4,4.67,4.67,4.67,3.67,3.67,3.67,4.00,2,4,2,2,3,3,2.67,2.67,2.67,0.00,0.00,0.00,0.00,0.00,0.00,20.00
251,I certify that I am 18 years of age or over,"Yes, I agree to take part",24,Male,,United Kingdom,Undergraduate degree,3.83,Never,21-30,0,Never,0.00,0,1,0,0,1,0,1,2,5,-0.13,2,3,3,5,3,3.20,0,3,0,3,1,1,0,4,1,5,2,5,4,3,4,4,3,4,3,3,4,4,4,4,3.67,3.67,3.67,3.33,4.00,3.67,3.00,4,5,4,3,5,3,4.33,3.67,4.00,0.00,0.00,0.00,0.00,0.00,0.00,20.00
251,I certify that I am 18 years of age or over,"Yes, I agree to take part",24,Male,,United Kingdom,Undergraduate degree,3.83,Never,21-30,0,Never,0.00,0,0,0,0,0,1,0,1,5,-0.13,2,3,3,4,4,3.20,1,1,0,1,1,2,0,2,0,3,2,5,4,3,3,4,3,4,3,3,4,4,4,4,3.33,3.67,3.50,3.33,4.00,3.67,3.00,4,5,4,3,5,3,4.33,3.67,4.00,0.00,0.00,0.00,0.00,0.00,0.00,20.00
253,I certify that I am 18 years of age or over,"Yes, I agree to take part",28,Male,,United Kingdom,Further education,3.17,Never,21-30,1,More than 1 year ago,8.00,0,1,0,0,1,1,1,3,5,0.65,4,4,2,4,3,3.40,0,2,0,0,1,1,0,2,0,0,1,5,5,3,5,4,4,5,3,4,4,4,4,4,4.33,4.33,4.33,3.67,4.00,3.83,3.00,2,4,2,3,5,2,2.67,3.33,3.00,0.00,0.00,0.00,0.00,0.00,0.00,20.00
253,I certify that I am 18 years of age or over,"Yes, I agree to take part",28,Male,,United Kingdom,Further education,3.17,Never,21-30,1,More than 1 year ago,8.00,0,0,1,0,0,0,0,1,5,0.65,4,2,2,3,4,3.00,1,1,0,1,0,4,0,0,0,0,1,5,4,3,5,5,3,5,4,4,4,4,4,4,4.00,4.33,4.17,4.00,4.00,4.00,3.00,2,4,2,2,5,2,2.67,3.00,2.84,0.00,0.00,0.00,0.00,0.00,0.00,20.00
254,I certify that I am 18 years of age or over,"Yes, I agree to take part",42,Female,,The Netherlands,Undergraduate degree,3.00,Never,1-10,0,Never,0.00,0,1,1,0,1,1,0,3,5,0.33,3,3,1,1,3,2.20,0,2,1,2,1,1,0,2,0,2,2,5,4,3,2,4,3,3,3,2,3,2,4,3,3.00,3.33,3.17,2.67,3.00,2.83,3.00,3,3,4,4,3,4,3.33,3.67,3.50,1.50,0.50,0.00,0.00,2.50,4.50,10.00
254,I certify that I am 18 years of age or over,"Yes, I agree to take part",42,Female,,The Netherlands,Undergraduate degree,3.00,Never,1-10,0,Never,0.00,0,0,0,0,1,0,0,1,5,0.33,4,3,4,5,5,4.20,1,1,0,2,0,3,0,1,0,3,1,5,5,3,3,4,2,3,2,3,3,3,4,3,3.67,3.00,3.33,2.67,3.33,3.00,4.00,4,4,4,4,3,4,4.00,3.67,3.84,0.00,0.00,1.00,2.50,2.00,5.50,10.00
255,I certify that I am 18 years of age or over,"Yes, I agree to take part",24,Female,,Germany,Undergraduate degree,3.67,Yearly,11-20,0,Never,0.00,0,1,0,0,1,1,0,2,5,-0.03,5,4,4,5,5,4.60,0,4,1,2,0,2,0,2,0,1,1,5,5,5,5,5,5,4,3,3,4,3,5,3,5.00,4.67,4.83,3.33,3.67,3.50,5.00,1,2,1,1,3,1,1.33,1.67,1.50,2.00,2.00,2.00,2.00,2.00,10.00,0.00
255,I certify that I am 18 years of age or over,"Yes, I agree to take part",24,Female,,Germany,Undergraduate degree,3.67,Yearly,11-20,0,Never,0.00,0,0,0,0,0,0,0,0,5,-0.03,3,5,4,4,4,4.00,1,1,0,4,0,3,0,3,0,2,1,5,5,5,5,5,5,5,2,3,4,3,5,3,5.00,5.00,5.00,3.00,3.67,3.33,5.00,1,3,1,1,1,1,1.67,1.00,1.34,2.00,2.00,2.00,2.00,2.00,10.00,0.00
256,I certify that I am 18 years of age or over,"Yes, I agree to take part",33,Male,,United Kingdom,Undergraduate degree,4.67,Once every 3 months,11-20,0,Never,0.00,1,1,0,0,0,1,0,1,5,0.37,3,3,4,5,3,3.60,0,0,0,0,0,5,0,4,0,1,0,5,5,5,5,5,5,5,5,5,5,5,5,5,5.00,5.00,5.00,5.00,5.00,5.00,5.00,2,1,2,2,1,1,1.67,1.33,1.50,1.00,1.00,1.00,1.00,1.00,5.00,10.00
256,I certify that I am 18 years of age or over,"Yes, I agree to take part",33,Male,,United Kingdom,Undergraduate degree,4.67,Once every 3 months,11-20,0,Never,0.00,1,0,0,0,0,0,0,0,5,0.37,1,2,3,3,3,2.40,0,2,0,4,0,3,0,1,0,2,0,5,5,5,5,5,5,5,5,5,5,5,5,5,5.00,5.00,5.00,5.00,5.00,5.00,5.00,2,1,2,2,1,1,1.67,1.33,1.50,1.00,1.00,1.00,1.00,1.00,5.00,10.00
258,I certify that I am 18 years of age or over,"Yes, I agree to take part",37,Male,,United States of America,Undergraduate degree,4.00,Once every 6 months,1-10,0,Never,0.00,1,1,1,0,0,1,0,2,5,0.98,4,5,2,4,4,3.80,0,2,0,1,1,1,0,1,0,2,1,5,5,4,5,4,4,4,4,5,4,5,5,5,4.67,4.00,4.33,4.33,5.00,4.67,5.00,2,2,2,4,4,4,2.00,4.00,3.00,0.00,0.00,0.00,0.00,0.00,0.00,20.00
258,I certify that I am 18 years of age or over,"Yes, I agree to take part",37,Male,,United States of America,Undergraduate degree,4.00,Once every 6 months,1-10,0,Never,0.00,1,0,0,0,0,1,0,1,5,0.98,1,2,4,4,2,2.60,0,3,0,3,0,3,0,3,0,2,0,5,4,4,4,4,4,5,5,5,5,5,5,5,4.00,4.33,4.17,5.00,5.00,5.00,5.00,2,1,2,4,4,4,1.67,4.00,2.84,0.00,0.00,0.00,0.00,0.00,0.00,20.00
259,I certify that I am 18 years of age or over,"Yes, I agree to take part",35,Male,,United Kingdom,Undergraduate degree,3.33,Yearly,11-20,1,Within the last 6 months,40.00,0,0,0,0,0,1,0,1,5,0.79,2,3,3,3,3,2.80,1,1,0,2,0,3,0,3,0,2,1,5,3,3,5,4,4,4,3,3,3,2,3,3,3.67,4.00,3.83,3.00,2.67,2.83,3.00,2,3,2,2,3,2,2.33,2.33,2.33,0.00,0.00,0.00,0.00,0.00,0.00,20.00
259,I certify that I am 18 years of age or over,"Yes, I agree to take part",35,Male,,United Kingdom,Undergraduate degree,3.33,Yearly,11-20,1,Within the last 6 months,40.00,0,1,1,0,1,1,1,4,5,0.79,4,5,2,4,4,3.80,1,1,0,1,1,1,0,1,0,3,2,5,3,2,5,3,3,5,3,3,3,3,3,3,3.33,3.67,3.50,3.00,3.00,3.00,5.00,2,2,2,3,3,3,2.00,3.00,2.50,0.00,0.00,0.00,0.00,0.00,0.00,20.00
260,I certify that I am 18 years of age or over,"Yes, I agree to take part",32,Female,,United States of America,Further education,4.33,Yearly,21-30,1,Within the last 3 months,40.00,0,1,1,0,1,0,0,2,5,0.77,4,4,2,4,2,3.20,1,1,0,1,1,1,0,3,0,2,2,5,4,3,4,4,3,4,3,3,3,3,3,4,3.67,3.67,3.67,3.00,3.33,3.17,4.00,3,3,3,3,3,3,3.00,3.00,3.00,0.00,0.00,0.00,0.00,0.00,0.00,20.00
260,I certify that I am 18 years of age or over,"Yes, I agree to take part",32,Female,,United States of America,Further education,4.33,Yearly,21-30,1,Within the last 3 months,40.00,0,0,0,1,1,1,1,4,5,0.77,3,2,4,3,4,3.20,1,1,0,2,0,1,0,1,1,1,2,5,5,3,4,4,3,4,3,3,3,3,4,3,4.00,3.67,3.83,3.00,3.33,3.17,4.00,3,3,2,3,3,3,2.67,3.00,2.84,0.00,0.00,0.00,0.00,0.00,0.00,20.00
261,I certify that I am 18 years of age or over,"Yes, I agree to take part",33,Female,,Germany,Further education,3.50,Never,21-30,0,Never,0.00,1,1,1,0,1,1,1,4,5,0.54,4,4,4,5,4,4.20,0,2,1,2,0,2,0,2,1,5,2,5,5,5,5,5,4,5,4,4,4,5,4,5,5.00,4.67,4.83,4.00,4.67,4.33,4.00,2,2,2,4,4,4,2.00,4.00,3.00,0.00,0.00,0.00,0.00,0.00,0.00,10.50
261,I certify that I am 18 years of age or over,"Yes, I agree to take part",33,Female,,Germany,Further education,3.50,Never,21-30,0,Never,0.00,1,0,0,0,0,1,0,1,5,0.54,5,4,4,5,4,4.40,0,3,0,2,0,1,0,3,1,1,1,5,5,5,5,5,4,5,4,4,4,5,4,5,5.00,4.67,4.83,4.00,4.67,4.33,4.00,2,2,2,4,4,4,2.00,4.00,3.00,0.00,0.00,0.00,9.50,0.00,9.50,10.50
262,I certify that I am 18 years of age or over,"Yes, I agree to take part",59,Female,,United States of America,Further education,4.50,Monthly,21-30,1,Within the last month,20.00,1,0,1,0,0,0,0,1,5,1.05,1,1,4,5,3,2.80,0,3,0,3,1,2,1,5,0,4,2,5,5,5,5,5,5,5,5,5,5,5,5,5,5.00,5.00,5.00,5.00,5.00,5.00,5.00,1,3,1,1,4,1,1.67,2.00,1.84,0.00,0.00,1.00,0.00,0.00,1.00,16.00
262,I certify that I am 18 years of age or over,"Yes, I agree to take part",59,Female,,United States of America,Further education,4.50,Monthly,21-30,1,Within the last month,20.00,1,1,0,0,1,1,0,2,5,1.05,3,5,2,5,3,3.60,0,2,0,5,0,2,1,5,0,3,1,5,5,5,5,5,5,5,5,5,5,5,5,5,5.00,5.00,5.00,5.00,5.00,5.00,5.00,1,4,1,1,4,3,2.00,2.67,2.34,1.00,1.00,0.00,1.00,0.00,3.00,16.00
263,I certify that I am 18 years of age or over,"Yes, I agree to take part",47,Male,,Germany,Further education,1.83,Never,11-20,1,Within the last 3 months,25.00,0,0,0,0,0,0,0,0,5,1.18,1,1,2,1,1,1.20,0,3,0,2,0,4,0,3,0,2,0,5,4,3,4,3,3,4,3,2,3,3,4,4,3.67,3.33,3.50,2.67,3.67,3.17,3.00,3,3,2,3,3,2,2.67,2.67,2.67,0.00,0.00,0.00,0.00,0.00,0.00,15.00
263,I certify that I am 18 years of age or over,"Yes, I agree to take part",47,Male,,Germany,Further education,1.83,Never,11-20,1,Within the last 3 months,25.00,0,1,0,0,1,1,0,2,5,1.18,4,5,3,5,1,3.60,1,1,0,1,0,2,0,1,0,3,1,5,4,3,4,3,4,4,3,3,3,3,4,4,3.67,3.67,3.67,3.00,3.67,3.33,4.00,2,1,1,3,3,3,1.33,3.00,2.17,0.00,0.00,0.00,5.00,0.00,5.00,15.00
264,I certify that I am 18 years of age or over,"Yes, I agree to take part",31,Male,,The Netherlands,Postgraduate degree,2.67,Never,1-10,1,More than 1 year ago,5.00,1,1,0,0,0,1,0,1,5,0.20,4,3,2,5,4,3.60,0,4,0,3,0,4,1,5,0,4,1,5,4,4,5,4,3,5,4,4,4,4,4,4,4.33,4.00,4.17,4.00,4.00,4.00,4.00,2,4,2,2,4,2,2.67,2.67,2.67,1.00,1.00,1.00,1.00,1.00,5.00,10.00
264,I certify that I am 18 years of age or over,"Yes, I agree to take part",31,Male,,The Netherlands,Postgraduate degree,2.67,Never,1-10,1,More than 1 year ago,5.00,1,0,1,0,0,0,0,1,5,0.20,2,3,3,4,3,3.00,1,1,0,3,1,2,0,2,0,2,2,5,4,4,5,4,4,5,4,4,5,4,5,5,4.33,4.33,4.33,4.33,4.67,4.50,4.00,2,4,2,3,4,2,2.67,3.00,2.84,1.00,1.00,1.00,1.00,1.00,5.00,10.00
265,I certify that I am 18 years of age or over,"Yes, I agree to take part",20,Male,,United Kingdom,Further education,3.33,Never,21-30,1,Within the last 3 months,4.00,0,1,1,0,0,0,1,2,5,-0.10,4,3,3,4,3,3.40,0,2,0,4,0,3,0,2,0,4,0,5,2,2,5,3,2,5,4,3,4,4,3,4,3.00,3.33,3.17,3.67,3.67,3.67,5.00,4,4,4,4,5,4,4.00,4.33,4.17,1.00,1.00,1.00,1.00,1.00,5.00,10.00
265,I certify that I am 18 years of age or over,"Yes, I agree to take part",20,Male,,United Kingdom,Further education,3.33,Never,21-30,1,Within the last 3 months,4.00,0,0,0,0,0,1,0,1,5,-0.10,3,3,3,3,3,3.00,1,1,0,1,0,0,0,1,0,0,1,5,5,2,4,3,2,5,3,4,2,4,4,4,3.67,3.33,3.50,3.00,4.00,3.50,5.00,4,2,4,4,4,4,3.33,4.00,3.67,1.00,1.00,1.00,1.00,1.00,5.00,10.00
266,I certify that I am 18 years of age or over,"Yes, I agree to take part",30,Male,,United States of America,Postgraduate degree,4.17,Never,1-10,1,More than 1 year ago,50.00,0,0,0,0,1,1,0,2,5,0.93,3,2,3,4,3,3.00,0,2,0,2,0,3,0,2,0,4,0,5,5,4,5,5,4,5,3,3,4,3,4,3,4.67,4.67,4.67,3.33,3.33,3.33,4.00,2,4,3,2,4,3,3.00,3.00,3.00,0.00,0.00,0.00,0.00,0.00,0.00,19.00
266,I certify that I am 18 years of age or over,"Yes, I agree to take part",30,Male,,United States of America,Postgraduate degree,4.17,Never,1-10,1,More than 1 year ago,50.00,0,1,1,1,1,1,1,5,5,0.93,3,4,2,5,4,3.60,0,3,0,1,0,2,0,3,0,6,0,5,5,4,5,5,4,5,3,2,4,3,3,3,4.67,4.67,4.67,3.00,3.00,3.00,4.00,2,4,3,2,4,3,3.00,3.00,3.00,0.00,0.00,0.00,0.00,1.00,1.00,19.00
267,I certify that I am 18 years of age or over,"Yes, I agree to take part",31,Male,,United Kingdom,Secondary school,3.33,Never,21-30,0,Never,0.00,0,1,0,0,1,0,0,1,5,-0.41,3,4,2,4,3,3.20,0,2,0,4,0,2,0,0,0,0,0,5,4,2,4,4,2,4,3,3,3,3,3,3,3.33,3.33,3.33,3.00,3.00,3.00,3.00,3,3,3,3,3,3,3.00,3.00,3.00,0.00,0.00,0.00,0.00,0.00,0.00,20.00
267,I certify that I am 18 years of age or over,"Yes, I agree to take part",31,Male,,United Kingdom,Secondary school,3.33,Never,21-30,0,Never,0.00,0,0,0,0,0,0,0,0,5,-0.41,2,4,3,4,3,3.20,1,1,0,1,0,0,0,3,0,3,1,5,4,3,4,4,3,4,3,3,3,3,3,3,3.67,3.67,3.67,3.00,3.00,3.00,3.00,3,3,3,3,3,3,3.00,3.00,3.00,0.00,0.00,0.00,0.00,0.00,0.00,20.00
268,I certify that I am 18 years of age or over,"Yes, I agree to take part",32,Female,,United Kingdom,Further education,3.20,Yearly,11-20,1,Within the last 6 months,125.00,0,0,0,1,0,1,0,2,5,0.48,5,5,4,4,5,4.60,1,1,0,4,0,0,0,3,0,3,1,5,5,5,5,5,5,5,4,4,2,4,4,4,5.00,5.00,5.00,3.33,4.00,3.67,5.00,1,1,1,1,2,1,1.00,1.33,1.17,1.50,2.00,1.50,1.50,2.00,8.50,2.50
268,I certify that I am 18 years of age or over,"Yes, I agree to take part",32,Female,,United Kingdom,Further education,3.20,Yearly,11-20,1,Within the last 6 months,125.00,0,1,1,0,1,1,1,4,5,0.48,4,4,5,5,4,4.40,0,3,0,5,1,1,0,3,1,5,2,5,5,5,5,5,5,5,2,2,2,2,4,4,5.00,5.00,5.00,2.00,3.33,2.67,5.00,1,1,1,1,1,1,1.00,1.00,1.00,1.75,1.75,1.50,2.00,2.00,9.00,2.50
269,I certify that I am 18 years of age or over,"Yes, I agree to take part",32,Female,,Australia,Undergraduate degree,4.83,Never,1-10,0,Never,0.00,0,1,0,0,1,1,0,2,5,1.53,3,3,2,4,3,3.00,0,5,0,1,1,1,0,0,0,4,1,5,3,4,5,5,2,5,1,2,1,1,3,1,4.00,4.00,4.00,1.33,1.67,1.50,4.00,4,4,5,2,5,3,4.33,3.33,3.83,0.00,0.00,0.00,0.00,0.00,0.00,20.00
269,I certify that I am 18 years of age or over,"Yes, I agree to take part",32,Female,,Australia,Undergraduate degree,4.83,Never,1-10,0,Never,0.00,0,0,0,1,0,0,0,1,5,1.53,5,5,2,2,2,3.20,0,2,0,1,0,0,1,5,1,1,2,5,3,4,5,5,4,4,1,2,2,2,4,2,4.00,4.33,4.17,1.67,2.67,2.17,4.00,5,5,5,3,5,2,5.00,3.33,4.17,0.00,0.00,0.00,0.00,0.00,0.00,20.00
270,I certify that I am 18 years of age or over,"Yes, I agree to take part",49,Male,,United Kingdom,Further education,4.33,Never,21-30,1,More than 1 year ago,2.00,0,1,0,0,1,1,1,3,5,0.36,4,4,2,5,5,4.00,0,0,0,1,0,4,0,2,0,4,0,5,5,5,5,5,5,5,4,3,4,5,5,5,5.00,5.00,5.00,3.67,5.00,4.33,4.00,2,1,2,4,4,4,1.67,4.00,2.84,0.00,0.00,0.00,0.00,0.00,0.00,20.00
270,I certify that I am 18 years of age or over,"Yes, I agree to take part",49,Male,,United Kingdom,Further education,4.33,Never,21-30,1,More than 1 year ago,2.00,0,0,0,0,0,0,1,1,5,0.36,4,3,3,5,3,3.60,0,4,1,5,0,4,0,3,0,3,1,5,5,5,5,5,5,5,4,4,5,5,5,5,5.00,5.00,5.00,4.33,5.00,4.67,4.00,2,1,2,4,4,4,1.67,4.00,2.84,0.00,0.00,0.00,0.00,0.00,0.00,20.00
271,I certify that I am 18 years of age or over,"Yes, I agree to take part",31,Other,Agender,United States of America,Further education,3.33,Yearly,21-30,0,Never,0.00,0,1,1,0,1,0,1,3,5,1.11,3,4,2,4,5,3.60,0,0,0,0,0,0,0,3,0,0,0,5,5,5,5,5,5,5,1,2,2,2,3,3,5.00,5.00,5.00,1.67,2.67,2.17,5.00,1,3,1,1,3,1,1.67,1.67,1.67,0.00,0.00,0.00,0.00,0.00,0.00,20.00
271,I certify that I am 18 years of age or over,"Yes, I agree to take part",31,Other,Agender,United States of America,Further education,3.33,Yearly,21-30,0,Never,0.00,0,0,0,1,0,1,1,3,5,1.11,4,5,3,5,4,4.20,1,1,0,0,0,0,0,0,0,0,1,5,5,5,5,5,5,5,1,2,2,2,5,3,5.00,5.00,5.00,1.67,3.33,2.50,5.00,1,1,1,1,3,1,1.00,1.67,1.34,0.00,0.00,0.00,0.00,0.00,0.00,20.00
274,I certify that I am 18 years of age or over,"Yes, I agree to take part",46,Female,,United Kingdom,Further education,3.83,Yearly,11-20,0,Never,0.00,1,1,0,0,0,0,0,0,5,-0.17,4,4,3,4,3,3.60,0,0,0,0,0,0,0,0,1,5,1,5,5,2,4,4,3,4,3,4,4,4,3,4,3.67,3.67,3.67,3.67,3.67,3.67,4.00,2,4,3,3,4,3,3.00,3.33,3.17,1.00,1.00,1.00,1.00,1.00,5.00,10.00
274,I certify that I am 18 years of age or over,"Yes, I agree to take part",46,Female,,United Kingdom,Further education,3.83,Yearly,11-20,0,Never,0.00,1,0,0,0,0,0,0,0,5,-0.17,2,2,2,3,3,2.40,0,0,0,0,0,0,0,3,0,0,0,5,4,3,4,4,3,4,4,4,4,4,4,4,3.67,3.67,3.67,4.00,4.00,4.00,4.00,2,4,2,3,4,3,2.67,3.33,3.00,1.00,1.00,1.00,1.00,1.00,5.00,10.00
275,I certify that I am 18 years of age or over,"Yes, I agree to take part",39,Male,,Canada,Secondary school,3.67,Never,21-30,0,Never,0.00,1,0,0,0,0,0,0,0,5,0.69,1,1,2,3,4,2.20,0,4,0,3,0,3,0,1,0,0,0,5,5,5,5,5,3,5,4,4,5,5,5,5,5.00,4.33,4.67,4.33,5.00,4.67,5.00,3,4,5,4,5,5,4.00,4.67,4.34,0.00,1.00,0.00,0.00,0.00,1.00,15.00
275,I certify that I am 18 years of age or over,"Yes, I agree to take part",39,Male,,Canada,Secondary school,3.67,Never,21-30,0,Never,0.00,1,1,0,0,1,1,0,2,5,0.69,4,4,4,5,4,4.20,0,3,0,0,1,1,0,1,0,4,1,5,5,5,5,5,5,5,4,4,5,5,5,5,5.00,5.00,5.00,4.33,5.00,4.67,5.00,3,3,4,3,5,3,3.33,3.67,3.50,0.50,0.00,0.50,2.00,1.00,4.00,15.00
276,I certify that I am 18 years of age or over,"Yes, I agree to take part",22,Female,,Poland,Secondary school,3.83,Never,1-10,0,Never,0.00,0,1,0,1,1,1,1,4,5,0.05,5,5,4,4,2,4.00,0,6,0,1,0,2,0,6,0,3,0,5,4,5,5,3,4,4,5,4,3,4,2,5,4.67,3.67,4.17,4.00,3.67,3.83,4.00,1,2,1,1,2,3,1.33,2.00,1.67,1.00,1.00,1.00,1.00,1.00,5.00,10.00
276,I certify that I am 18 years of age or over,"Yes, I agree to take part",22,Female,,Poland,Secondary school,3.83,Never,1-10,0,Never,0.00,0,0,1,0,0,1,0,2,5,0.05,1,5,2,4,2,2.80,0,2,0,2,0,7,0,6,0,2,0,5,5,4,5,5,4,3,5,5,5,5,4,4,4.67,4.00,4.33,5.00,4.33,4.67,4.00,1,4,1,1,4,4,2.00,3.00,2.50,1.00,1.00,1.00,1.00,1.00,5.00,10.00
277,I certify that I am 18 years of age or over,"Yes, I agree to take part",30,Female,,Australia,Undergraduate degree,4.40,Never,21-30,1,Within the last year,25.00,1,0,0,0,0,0,0,0,5,0.57,3,2,3,3,4,3.00,0,3,0,1,0,5,0,1,0,4,0,5,4,3,3,4,3,4,3,4,3,3,5,4,3.33,3.67,3.50,3.33,4.00,3.67,4.00,2,2,2,3,3,3,2.00,3.00,2.50,0.50,0.30,0.50,0.50,0.50,2.30,15.00
277,I certify that I am 18 years of age or over,"Yes, I agree to take part",30,Female,,Australia,Undergraduate degree,4.40,Never,21-30,1,Within the last year,25.00,1,1,1,0,1,0,0,2,5,0.57,4,3,3,4,4,3.60,0,5,0,7,0,4,1,5,0,1,1,5,4,2,4,4,3,4,4,4,3,4,4,4,3.33,3.67,3.50,3.67,4.00,3.83,4.00,2,2,2,3,3,3,2.00,3.00,2.50,0.50,0.50,0.30,0.70,0.70,2.70,15.00
278,I certify that I am 18 years of age or over,"Yes, I agree to take part",55,Female,,United Kingdom,Further education,4.50,Monthly,11-20,0,Never,0.00,0,1,0,0,1,1,1,3,5,0.71,4,4,2,5,2,3.40,0,3,1,2,0,2,0,4,0,0,1,5,5,3,3,5,3,3,4,4,4,4,4,4,3.67,3.67,3.67,4.00,4.00,4.00,5.00,2,2,1,4,4,4,1.67,4.00,2.84,2.00,2.00,2.00,2.00,2.00,10.00,0.00
278,I certify that I am 18 years of age or over,"Yes, I agree to take part",55,Female,,United Kingdom,Further education,4.50,Monthly,11-20,0,Never,0.00,0,0,0,0,0,0,0,0,5,0.71,1,1,4,2,2,2.00,0,2,0,0,0,4,0,4,0,3,0,5,5,3,3,5,3,3,4,4,4,4,4,4,3.67,3.67,3.67,4.00,4.00,4.00,5.00,2,2,2,4,4,4,2.00,4.00,3.00,2.00,2.00,2.00,2.00,2.00,10.00,0.00
279,I certify that I am 18 years of age or over,"Yes, I agree to take part",26,Male,,Canada,Undergraduate degree,3.83,Never,11-20,0,Never,0.00,0,1,0,0,0,0,0,0,5,-0.24,2,4,2,4,2,2.80,0,5,0,1,1,1,0,4,0,3,1,5,4,4,5,4,3,3,2,3,3,3,3,4,4.33,3.33,3.83,2.67,3.33,3.00,3.00,4,4,4,4,4,4,4.00,4.00,4.00,1.50,2.00,1.00,1.00,1.20,6.70,11.00
279,I certify that I am 18 years of age or over,"Yes, I agree to take part",26,Male,,Canada,Undergraduate degree,3.83,Never,11-20,0,Never,0.00,0,0,0,0,0,0,0,0,5,-0.24,1,1,1,2,1,1.20,1,1,0,3,0,5,0,0,0,4,1,5,4,3,4,3,4,4,4,3,3,3,3,3,3.67,3.67,3.67,3.33,3.00,3.17,4.00,2,4,5,3,4,4,3.67,3.67,3.67,0.00,0.00,0.00,2.00,0.30,2.30,11.00
281,I certify that I am 18 years of age or over,"Yes, I agree to take part",34,Male,,Germany,Postgraduate degree,4.17,Monthly,1-10,0,Never,0.00,0,1,0,0,1,1,1,3,5,0.44,4,4,2,4,4,3.60,0,4,0,1,1,1,0,1,0,2,1,5,5,3,5,5,3,4,3,4,5,4,5,4,4.33,4.00,4.17,4.00,4.33,4.17,5.00,3,3,2,2,4,1,2.67,2.33,2.50,1.00,1.00,1.00,1.00,1.00,5.00,10.00
281,I certify that I am 18 years of age or over,"Yes, I agree to take part",34,Male,,Germany,Postgraduate degree,4.17,Monthly,1-10,0,Never,0.00,0,0,0,0,0,0,0,0,5,0.44,5,3,5,5,5,4.60,0,3,0,3,1,2,0,3,0,2,1,5,5,4,5,5,3,5,3,4,5,4,5,5,4.67,4.33,4.50,4.00,4.67,4.33,5.00,2,3,2,2,4,2,2.33,2.67,2.50,1.00,1.00,1.00,1.00,1.00,5.00,10.00
282,I certify that I am 18 years of age or over,"Yes, I agree to take part",35,Female,,France,Postgraduate degree,2.00,Never,21-30,1,More than 1 year ago,15.00,0,0,0,0,0,0,0,0,5,1.02,1,2,3,4,3,2.60,0,5,0,6,0,5,0,6,0,4,0,5,5,1,2,4,2,4,2,2,2,4,5,5,2.67,3.33,3.00,2.00,4.67,3.33,4.00,5,3,5,5,5,5,4.33,5.00,4.67,0.00,0.00,2.00,4.00,2.00,8.00,2.00
282,I certify that I am 18 years of age or over,"Yes, I agree to take part",35,Female,,France,Postgraduate degree,2.00,Never,21-30,1,More than 1 year ago,15.00,0,1,0,0,1,0,0,1,5,1.02,3,5,2,5,2,3.40,0,4,0,6,0,4,0,3,0,4,0,5,5,2,1,4,2,4,2,2,4,4,5,5,2.67,3.33,3.00,2.67,4.67,3.67,4.00,4,2,5,5,3,5,3.67,4.33,4.00,4.00,2.00,2.00,2.00,0.00,10.00,2.00
283,I certify that I am 18 years of age or over,"Yes, I agree to take part",37,Male,,United Kingdom,Postgraduate degree,2.50,Never,1-10,1,More than 1 year ago,50.00,1,0,0,0,0,0,0,0,5,0.78,5,5,3,4,3,4.00,0,4,0,4,0,3,0,1,0,2,0,5,5,5,5,5,5,5,2,2,2,3,2,2,5.00,5.00,5.00,2.00,2.33,2.17,3.00,3,4,5,3,4,4,4.00,3.67,3.84,1.00,1.00,1.00,1.00,1.00,5.00,10.00
283,I certify that I am 18 years of age or over,"Yes, I agree to take part",37,Male,,United Kingdom,Postgraduate degree,2.50,Never,1-10,1,More than 1 year ago,50.00,1,1,1,0,1,1,1,4,5,0.78,4,4,4,5,5,4.40,0,3,0,1,0,2,0,1,1,5,1,5,5,4,5,5,5,5,2,2,2,3,3,3,4.67,5.00,4.83,2.00,3.00,2.50,4.00,3,3,5,2,4,2,3.67,2.67,3.17,1.00,1.00,1.00,1.00,1.00,5.00,10.00
284,I certify that I am 18 years of age or over,"Yes, I agree to take part",29,Female,,Germany,Undergraduate degree,2.83,Never,1-10,0,Never,0.00,1,1,1,0,1,0,0,2,5,1.08,2,3,2,2,5,2.80,1,1,0,3,0,3,0,2,0,4,1,5,4,2,5,1,2,4,1,1,2,1,4,2,3.67,2.33,3.00,1.33,2.33,1.83,2.00,2,4,2,4,4,4,2.67,4.00,3.34,0.10,0.10,0.10,0.10,0.10,0.50,19.00
284,I certify that I am 18 years of age or over,"Yes, I agree to take part",29,Female,,Germany,Undergraduate degree,2.83,Never,1-10,0,Never,0.00,1,0,0,0,0,0,0,0,5,1.08,3,3,4,4,4,3.60,0,4,0,3,0,3,0,3,1,1,1,5,4,3,4,1,2,4,2,2,2,2,4,4,3.67,2.33,3.00,2.00,3.33,2.67,2.00,2,4,2,4,4,4,2.67,4.00,3.34,0.10,0.10,0.10,0.10,0.10,0.50,19.00
285,I certify that I am 18 years of age or over,"Yes, I agree to take part",22,Female,,United Kingdom,Undergraduate degree,3.17,Never,1-10,0,Never,0.00,0,1,1,0,1,1,1,4,5,0.34,5,5,4,5,5,4.80,0,0,1,2,1,1,0,4,0,6,2,5,5,1,5,5,1,5,1,1,1,1,3,4,3.67,3.67,3.67,1.00,2.67,1.83,4.00,2,2,2,3,3,2,2.00,2.67,2.34,1.00,1.00,1.00,1.00,1.00,5.00,10.00
285,I certify that I am 18 years of age or over,"Yes, I agree to take part",22,Female,,United Kingdom,Undergraduate degree,3.17,Never,1-10,0,Never,0.00,0,0,0,0,0,0,0,0,5,0.34,3,4,3,4,3,3.40,1,1,1,5,0,0,0,0,0,0,2,5,5,2,4,5,2,4,1,1,1,2,4,3,3.67,3.67,3.67,1.00,3.00,2.00,4.00,2,2,3,2,3,2,2.33,2.33,2.33,1.00,1.00,1.00,1.00,1.00,5.00,10.00
287,I certify that I am 18 years of age or over,"Yes, I agree to take part",34,Male,,Germany,Postgraduate degree,4.00,Yearly,11-20,0,Never,0.00,1,1,1,0,1,0,1,3,5,0.91,5,2,1,5,4,3.40,0,3,0,3,0,2,0,2,0,4,0,5,5,4,5,5,5,5,4,2,4,2,4,4,4.67,5.00,4.83,3.33,3.33,3.33,5.00,1,1,2,4,4,4,1.33,4.00,2.67,2.00,1.00,1.00,2.00,1.50,7.50,5.00
287,I certify that I am 18 years of age or over,"Yes, I agree to take part",34,Male,,Germany,Postgraduate degree,4.00,Yearly,11-20,0,Never,0.00,1,0,0,0,1,1,1,3,5,0.91,2,2,2,3,4,2.60,1,1,0,4,0,3,0,1,0,2,1,5,5,4,5,5,4,5,2,4,2,3,4,3,4.67,4.67,4.67,2.67,3.33,3.00,5.00,2,2,2,4,4,4,2.00,4.00,3.00,1.50,1.50,1.50,1.50,1.50,7.50,5.00
288,I certify that I am 18 years of age or over,"Yes, I agree to take part",27,Female,,United States of America,Further education,3.00,Never,11-20,1,Within the last year,80.00,1,0,0,0,0,1,0,1,5,1.49,1,1,2,2,2,1.60,0,4,0,0,0,0,0,0,0,0,0,5,4,4,4,4,4,4,2,4,4,4,4,4,4.00,4.00,4.00,3.33,4.00,3.67,4.00,2,2,2,2,2,2,2.00,2.00,2.00,0.00,0.00,0.00,0.00,0.00,0.00,20.00
288,I certify that I am 18 years of age or over,"Yes, I agree to take part",27,Female,,United States of America,Further education,3.00,Never,11-20,1,Within the last year,80.00,1,1,1,0,1,0,0,2,5,1.49,4,2,2,4,2,2.80,0,0,0,0,1,1,0,0,0,7,1,5,4,4,4,4,4,4,4,4,4,4,4,4,4.00,4.00,4.00,4.00,4.00,4.00,5.00,1,2,2,2,2,2,1.67,2.00,1.84,0.00,0.00,0.00,0.00,0.00,0.00,20.00
289,I certify that I am 18 years of age or over,"Yes, I agree to take part",24,Female,,Australia,Secondary school,3.17,Never,11-20,0,Never,0.00,1,1,1,0,1,1,0,3,5,0.59,4,3,3,5,4,3.80,0,6,1,2,0,2,0,4,1,5,2,5,4,3,4,4,3,4,2,2,2,2,4,3,3.67,3.67,3.67,2.00,3.00,2.50,3.00,2,4,1,2,3,2,2.33,2.33,2.33,0.50,0.50,0.50,0.50,0.50,2.50,15.00
289,I certify that I am 18 years of age or over,"Yes, I agree to take part",24,Female,,Australia,Secondary school,3.17,Never,11-20,0,Never,0.00,1,0,0,0,0,1,0,1,5,0.59,2,3,3,3,3,2.80,1,1,0,4,0,4,0,3,0,3,1,5,4,2,4,3,3,2,2,2,2,2,4,2,3.33,2.67,3.00,2.00,2.67,2.33,3.00,2,4,1,2,3,1,2.33,2.00,2.17,0.50,0.50,0.50,0.50,0.50,2.50,15.00
290,I certify that I am 18 years of age or over,"Yes, I agree to take part",36,Male,,Czech Republic,Postgraduate degree,4.83,Never,21-30,0,Never,0.00,1,1,1,0,1,0,0,2,5,1.25,4,4,4,4,5,4.20,1,1,0,1,1,1,0,1,0,3,2,5,4,4,4,4,4,4,2,3,2,3,4,4,4.00,4.00,4.00,2.33,3.67,3.00,4.00,4,3,4,4,4,4,3.67,4.00,3.84,0.50,0.50,0.50,0.50,0.50,2.50,15.00
290,I certify that I am 18 years of age or over,"Yes, I agree to take part",36,Male,,Czech Republic,Postgraduate degree,4.83,Never,21-30,0,Never,0.00,1,0,1,1,0,1,1,4,5,1.25,4,3,4,4,3,3.60,1,1,0,2,0,1,0,1,1,1,2,5,5,4,4,5,4,5,3,4,4,4,4,4,4.33,4.67,4.50,3.67,4.00,3.83,4.00,4,4,4,4,4,4,4.00,4.00,4.00,0.50,0.50,0.50,0.50,0.50,2.50,15.00
291,I certify that I am 18 years of age or over,"Yes, I agree to take part",31,Female,,United Kingdom,Undergraduate degree,3.83,Yearly,21-30,0,Never,0.00,1,1,1,0,1,1,0,3,5,1.24,4,4,5,5,3,4.20,0,2,0,3,1,1,0,4,0,3,1,5,4,3,5,5,3,5,2,2,2,3,3,3,4.00,4.33,4.17,2.00,3.00,2.50,5.00,1,1,1,2,3,3,1.00,2.67,1.84,2.00,2.00,2.00,2.00,2.00,10.00,0.00
291,I certify that I am 18 years of age or over,"Yes, I agree to take part",31,Female,,United Kingdom,Undergraduate degree,3.83,Yearly,21-30,0,Never,0.00,1,0,0,0,0,1,0,1,5,1.24,3,3,3,4,4,3.40,0,3,0,4,0,4,0,3,0,4,0,5,5,3,4,5,3,4,2,2,2,2,3,3,4.00,4.00,4.00,2.00,2.67,2.33,5.00,1,1,1,2,3,3,1.00,2.67,1.84,2.00,2.00,2.00,2.00,2.00,10.00,0.00
292,I certify that I am 18 years of age or over,"Yes, I agree to take part",29,Female,,United States of America,Secondary school,3.50,Yearly,1-10,0,Never,0.00,1,1,1,0,0,0,0,1,5,0.90,5,5,3,4,5,4.40,1,1,0,1,0,0,0,0,0,1,1,5,5,5,5,3,5,5,3,3,4,3,4,4,5.00,4.33,4.67,3.33,3.67,3.50,4.00,2,3,3,2,3,2,2.67,2.33,2.50,2.00,2.00,2.00,2.00,2.00,10.00,0.00
292,I certify that I am 18 years of age or over,"Yes, I agree to take part",29,Female,,United States of America,Secondary school,3.50,Yearly,1-10,0,Never,0.00,1,0,0,0,0,0,0,0,5,0.90,3,3,3,3,3,3.00,1,1,0,1,0,0,0,1,0,0,1,5,4,5,5,4,5,5,4,3,4,3,4,3,4.67,4.67,4.67,3.67,3.33,3.50,4.00,2,3,2,2,3,2,2.33,2.33,2.33,2.00,2.00,2.00,2.00,2.00,10.00,0.00
293,I certify that I am 18 years of age or over,"Yes, I agree to take part",22,Female,,France,Further education,3.67,Never,31+,1,Within the last year,6.00,0,0,0,1,0,0,0,1,5,0.80,4,4,4,4,4,4.00,0,2,0,3,0,5,0,3,1,1,1,5,5,4,5,5,4,5,2,2,2,2,4,3,4.67,4.67,4.67,2.00,3.00,2.50,4.00,2,4,2,3,4,3,2.67,3.33,3.00,0.00,0.00,0.00,0.00,0.00,0.00,16.00
293,I certify that I am 18 years of age or over,"Yes, I agree to take part",22,Female,,France,Further education,3.67,Never,31+,1,Within the last year,6.00,0,1,0,0,0,0,1,1,5,0.80,4,4,5,4,5,4.40,0,3,0,4,0,3,0,4,1,5,1,5,5,4,5,5,4,5,2,2,2,3,4,3,4.67,4.67,4.67,2.00,3.33,2.67,4.00,2,4,2,3,4,3,2.67,3.33,3.00,0.00,1.00,1.00,1.00,1.00,4.00,16.00
294,I certify that I am 18 years of age or over,"Yes, I agree to take part",23,Female,,Italy,Undergraduate degree,4.17,Yearly,11-20,0,Never,0.00,0,1,0,0,1,0,1,2,5,0.46,4,2,3,4,4,3.40,0,2,0,5,0,3,0,4,0,2,0,5,4,2,3,4,2,4,2,2,4,2,4,4,3.00,3.33,3.17,2.67,3.33,3.00,4.00,3,3,3,3,4,3,3.00,3.33,3.17,2.00,2.00,2.00,2.00,2.00,10.00,0.00
294,I certify that I am 18 years of age or over,"Yes, I agree to take part",23,Female,,Italy,Undergraduate degree,4.17,Yearly,11-20,0,Never,0.00,0,0,0,0,0,1,0,1,5,0.46,4,2,4,2,3,3.00,1,1,0,1,0,4,1,5,0,4,2,5,4,2,4,4,2,4,2,2,3,2,4,4,3.33,3.33,3.33,2.33,3.33,2.83,4.00,3,3,3,2,4,3,3.00,3.00,3.00,2.00,2.00,2.00,2.00,2.00,10.00,0.00
295,I certify that I am 18 years of age or over,"Yes, I agree to take part",34,Male,,United Kingdom,Postgraduate degree,3.33,Monthly,11-20,0,Never,0.00,1,1,1,0,1,1,1,4,5,1.35,4,4,3,5,4,4.00,0,0,0,3,0,3,0,1,0,4,0,5,5,4,5,5,3,5,4,4,4,4,4,4,4.67,4.33,4.50,4.00,4.00,4.00,4.00,2,2,2,4,4,4,2.00,4.00,3.00,0.00,0.00,0.00,0.00,5.00,5.00,0.00
295,I certify that I am 18 years of age or over,"Yes, I agree to take part",34,Male,,United Kingdom,Postgraduate degree,3.33,Monthly,11-20,0,Never,0.00,1,0,0,0,1,0,0,1,5,1.35,3,4,4,3,4,3.60,0,4,0,0,0,3,0,4,0,2,0,5,5,3,5,5,3,5,4,4,4,4,4,4,4.33,4.33,4.33,4.00,4.00,4.00,4.00,2,2,2,4,4,4,2.00,4.00,3.00,0.00,5.00,5.00,0.00,5.00,15.00,0.00
296,I certify that I am 18 years of age or over,"Yes, I agree to take part",44,Male,,United Kingdom,Undergraduate degree,4.33,Never,21-30,1,More than 1 year ago,10.00,1,0,0,0,0,0,0,0,5,0.86,3,3,4,5,4,3.80,0,6,1,5,0,5,0,3,0,0,1,5,5,4,5,4,1,5,3,2,4,3,4,4,4.67,3.33,4.00,3.00,3.67,3.33,5.00,1,1,1,1,1,1,1.00,1.00,1.00,0.50,1.50,1.50,1.50,1.50,6.50,6.00
296,I certify that I am 18 years of age or over,"Yes, I agree to take part",44,Male,,United Kingdom,Undergraduate degree,4.33,Never,21-30,1,More than 1 year ago,10.00,1,1,1,0,0,0,0,1,5,0.86,5,4,4,5,5,4.60,0,4,0,6,0,2,0,4,1,5,1,5,5,5,5,5,5,5,2,3,2,3,3,5,5.00,5.00,5.00,2.33,3.67,3.00,5.00,1,1,1,1,1,1,1.00,1.00,1.00,1.50,1.50,1.50,1.50,1.50,7.50,6.00
297,I certify that I am 18 years of age or over,"Yes, I agree to take part",26,Male,,Belgium,Postgraduate degree,3.33,Never,1-10,0,Never,0.00,1,0,0,0,0,0,0,0,5,0.41,4,2,2,4,4,3.20,1,1,0,2,0,0,0,1,0,2,1,5,5,4,5,5,4,4,3,3,4,1,4,4,4.67,4.33,4.50,3.33,3.00,3.17,4.00,2,4,4,2,4,4,3.33,3.33,3.33,0.00,0.50,0.50,1.00,0.00,2.00,10.00
297,I certify that I am 18 years of age or over,"Yes, I agree to take part",26,Male,,Belgium,Postgraduate degree,3.33,Never,1-10,0,Never,0.00,1,1,1,0,1,0,0,2,5,0.41,3,4,1,5,5,3.60,0,0,0,3,1,1,0,3,0,3,1,5,5,5,5,5,5,5,3,4,4,2,4,4,5.00,5.00,5.00,3.67,3.33,3.50,4.00,2,4,3,2,4,4,3.00,3.33,3.17,0.50,1.00,0.50,3.00,3.00,8.00,10.00
298,I certify that I am 18 years of age or over,"Yes, I agree to take part",27,Female,,United States of America,Secondary school,4.33,Once every 3 months,11-20,0,Never,0.00,0,1,1,0,1,1,1,4,5,1.30,4,2,5,5,5,4.20,0,2,0,4,0,4,0,6,1,5,1,5,5,5,5,5,5,5,4,5,4,4,5,5,5.00,5.00,5.00,4.33,4.67,4.50,5.00,1,1,1,1,1,1,1.00,1.00,1.00,1.00,1.00,1.00,1.00,1.00,5.00,10.00
298,I certify that I am 18 years of age or over,"Yes, I agree to take part",27,Female,,United States of America,Secondary school,4.33,Once every 3 months,11-20,0,Never,0.00,0,0,0,0,1,1,0,2,5,1.30,4,2,3,4,3,3.20,0,4,1,5,0,5,0,6,0,4,1,5,5,5,5,5,5,5,4,4,5,4,5,5,5.00,5.00,5.00,4.33,4.67,4.50,5.00,1,1,1,1,1,1,1.00,1.00,1.00,1.00,1.00,1.00,1.00,1.00,5.00,10.00
299,I certify that I am 18 years of age or over,"Yes, I agree to take part",25,Female,,Austria,Undergraduate degree,3.83,Yearly,1-10,0,Never,0.00,0,1,1,0,1,1,0,3,5,0.12,2,3,3,5,3,3.20,0,2,0,5,0,2,0,2,1,5,1,5,4,3,3,4,4,4,1,2,2,2,4,4,3.33,4.00,3.67,1.67,3.33,2.50,2.00,4,4,3,3,4,4,3.67,3.67,3.67,4.00,1.00,5.00,5.00,5.00,20.00,0.00
299,I certify that I am 18 years of age or over,"Yes, I agree to take part",25,Female,,Austria,Undergraduate degree,3.83,Yearly,1-10,0,Never,0.00,0,0,0,0,0,1,0,1,5,0.12,1,1,1,1,1,1.00,0,4,0,1,0,3,0,3,1,1,1,5,3,4,4,4,4,3,2,2,2,2,4,3,3.67,3.67,3.67,2.00,3.00,2.50,3.00,3,4,4,3,3,2,3.67,2.67,3.17,0.00,0.00,0.00,0.00,0.00,0.00,0.00
300,I certify that I am 18 years of age or over,"Yes, I agree to take part",24,Female,,Australia,Undergraduate degree,3.20,Never,1-10,1,Within the last month,20.00,0,1,0,0,0,0,0,0,5,0.38,2,3,3,2,2,2.40,0,0,0,0,0,3,0,0,0,0,0,5,3,3,4,4,3,3,3,3,3,4,4,3,3.33,3.33,3.33,3.00,3.67,3.33,4.00,2,3,2,2,3,3,2.33,2.67,2.50,2.00,2.00,2.00,2.00,2.00,10.00,0.00
300,I certify that I am 18 years of age or over,"Yes, I agree to take part",24,Female,,Australia,Undergraduate degree,3.20,Never,1-10,1,Within the last month,20.00,0,0,0,0,0,0,0,0,5,0.38,2,2,2,2,2,2.00,0,2,0,0,0,0,0,0,0,0,0,5,3,3,4,3,3,4,3,3,3,4,3,3,3.33,3.33,3.33,3.00,3.33,3.17,4.00,2,3,2,2,3,3,2.33,2.67,2.50,2.00,2.00,2.00,2.00,2.00,10.00,0.00
301,I certify that I am 18 years of age or over,"Yes, I agree to take part",28,Female,,United States of America,Undergraduate degree,4.50,Yearly,11-20,0,Never,0.00,0,0,0,0,0,1,0,1,5,0.28,2,3,4,5,5,3.80,1,1,0,3,0,4,1,5,0,3,2,5,5,3,5,4,4,4,3,3,5,4,3,4,4.33,4.00,4.17,3.67,3.67,3.67,3.00,2,2,1,3,3,3,1.67,3.00,2.34,0.50,1.00,1.00,0.80,0.50,3.80,14.20
301,I certify that I am 18 years of age or over,"Yes, I agree to take part",28,Female,,United States of America,Undergraduate degree,4.50,Yearly,11-20,0,Never,0.00,0,1,0,0,1,0,1,2,5,0.28,4,5,4,4,5,4.40,0,2,0,4,0,3,0,3,0,1,0,5,5,3,5,4,3,5,4,3,4,4,4,4,4.33,4.00,4.17,3.67,4.00,3.83,4.00,1,1,1,3,3,3,1.00,3.00,2.00,0.50,1.00,0.20,0.20,0.10,2.00,14.20
302,I certify that I am 18 years of age or over,"Yes, I agree to take part",35,Female,,United States of America,Secondary school,3.50,Yearly,1-10,0,Never,0.00,0,1,1,0,1,1,0,3,5,1.00,2,4,3,4,4,3.40,0,5,0,4,1,1,0,4,0,2,1,5,5,4,4,5,4,4,3,3,3,4,3,4,4.33,4.33,4.33,3.00,3.67,3.33,4.00,2,4,2,2,4,2,2.67,2.67,2.67,1.00,1.00,0.00,2.00,1.00,5.00,10.00
302,I certify that I am 18 years of age or over,"Yes, I agree to take part",35,Female,,United States of America,Secondary school,3.50,Yearly,1-10,0,Never,0.00,0,0,0,0,0,0,0,0,5,1.00,3,4,2,3,3,3.00,0,3,0,1,0,5,1,5,0,4,1,5,5,4,5,4,5,4,2,3,4,3,3,3,4.67,4.33,4.50,3.00,3.00,3.00,4.00,2,4,2,2,4,2,2.67,2.67,2.67,0.00,2.00,1.00,1.00,1.00,5.00,10.00
303,I certify that I am 18 years of age or over,"Yes, I agree to take part",23,Male,,Italy,Undergraduate degree,3.17,Never,1-10,0,Never,0.00,1,0,1,0,0,1,0,2,5,0.38,2,1,3,2,3,2.20,0,2,0,4,0,3,0,1,1,1,1,5,2,2,4,3,2,3,3,2,3,4,4,2,2.67,2.67,2.67,2.67,3.33,3.00,3.00,4,3,4,4,4,4,3.67,4.00,3.84,0.00,1.00,0.00,1.00,0.00,2.00,12.50
303,I certify that I am 18 years of age or over,"Yes, I agree to take part",23,Male,,Italy,Undergraduate degree,3.17,Never,1-10,0,Never,0.00,1,1,0,0,1,1,0,2,5,0.38,2,4,2,4,4,3.20,0,5,0,1,1,1,0,3,1,5,2,5,5,3,4,5,4,5,4,4,4,4,3,5,4.00,4.67,4.33,4.00,4.00,4.00,4.00,3,3,4,4,4,4,3.33,4.00,3.67,1.00,1.00,0.00,2.00,1.50,5.50,12.50
304,I certify that I am 18 years of age or over,"Yes, I agree to take part",31,Male,,United Kingdom,Postgraduate degree,3.67,Once every 6 months,11-20,0,Never,0.00,1,1,0,0,1,0,0,1,5,1.01,4,5,2,4,4,3.80,0,5,0,5,0,2,1,5,1,5,2,5,4,4,5,5,5,5,5,5,5,5,5,5,4.33,5.00,4.67,5.00,5.00,5.00,5.00,1,1,1,1,1,1,1.00,1.00,1.00,0.00,0.00,0.00,0.00,0.00,0.00,20.00
304,I certify that I am 18 years of age or over,"Yes, I agree to take part",31,Male,,United Kingdom,Postgraduate degree,3.67,Once every 6 months,11-20,0,Never,0.00,1,0,0,0,0,0,0,0,5,1.01,1,1,1,2,1,1.20,0,3,1,5,0,4,0,4,0,5,1,5,5,5,5,5,5,5,5,5,5,5,5,5,5.00,5.00,5.00,5.00,5.00,5.00,5.00,1,1,1,1,1,1,1.00,1.00,1.00,0.00,0.00,0.00,0.00,0.00,0.00,20.00
306,I certify that I am 18 years of age or over,"Yes, I agree to take part",31,Male,,Slovenia,Postgraduate degree,4.17,Never,31+,0,Never,0.00,0,1,1,0,1,0,1,3,5,1.19,4,3,3,5,5,4.00,0,3,0,3,1,1,0,4,0,3,1,5,5,4,5,5,4,5,2,2,2,2,3,3,4.67,4.67,4.67,2.00,2.67,2.33,3.00,3,4,4,3,4,4,3.67,3.67,3.67,0.50,0.50,0.50,0.50,0.50,2.50,15.00
306,I certify that I am 18 years of age or over,"Yes, I agree to take part",31,Male,,Slovenia,Postgraduate degree,4.17,Never,31+,0,Never,0.00,0,0,0,0,1,1,0,2,5,1.19,4,4,3,5,5,4.20,1,1,0,2,0,0,0,3,0,2,1,5,5,4,4,5,4,5,2,2,2,2,3,3,4.33,4.67,4.50,2.00,2.67,2.33,3.00,2,4,3,4,4,4,3.00,4.00,3.50,0.50,0.50,0.50,0.50,0.50,2.50,15.00
307,I certify that I am 18 years of age or over,"Yes, I agree to take part",31,Female,,Australia,Postgraduate degree,4.33,Yearly,11-20,0,Never,0.00,0,1,0,0,1,0,0,1,5,0.41,3,4,4,4,3,3.60,0,2,0,1,1,1,0,4,0,3,1,5,4,3,4,3,2,4,4,4,4,4,3,4,3.67,3.00,3.33,4.00,3.67,3.83,4.00,1,2,1,3,4,2,1.33,3.00,2.17,0.40,0.40,0.40,0.40,0.40,2.00,16.00
307,I certify that I am 18 years of age or over,"Yes, I agree to take part",31,Female,,Australia,Postgraduate degree,4.33,Yearly,11-20,0,Never,0.00,0,0,0,0,0,0,0,0,5,0.41,3,3,3,4,4,3.40,1,1,0,3,1,2,0,3,0,2,2,5,4,3,4,3,3,3,4,4,4,4,3,4,3.67,3.00,3.33,4.00,3.67,3.83,4.00,1,3,1,3,4,3,1.67,3.33,2.50,0.40,0.40,0.40,0.40,0.40,2.00,16.00
308,I certify that I am 18 years of age or over,"Yes, I agree to take part",31,Female,,United Kingdom,Further education,4.33,Never,11-20,1,More than 1 year ago,0.25,1,1,0,0,1,0,0,1,5,0.38,4,4,4,5,4,4.20,0,0,0,0,0,0,0,0,0,0,0,5,4,4,4,4,4,4,3,3,3,4,3,4,4.00,4.00,4.00,3.00,3.67,3.33,4.00,3,3,3,3,3,3,3.00,3.00,3.00,0.00,0.00,0.00,0.00,0.00,0.00,20.00
308,I certify that I am 18 years of age or over,"Yes, I agree to take part",31,Female,,United Kingdom,Further education,4.33,Never,11-20,1,More than 1 year ago,0.25,1,0,0,0,0,0,0,0,5,0.38,4,4,4,4,4,4.00,0,0,0,0,0,0,0,0,0,0,0,5,4,4,4,4,4,4,3,3,3,4,3,4,4.00,4.00,4.00,3.00,3.67,3.33,4.00,3,3,3,3,3,3,3.00,3.00,3.00,0.00,0.00,0.00,0.00,0.00,0.00,20.00
309,I certify that I am 18 years of age or over,"Yes, I agree to take part",27,Female,,Sweden,Further education,3.17,Never,31+,0,Never,0.00,1,1,1,0,1,0,1,3,5,0.33,4,4,4,4,5,4.20,0,4,0,5,0,4,0,4,1,5,1,5,4,3,5,5,4,5,2,4,3,3,4,4,4.00,4.67,4.33,3.00,3.67,3.33,4.00,1,4,1,1,3,1,2.00,1.67,1.84,1.00,1.00,1.00,1.00,1.00,5.00,10.00
309,I certify that I am 18 years of age or over,"Yes, I agree to take part",27,Female,,Sweden,Further education,3.17,Never,31+,0,Never,0.00,1,0,0,0,0,0,0,0,5,0.33,4,4,3,4,3,3.60,0,2,1,5,0,5,1,5,0,5,2,5,4,3,5,4,4,5,2,4,4,4,4,4,4.00,4.33,4.17,3.33,4.00,3.67,4.00,2,3,2,1,4,1,2.33,2.00,2.17,1.00,1.00,1.00,1.00,1.00,5.00,10.00
310,I certify that I am 18 years of age or over,"Yes, I agree to take part",22,Female,,Canada,Undergraduate degree,4.67,Yearly,1-10,0,Never,0.00,0,0,1,1,1,1,0,4,5,0.73,1,1,4,4,3,2.60,0,4,0,4,0,3,0,4,1,1,1,5,5,4,5,5,4,5,4,5,5,5,5,5,4.67,4.67,4.67,4.67,5.00,4.83,5.00,1,4,1,1,4,1,2.00,2.00,2.00,0.10,0.10,1.00,1.00,1.00,3.20,12.70
310,I certify that I am 18 years of age or over,"Yes, I agree to take part",22,Female,,Canada,Undergraduate degree,4.67,Yearly,1-10,0,Never,0.00,0,1,1,0,1,1,1,4,5,0.73,5,5,1,5,5,4.20,0,5,0,3,1,1,1,5,0,4,2,5,5,5,5,5,5,5,4,4,5,5,5,5,5.00,5.00,5.00,4.33,5.00,4.67,5.00,1,4,1,1,4,1,2.00,2.00,2.00,1.00,1.00,0.10,1.00,1.00,4.10,12.70
311,I certify that I am 18 years of age or over,"Yes, I agree to take part",25,Female,,Australia,Undergraduate degree,2.33,Never,1-10,0,Never,0.00,0,0,1,0,0,1,0,2,5,0.95,1,1,1,2,1,1.20,0,4,0,3,0,4,0,3,0,4,0,5,5,4,5,5,4,5,2,3,2,2,2,3,4.67,4.67,4.67,2.33,2.33,2.33,4.00,4,4,4,4,4,4,4.00,4.00,4.00,0.00,0.00,0.00,0.00,0.00,0.00,15.00
311,I certify that I am 18 years of age or over,"Yes, I agree to take part",25,Female,,Australia,Undergraduate degree,2.33,Never,1-10,0,Never,0.00,0,1,0,0,1,0,0,1,5,0.95,4,5,3,5,4,4.20,0,3,1,2,0,3,1,5,0,4,2,5,4,3,5,5,3,5,4,4,3,4,4,4,4.00,4.33,4.17,3.67,4.00,3.83,4.00,4,4,4,4,4,4,4.00,4.00,4.00,1.00,0.00,0.00,3.00,1.00,5.00,15.00
312,I certify that I am 18 years of age or over,"Yes, I agree to take part",36,Female,,United States of America,Further education,4.00,Yearly,11-20,1,Within the last 6 months,50.00,1,1,1,0,1,1,1,4,5,0.66,5,5,4,5,5,4.80,0,4,0,3,1,1,0,2,0,3,1,5,5,5,5,5,5,5,4,4,4,4,4,5,5.00,5.00,5.00,4.00,4.33,4.17,5.00,1,1,1,1,3,1,1.00,1.67,1.34,2.00,2.00,2.00,2.00,2.00,10.00,0.00
312,I certify that I am 18 years of age or over,"Yes, I agree to take part",36,Female,,United States of America,Further education,4.00,Yearly,11-20,1,Within the last 6 months,50.00,1,0,0,1,0,1,0,2,5,0.66,4,5,5,5,5,4.80,1,1,1,5,0,3,0,2,0,4,2,5,5,5,5,5,5,5,4,4,4,4,4,4,5.00,5.00,5.00,4.00,4.00,4.00,5.00,1,1,1,1,3,1,1.00,1.67,1.34,2.00,2.00,2.00,2.00,2.00,10.00,0.00
313,I certify that I am 18 years of age or over,"Yes, I agree to take part",30,Female,,Australia,Postgraduate degree,4.00,Yearly,1-10,0,Never,0.00,0,1,1,0,1,1,1,4,5,-0.05,3,4,2,5,4,3.60,0,4,0,5,1,1,0,3,1,5,2,5,5,5,5,4,4,5,3,3,3,2,3,3,5.00,4.33,4.67,3.00,2.67,2.83,4.00,3,3,3,4,4,4,3.00,4.00,3.50,0.50,0.50,1.00,0.50,0.50,3.00,12.50
313,I certify that I am 18 years of age or over,"Yes, I agree to take part",30,Female,,Australia,Postgraduate degree,4.00,Yearly,1-10,0,Never,0.00,0,0,0,0,0,1,0,1,5,-0.05,5,4,3,3,4,3.80,0,3,0,4,0,4,0,3,0,3,0,5,5,5,5,5,5,5,2,3,3,2,3,3,5.00,5.00,5.00,2.67,2.67,2.67,4.00,4,3,3,4,4,4,3.33,4.00,3.67,1.00,1.00,0.50,1.00,1.00,4.50,12.50
314,I certify that I am 18 years of age or over,"Yes, I agree to take part",20,Male,,United Kingdom,Further education,4.33,Yearly,21-30,0,Never,0.00,1,0,0,0,0,0,0,0,5,0.69,3,3,4,4,3,3.40,1,1,0,4,0,3,0,2,1,1,2,5,5,3,5,5,3,5,3,3,5,4,5,4,4.33,4.33,4.33,3.67,4.33,4.00,4.00,4,3,4,4,4,4,3.67,4.00,3.84,0.00,1.00,0.25,0.00,0.00,1.25,13.00
314,I certify that I am 18 years of age or over,"Yes, I agree to take part",20,Male,,United Kingdom,Further education,4.33,Yearly,21-30,0,Never,0.00,1,1,1,0,1,0,1,3,5,0.69,4,4,2,4,4,3.60,0,3,0,3,0,2,1,5,0,3,1,5,5,4,5,5,3,5,3,4,5,4,5,4,4.67,4.33,4.50,4.00,4.33,4.17,4.00,4,4,4,4,4,4,4.00,4.00,4.00,0.25,1.00,0.00,2.50,2.00,5.75,13.00
315,I certify that I am 18 years of age or over,"Yes, I agree to take part",31,Female,,France,Further education,4.00,Yearly,11-20,0,Never,0.00,0,1,1,0,0,0,0,1,5,0.37,3,4,5,4,4,4.00,0,7,0,3,1,1,0,4,1,5,2,5,5,5,5,4,5,4,2,2,2,2,4,4,5.00,4.33,4.67,2.00,3.33,2.67,4.00,1,2,2,2,2,3,1.67,2.33,2.00,0.00,0.00,3.00,3.00,0.00,6.00,7.50
315,I certify that I am 18 years of age or over,"Yes, I agree to take part",31,Female,,France,Further education,4.00,Yearly,11-20,0,Never,0.00,0,0,0,1,0,1,0,2,5,0.37,4,3,4,3,4,3.60,0,7,0,1,0,3,0,1,0,4,0,5,5,5,5,4,4,4,2,2,2,2,4,4,5.00,4.00,4.50,2.00,3.33,2.67,4.00,3,2,2,2,2,3,2.33,2.33,2.33,0.00,2.50,0.00,0.00,4.00,6.50,7.50
316,I certify that I am 18 years of age or over,"Yes, I agree to take part",46,Female,,United States of America,Undergraduate degree,4.17,Never,1-10,0,Never,0.00,1,1,0,0,1,0,1,2,5,1.34,4,3,2,4,3,3.20,0,3,0,0,0,2,1,5,0,4,1,5,5,4,4,5,4,4,4,4,4,4,4,4,4.33,4.33,4.33,4.00,4.00,4.00,4.00,3,4,3,4,4,2,3.33,3.33,3.33,0.00,0.00,0.00,0.00,0.00,0.00,20.00
316,I certify that I am 18 years of age or over,"Yes, I agree to take part",46,Female,,United States of America,Undergraduate degree,4.17,Never,1-10,0,Never,0.00,1,0,1,0,0,0,0,1,5,1.34,2,3,4,4,3,3.20,0,2,0,6,0,1,0,0,0,5,0,5,5,4,5,5,4,4,4,4,4,4,4,4,4.67,4.33,4.50,4.00,4.00,4.00,4.00,2,4,2,4,4,4,2.67,4.00,3.34,0.00,0.00,0.00,0.00,0.00,0.00,20.00
317,I certify that I am 18 years of age or over,"Yes, I agree to take part",26,Other,Non-binary,Spain,Postgraduate degree,3.50,Never,1-10,0,Never,0.00,0,1,0,0,1,0,1,2,5,0.50,4,3,3,4,5,3.80,0,3,0,3,0,4,0,4,0,4,0,5,5,5,5,5,5,5,2,2,2,4,5,4,5.00,5.00,5.00,2.00,4.33,3.17,5.00,4,4,4,5,5,5,4.00,5.00,4.50,0.00,0.00,0.00,0.00,0.00,0.00,20.00
317,I certify that I am 18 years of age or over,"Yes, I agree to take part",26,Other,Non-binary,Spain,Postgraduate degree,3.50,Never,1-10,0,Never,0.00,0,0,0,1,0,0,0,1,5,0.50,2,4,1,2,4,2.60,0,3,0,3,0,3,0,3,0,3,0,5,5,5,5,5,5,5,1,2,2,2,5,4,5.00,5.00,5.00,1.67,3.67,2.67,5.00,5,4,2,5,5,5,3.67,5.00,4.34,0.00,0.00,0.00,0.00,0.00,0.00,20.00
318,I certify that I am 18 years of age or over,"Yes, I agree to take part",31,Male,,Poland,Postgraduate degree,3.67,Never,11-20,0,Never,0.00,0,1,0,0,1,0,0,1,5,0.95,2,4,2,4,5,3.40,0,3,1,2,1,1,0,1,0,4,2,5,5,4,4,5,4,4,2,3,3,3,4,4,4.33,4.33,4.33,2.67,3.67,3.17,4.00,2,2,3,2,4,3,2.33,3.00,2.67,1.00,1.00,1.00,1.00,1.00,5.00,10.00
318,I certify that I am 18 years of age or over,"Yes, I agree to take part",31,Male,,Poland,Postgraduate degree,3.67,Never,11-20,0,Never,0.00,0,0,1,0,0,0,0,1,5,0.95,2,3,4,4,5,3.60,0,2,1,5,0,3,0,3,0,4,1,5,4,4,4,4,4,4,2,4,3,4,3,4,4.00,4.00,4.00,3.00,3.67,3.33,5.00,3,1,2,2,4,3,2.00,3.00,2.50,1.00,1.00,1.00,1.00,1.00,5.00,10.00
320,I certify that I am 18 years of age or over,"Yes, I agree to take part",25,Female,,France,Undergraduate degree,4.50,Never,11-20,1,Within the last 3 months,90.00,0,1,1,1,1,0,1,4,5,0.81,4,5,5,4,4,4.40,0,4,0,3,0,4,0,3,0,2,0,5,5,2,4,5,2,5,3,2,1,2,3,3,3.67,4.00,3.83,2.00,2.67,2.33,4.00,3,4,3,3,4,3,3.33,3.33,3.33,0.50,0.50,0.50,0.50,0.50,2.50,15.00
320,I certify that I am 18 years of age or over,"Yes, I agree to take part",25,Female,,France,Undergraduate degree,4.50,Never,11-20,1,Within the last 3 months,90.00,0,0,0,1,1,1,1,4,5,0.81,3,4,4,4,4,3.80,0,4,0,3,0,3,0,1,0,2,0,5,5,1,5,5,3,5,1,1,1,1,1,3,3.67,4.33,4.00,1.00,1.67,1.33,4.00,3,4,3,3,4,3,3.33,3.33,3.33,0.50,0.50,0.50,0.50,0.50,2.50,15.00
321,I certify that I am 18 years of age or over,"Yes, I agree to take part",35,Male,,United Kingdom,Undergraduate degree,2.67,Never,1-10,1,More than 1 year ago,20.00,0,0,0,0,0,0,0,0,5,-0.56,1,2,2,3,2,2.00,0,2,0,0,0,0,0,2,0,0,0,5,3,3,4,3,3,5,3,4,4,4,4,4,3.33,3.67,3.50,3.67,4.00,3.83,3.00,4,3,3,4,4,3,3.33,3.67,3.50,1.00,1.00,1.00,1.00,1.00,5.00,2.00
321,I certify that I am 18 years of age or over,"Yes, I agree to take part",35,Male,,United Kingdom,Undergraduate degree,2.67,Never,1-10,1,More than 1 year ago,20.00,0,1,1,0,1,0,1,3,5,-0.56,4,4,4,4,4,4.00,0,0,0,4,0,5,0,4,1,5,1,5,4,3,4,3,3,4,4,4,4,4,4,4,3.67,3.33,3.50,4.00,4.00,4.00,4.00,3,3,3,4,4,4,3.00,4.00,3.50,5.00,4.00,2.00,1.00,1.00,13.00,2.00
322,I certify that I am 18 years of age or over,"Yes, I agree to take part",42,Female,,United Kingdom,Undergraduate degree,3.83,Yearly,11-20,0,Never,0.00,0,1,0,0,0,0,0,0,5,1.03,3,3,2,4,5,3.40,0,2,0,3,0,0,1,5,0,1,1,5,5,4,4,5,2,3,2,4,4,3,4,4,4.33,3.33,3.83,3.33,3.67,3.50,4.00,3,2,2,4,3,4,2.33,3.67,3.00,0.00,0.00,0.00,0.00,0.00,0.00,20.00
322,I certify that I am 18 years of age or over,"Yes, I agree to take part",42,Female,,United Kingdom,Undergraduate degree,3.83,Yearly,11-20,0,Never,0.00,0,0,0,0,0,0,0,0,5,1.03,5,4,3,4,3,3.80,1,1,0,1,0,3,0,3,1,1,2,5,5,2,3,5,4,3,1,4,4,3,3,4,3.33,4.00,3.67,3.00,3.33,3.17,4.00,2,2,3,4,3,4,2.33,3.67,3.00,0.00,0.00,0.00,0.00,0.00,0.00,20.00
323,I certify that I am 18 years of age or over,"Yes, I agree to take part",64,Female,,United Kingdom,Further education,4.50,Monthly,11-20,0,Never,0.00,0,0,0,0,0,1,0,1,5,-0.01,3,2,4,4,4,3.40,1,1,0,3,1,2,0,2,0,3,2,5,5,4,5,5,4,5,5,5,5,4,5,5,4.67,4.67,4.67,5.00,4.67,4.83,5.00,1,1,2,1,4,4,1.33,3.00,2.17,0.50,0.50,0.50,0.50,0.50,2.50,5.00
323,I certify that I am 18 years of age or over,"Yes, I agree to take part",64,Female,,United Kingdom,Further education,4.50,Monthly,11-20,0,Never,0.00,0,1,1,0,0,1,1,3,5,-0.01,5,4,4,5,4,4.40,1,1,0,3,0,3,0,1,0,4,1,5,5,5,5,5,5,5,5,5,5,5,5,5,5.00,5.00,5.00,5.00,5.00,5.00,5.00,1,2,2,4,4,4,1.67,4.00,2.84,2.50,2.50,2.50,2.50,2.50,12.50,5.00
324,I certify that I am 18 years of age or over,"Yes, I agree to take part",37,Female,,United Kingdom,Postgraduate degree,3.50,Yearly,1-10,0,Never,0.00,0,1,1,0,1,0,1,3,5,0.18,3,3,1,4,4,3.00,0,3,0,3,1,1,0,3,1,5,2,5,4,4,5,4,4,5,3,4,3,4,4,4,4.33,4.33,4.33,3.33,4.00,3.67,4.00,3,3,3,3,3,3,3.00,3.00,3.00,1.50,1.50,1.50,1.50,1.50,7.50,5.00
324,I certify that I am 18 years of age or over,"Yes, I agree to take part",37,Female,,United Kingdom,Postgraduate degree,3.50,Yearly,1-10,0,Never,0.00,0,0,0,0,0,1,0,1,5,0.18,2,3,2,3,3,2.60,0,3,1,5,0,4,0,2,0,4,1,5,5,5,5,5,5,5,3,4,4,3,4,4,5.00,5.00,5.00,3.67,3.67,3.67,4.00,3,3,3,3,3,3,3.00,3.00,3.00,1.50,1.50,1.50,1.50,1.50,7.50,5.00
325,I certify that I am 18 years of age or over,"Yes, I agree to take part",42,Female,,United States of America,Further education,3.50,Never,11-20,0,Never,0.00,1,0,0,0,1,0,0,1,5,0.93,3,4,4,3,3,3.40,0,3,0,7,1,2,0,2,0,3,1,5,4,4,4,5,3,4,3,3,4,4,4,4,4.00,4.00,4.00,3.33,4.00,3.67,3.00,3,5,4,3,3,3,4.00,3.00,3.50,1.50,2.00,2.00,1.50,1.00,8.00,4.00
325,I certify that I am 18 years of age or over,"Yes, I agree to take part",42,Female,,United States of America,Further education,3.50,Never,11-20,0,Never,0.00,1,1,0,0,1,1,0,2,5,0.93,3,3,2,5,4,3.40,0,2,0,6,1,1,0,3,1,5,2,5,5,4,4,5,4,5,4,3,3,4,4,4,4.33,4.67,4.50,3.33,4.00,3.67,4.00,3,4,3,3,4,3,3.33,3.33,3.33,1.00,2.00,1.00,2.00,2.00,8.00,4.00
326,I certify that I am 18 years of age or over,"Yes, I agree to take part",37,Male,,United Kingdom,Undergraduate degree,4.83,Monthly,31+,1,Within the last 6 months,276.00,0,1,1,1,1,1,1,5,5,0.97,5,5,5,5,5,5.00,1,1,0,4,1,1,0,4,1,5,3,5,5,4,5,5,4,5,1,2,3,2,4,4,4.67,4.67,4.67,2.00,3.33,2.67,5.00,3,4,2,4,4,4,3.00,4.00,3.50,1.00,1.00,1.00,1.00,1.00,5.00,10.00
326,I certify that I am 18 years of age or over,"Yes, I agree to take part",37,Male,,United Kingdom,Undergraduate degree,4.83,Monthly,31+,1,Within the last 6 months,276.00,0,0,1,1,1,1,0,4,5,0.97,5,5,5,5,5,5.00,0,3,1,5,0,1,0,0,1,1,2,5,5,4,5,5,2,5,2,2,4,2,4,4,4.67,4.00,4.33,2.67,3.33,3.00,5.00,4,4,2,4,4,4,3.33,4.00,3.67,1.00,1.00,1.00,1.00,1.00,5.00,10.00
327,I certify that I am 18 years of age or over,"Yes, I agree to take part",32,Other,Agender,United States of America,Further education,4.00,Never,1-10,0,Never,0.00,1,1,1,0,1,0,1,3,5,0.24,3,3,5,4,3,3.60,0,2,0,1,1,1,0,3,0,3,1,5,5,5,5,5,5,5,3,4,4,3,5,4,5.00,5.00,5.00,3.67,4.00,3.83,5.00,4,4,2,5,5,3,3.33,4.33,3.83,0.00,0.25,0.00,2.00,2.00,4.25,9.00
327,I certify that I am 18 years of age or over,"Yes, I agree to take part",32,Other,Agender,United States of America,Further education,4.00,Never,1-10,0,Never,0.00,1,0,1,0,1,1,0,3,5,0.24,5,5,5,3,5,4.60,1,1,0,4,0,4,1,5,1,1,3,5,5,5,5,5,5,5,3,4,4,4,5,3,5.00,5.00,5.00,3.67,4.00,3.83,5.00,4,4,3,4,5,4,3.67,4.33,4.00,0.25,5.00,0.50,1.00,0.00,6.75,9.00
328,I certify that I am 18 years of age or over,"Yes, I agree to take part",39,Male,,Germany,Further education,4.83,Yearly,11-20,0,Never,0.00,0,0,0,0,0,0,0,0,5,1.11,1,2,3,3,4,2.60,0,0,0,4,0,5,0,0,0,3,0,5,5,4,3,5,4,2,5,3,5,2,5,5,4.00,3.67,3.83,4.33,4.00,4.17,3.00,1,1,1,1,4,4,1.00,3.00,2.00,2.00,2.00,2.00,2.00,2.00,10.00,0.00
328,I certify that I am 18 years of age or over,"Yes, I agree to take part",39,Male,,Germany,Further education,4.83,Yearly,11-20,0,Never,0.00,0,1,0,0,1,0,1,2,5,1.11,4,5,3,5,5,4.40,0,4,0,1,0,2,0,3,0,4,0,5,5,5,4,5,4,4,3,4,5,3,5,3,4.67,4.33,4.50,4.00,3.67,3.83,4.00,1,1,1,4,4,4,1.00,4.00,2.50,2.00,2.00,2.00,2.00,2.00,10.00,0.00
330,I certify that I am 18 years of age or over,"Yes, I agree to take part",32,Male,,Croatia,Secondary school,3.33,Never,21-30,0,Never,0.00,0,1,0,0,1,1,1,3,5,1.51,3,4,3,5,4,3.80,0,0,0,4,1,1,0,1,0,2,1,5,5,5,5,4,4,5,3,3,4,3,4,4,5.00,4.33,4.67,3.33,3.67,3.50,4.00,2,2,2,2,3,3,2.00,2.67,2.34,2.00,2.00,2.00,2.00,2.00,10.00,0.00
330,I certify that I am 18 years of age or over,"Yes, I agree to take part",32,Male,,Croatia,Secondary school,3.33,Never,21-30,0,Never,0.00,0,0,0,0,0,0,0,0,5,1.51,3,4,3,4,4,3.60,0,2,0,2,0,4,0,2,0,3,0,5,5,5,5,4,4,5,3,3,4,3,5,4,5.00,4.33,4.67,3.33,4.00,3.67,4.00,2,2,2,2,3,3,2.00,2.67,2.34,2.00,2.00,2.00,2.00,2.00,10.00,0.00
333,I certify that I am 18 years of age or over,"Yes, I agree to take part",29,Female,,Portugal,Secondary school,4.60,Yearly,11-20,1,More than 1 year ago,8.00,0,1,1,0,1,0,0,2,5,-0.02,4,4,5,5,3,4.20,1,1,0,3,1,1,0,3,0,1,2,5,5,4,5,4,4,5,4,4,4,4,4,4,4.67,4.33,4.50,4.00,4.00,4.00,4.00,1,1,1,1,1,1,1.00,1.00,1.00,2.00,2.00,2.00,2.00,2.00,10.00,0.00
333,I certify that I am 18 years of age or over,"Yes, I agree to take part",29,Female,,Portugal,Secondary school,4.60,Yearly,11-20,1,More than 1 year ago,8.00,0,0,0,0,0,1,0,1,5,-0.02,4,3,4,5,4,4.00,0,2,0,0,0,3,0,4,0,2,0,5,5,4,5,5,5,5,4,4,4,4,4,4,4.67,5.00,4.83,4.00,4.00,4.00,4.00,1,1,1,1,1,1,1.00,1.00,1.00,2.00,2.00,2.00,2.00,2.00,10.00,0.00
335,I certify that I am 18 years of age or over,"Yes, I agree to take part",44,Male,,United States of America,Further education,4.67,Yearly,11-20,0,Never,0.00,0,1,0,0,0,0,0,0,5,0.17,5,4,4,5,5,4.60,0,3,0,3,0,3,0,0,0,4,0,5,5,3,5,5,3,5,4,4,4,4,4,4,4.33,4.33,4.33,4.00,4.00,4.00,5.00,2,2,2,3,3,3,2.00,3.00,2.50,1.00,1.00,1.00,1.00,1.00,5.00,10.00
335,I certify that I am 18 years of age or over,"Yes, I agree to take part",44,Male,,United States of America,Further education,4.67,Yearly,11-20,0,Never,0.00,0,0,0,0,0,0,0,0,5,0.17,5,4,4,5,5,4.60,0,0,0,0,0,0,0,0,0,0,0,5,5,3,5,5,3,5,4,4,4,4,4,4,4.33,4.33,4.33,4.00,4.00,4.00,5.00,2,2,2,3,3,3,2.00,3.00,2.50,1.00,1.00,1.00,1.00,1.00,5.00,10.00
336,I certify that I am 18 years of age or over,"Yes, I agree to take part",33,Female,,United Kingdom,Postgraduate degree,2.83,Never,11-20,0,Never,0.00,1,0,1,0,0,1,0,2,5,0.15,5,4,3,5,4,4.20,1,1,0,1,0,5,0,2,0,5,1,5,4,4,4,5,4,4,4,3,4,4,2,4,4.00,4.33,4.17,3.67,3.33,3.50,5.00,1,4,1,1,4,1,2.00,2.00,2.00,0.00,1.00,1.00,1.00,1.00,4.00,11.00
336,I certify that I am 18 years of age or over,"Yes, I agree to take part",33,Female,,United Kingdom,Postgraduate degree,2.83,Never,11-20,0,Never,0.00,1,1,1,0,1,0,1,3,5,0.15,4,3,4,2,2,3.00,0,3,0,6,0,2,0,1,0,2,0,5,4,5,5,5,5,5,4,4,5,4,4,4,4.67,5.00,4.83,4.33,4.00,4.17,5.00,1,4,1,2,4,1,2.00,2.33,2.17,1.00,1.00,1.00,1.00,1.00,5.00,11.00
337,I certify that I am 18 years of age or over,"Yes, I agree to take part",30,Male,,United States of America,Undergraduate degree,4.00,Once every 6 months,11-20,1,Within the last month,1.00,0,1,1,0,1,1,1,4,5,1.07,3,3,2,3,3,2.80,0,3,0,4,1,1,0,2,0,3,1,5,4,4,4,4,4,4,2,2,3,2,3,4,4.00,4.00,4.00,2.33,3.00,2.67,3.00,4,4,4,3,3,4,4.00,3.33,3.67,0.00,0.00,0.00,0.00,0.00,0.00,20.00
337,I certify that I am 18 years of age or over,"Yes, I agree to take part",30,Male,,United States of America,Undergraduate degree,4.00,Once every 6 months,11-20,1,Within the last month,1.00,0,0,1,0,0,0,0,1,5,1.07,2,2,2,3,2,2.20,0,3,0,1,1,2,0,2,0,3,1,5,5,4,4,4,3,4,3,2,3,3,3,4,4.33,3.67,4.00,2.67,3.33,3.00,3.00,4,4,4,4,4,4,4.00,4.00,4.00,0.00,0.00,0.00,0.00,0.00,0.00,20.00
338,I certify that I am 18 years of age or over,"Yes, I agree to take part",23,Female,,United States of America,Undergraduate degree,3.00,Never,1-10,0,Never,0.00,0,1,1,0,1,0,0,2,5,0.07,4,4,4,5,4,4.20,0,4,0,5,0,4,1,5,0,3,1,5,5,5,5,5,5,5,4,4,5,4,4,4,5.00,5.00,5.00,4.33,4.00,4.17,4.00,1,2,2,2,4,4,1.67,3.33,2.50,2.00,2.00,2.00,2.00,2.00,10.00,0.00
338,I certify that I am 18 years of age or over,"Yes, I agree to take part",23,Female,,United States of America,Undergraduate degree,3.00,Never,1-10,0,Never,0.00,0,0,1,0,0,0,0,1,5,0.07,2,1,4,4,4,3.00,0,3,0,2,0,4,0,3,0,2,0,5,5,5,5,5,5,5,4,4,5,4,5,4,5.00,5.00,5.00,4.33,4.33,4.33,4.00,1,1,2,2,4,4,1.33,3.33,2.33,2.00,2.00,2.00,2.00,2.00,10.00,0.00
339,I certify that I am 18 years of age or over,"Yes, I agree to take part",29,Male,,Spain,Postgraduate degree,4.33,Yearly,1-10,0,Never,0.00,1,1,0,0,1,0,1,2,5,1.37,3,4,2,5,3,3.40,0,0,0,3,0,0,0,4,0,0,0,5,5,4,4,4,4,4,3,3,3,3,4,3,4.33,4.00,4.17,3.00,3.33,3.17,4.00,4,4,3,5,4,4,3.67,4.33,4.00,2.00,2.00,2.00,2.00,2.00,10.00,0.00
339,I certify that I am 18 years of age or over,"Yes, I agree to take part",29,Male,,Spain,Postgraduate degree,4.33,Yearly,1-10,0,Never,0.00,1,0,0,0,0,0,0,0,5,1.37,4,3,3,4,3,3.40,0,0,0,3,0,0,0,1,0,4,0,5,5,4,5,5,4,4,3,2,4,3,3,4,4.67,4.33,4.50,3.00,3.33,3.17,4.00,3,3,4,5,5,3,3.33,4.33,3.83,2.00,2.00,2.00,2.00,2.00,10.00,0.00
341,I certify that I am 18 years of age or over,"Yes, I agree to take part",27,Female,,United Kingdom,Further education,2.50,Never,21-30,0,Never,0.00,0,1,1,0,1,0,0,2,5,0.23,4,3,1,4,2,2.80,1,1,1,2,0,2,0,0,0,2,2,5,5,4,5,4,3,5,4,4,4,3,3,4,4.67,4.00,4.33,4.00,3.33,3.67,4.00,1,1,1,2,1,1,1.00,1.33,1.17,0.00,0.00,0.00,0.00,0.00,0.00,20.00
341,I certify that I am 18 years of age or over,"Yes, I agree to take part",27,Female,,United Kingdom,Further education,2.50,Never,21-30,0,Never,0.00,0,0,0,0,0,0,0,0,5,0.23,1,2,1,3,2,1.80,1,1,0,0,0,5,0,3,0,3,1,5,3,4,5,4,4,5,4,4,5,4,4,5,4.00,4.33,4.17,4.33,4.33,4.33,5.00,2,1,2,2,1,2,1.67,1.67,1.67,0.00,0.00,0.00,0.00,0.00,0.00,20.00
342,I certify that I am 18 years of age or over,"Yes, I agree to take part",34,Male,,United States of America,Postgraduate degree,3.83,Yearly,11-20,0,Never,0.00,1,0,0,0,1,0,0,1,5,0.99,2,2,3,3,2,2.40,1,1,0,2,0,1,0,3,1,1,2,5,5,5,5,5,5,5,2,2,3,4,3,3,5.00,5.00,5.00,2.33,3.33,2.83,4.00,1,1,1,1,1,1,1.00,1.00,1.00,0.00,0.00,0.50,0.50,0.50,1.50,15.00
342,I certify that I am 18 years of age or over,"Yes, I agree to take part",34,Male,,United States of America,Postgraduate degree,3.83,Yearly,11-20,0,Never,0.00,1,1,1,1,1,1,1,5,5,0.99,4,5,3,4,5,4.20,1,1,0,4,0,4,0,3,1,5,2,5,5,4,5,5,5,5,2,3,3,3,3,3,4.67,5.00,4.83,2.67,3.00,2.83,5.00,1,1,1,1,4,1,1.00,2.00,1.50,0.50,1.00,0.50,0.50,1.00,3.50,15.00
343,I certify that I am 18 years of age or over,"Yes, I agree to take part",28,Female,,United Kingdom,Further education,4.83,Never,11-20,0,Never,0.00,0,1,0,0,0,0,0,0,5,0.74,4,4,4,3,2,3.40,0,2,0,3,0,2,0,3,0,0,0,5,4,4,4,4,4,4,4,4,4,4,4,4,4.00,4.00,4.00,4.00,4.00,4.00,4.00,2,2,2,3,2,3,2.00,2.67,2.34,0.00,0.00,0.00,0.00,0.00,0.00,20.00
343,I certify that I am 18 years of age or over,"Yes, I agree to take part",28,Female,,United Kingdom,Further education,4.83,Never,11-20,0,Never,0.00,0,0,0,0,0,0,0,0,5,0.74,4,2,3,4,4,3.40,0,2,0,0,0,0,0,3,0,2,0,5,4,4,4,4,4,4,4,4,4,4,4,4,4.00,4.00,4.00,4.00,4.00,4.00,4.00,2,2,2,3,3,2,2.00,2.67,2.34,0.00,0.00,0.00,0.00,0.00,0.00,20.00
344,I certify that I am 18 years of age or over,"Yes, I agree to take part",28,Female,,Italy,Postgraduate degree,2.67,Never,1-10,0,Never,0.00,0,1,0,0,0,1,0,1,5,1.19,4,4,2,5,4,3.80,0,4,1,2,1,1,0,3,0,3,2,5,5,5,5,4,5,5,3,3,3,2,3,3,5.00,4.67,4.83,3.00,2.67,2.83,4.00,2,4,2,2,4,2,2.67,2.67,2.67,1.00,1.00,1.00,1.00,1.00,5.00,10.00
344,I certify that I am 18 years of age or over,"Yes, I agree to take part",28,Female,,Italy,Postgraduate degree,2.67,Never,1-10,0,Never,0.00,0,0,0,0,0,1,0,1,5,1.19,1,2,2,4,2,2.20,1,1,0,3,1,2,0,1,0,4,2,5,4,4,5,4,5,5,3,3,3,2,4,3,4.33,4.67,4.50,3.00,3.00,3.00,4.00,2,4,2,2,4,2,2.67,2.67,2.67,1.00,1.00,1.00,1.00,1.00,5.00,10.00
345,I certify that I am 18 years of age or over,"Yes, I agree to take part",36,Male,,United States of America,Further education,4.67,Monthly,11-20,0,Never,0.00,0,0,0,0,1,0,0,1,5,0.39,3,3,3,4,4,3.40,0,0,0,0,0,3,0,0,0,0,0,5,4,4,4,4,5,5,4,4,4,4,4,4,4.00,4.67,4.33,4.00,4.00,4.00,5.00,1,1,2,2,2,2,1.33,2.00,1.67,0.25,0.25,0.25,0.25,0.25,1.25,15.00
345,I certify that I am 18 years of age or over,"Yes, I agree to take part",36,Male,,United States of America,Further education,4.67,Monthly,11-20,0,Never,0.00,0,1,1,1,1,1,1,5,5,0.39,5,5,3,4,4,4.20,0,0,0,3,0,3,0,0,0,4,0,5,5,5,5,5,4,5,4,3,4,4,4,4,5.00,4.67,4.83,3.67,4.00,3.83,5.00,1,3,1,2,2,2,1.67,2.00,1.84,0.50,2.00,0.25,0.50,0.50,3.75,15.00
346,I certify that I am 18 years of age or over,"Yes, I agree to take part",20,Male,,Germany,Further education,4.33,Never,11-20,0,Never,0.00,1,1,0,0,0,0,0,0,5,0.61,3,4,2,4,3,3.20,0,2,0,5,1,1,0,4,0,2,1,5,4,4,4,4,4,5,5,4,4,4,5,4,4.00,4.33,4.17,4.33,4.33,4.33,4.00,1,1,1,2,5,4,1.00,3.67,2.34,0.00,0.15,0.00,0.15,0.15,0.45,19.10
346,I certify that I am 18 years of age or over,"Yes, I agree to take part",20,Male,,Germany,Further education,4.33,Never,11-20,0,Never,0.00,1,0,0,0,0,0,0,0,5,0.61,3,4,2,5,4,3.60,0,2,0,3,0,4,1,5,0,3,1,5,5,4,5,5,4,5,4,3,4,4,4,5,4.67,4.67,4.67,3.67,4.33,4.00,4.00,1,1,1,2,5,4,1.00,3.67,2.34,0.00,0.15,0.00,0.15,0.15,0.45,19.10
347,I certify that I am 18 years of age or over,"Yes, I agree to take part",33,Male,,Poland,Undergraduate degree,4.17,Once every 3 months,21-30,1,Within the last month,25.00,1,1,0,0,1,0,1,2,5,1.05,5,4,4,5,5,4.60,0,3,0,0,0,2,0,2,0,3,0,5,4,4,5,5,4,5,3,3,4,4,4,4,4.33,4.67,4.50,3.33,4.00,3.67,5.00,1,2,2,1,3,2,1.67,2.00,1.84,1.00,1.00,1.00,1.00,1.00,5.00,10.00
347,I certify that I am 18 years of age or over,"Yes, I agree to take part",33,Male,,Poland,Undergraduate degree,4.17,Once every 3 months,21-30,1,Within the last month,25.00,1,0,0,0,0,0,0,0,5,1.05,4,4,5,4,4,4.20,0,0,0,3,1,2,0,0,0,4,1,5,5,4,4,4,4,5,4,4,5,4,5,4,4.33,4.33,4.33,4.33,4.33,4.33,5.00,1,2,1,1,3,2,1.33,2.00,1.67,1.00,1.00,1.00,1.00,1.00,5.00,10.00
349,I certify that I am 18 years of age or over,"Yes, I agree to take part",30,Male,,Spain,Further education,3.50,Never,31+,0,Never,0.00,0,1,0,0,0,0,0,0,5,0.34,3,4,2,4,4,3.40,0,0,0,0,0,0,0,0,0,0,0,5,5,3,3,5,3,5,3,3,3,3,3,3,3.67,4.33,4.00,3.00,3.00,3.00,5.00,3,3,3,3,3,3,3.00,3.00,3.00,1.00,1.00,1.00,1.00,1.00,5.00,10.00
349,I certify that I am 18 years of age or over,"Yes, I agree to take part",30,Male,,Spain,Further education,3.50,Never,31+,0,Never,0.00,0,0,0,0,0,0,0,0,5,0.34,3,3,2,3,3,2.80,0,0,0,0,0,0,0,0,0,0,0,5,5,3,4,5,3,5,3,3,3,3,3,3,4.00,4.33,4.17,3.00,3.00,3.00,5.00,3,3,3,3,3,3,3.00,3.00,3.00,1.00,1.00,1.00,1.00,1.00,5.00,10.00
350,I certify that I am 18 years of age or over,"Yes, I agree to take part",28,Female,,United Kingdom,Further education,4.00,Once every 6 months,11-20,0,Never,0.00,1,0,0,0,1,1,0,2,5,0.57,2,3,4,3,4,3.20,0,3,0,6,0,4,0,4,0,3,0,5,4,5,5,5,4,5,4,4,4,5,5,4,4.67,4.67,4.67,4.00,4.67,4.33,4.00,4,2,3,2,2,2,3.00,2.00,2.50,0.50,0.50,0.50,0.50,0.50,2.50,15.00
350,I certify that I am 18 years of age or over,"Yes, I agree to take part",28,Female,,United Kingdom,Further education,4.00,Once every 6 months,11-20,0,Never,0.00,1,1,1,1,1,1,0,4,5,0.57,4,5,3,5,5,4.40,0,5,0,4,0,4,1,5,1,5,2,5,5,5,5,5,5,5,4,4,5,5,5,5,5.00,5.00,5.00,4.33,5.00,4.67,5.00,2,2,4,3,2,2,2.67,2.33,2.50,0.50,0.50,0.50,0.50,0.50,2.50,15.00
352,I certify that I am 18 years of age or over,"Yes, I agree to take part",22,Female,,United Kingdom,Undergraduate degree,3.33,Yearly,1-10,0,Never,0.00,1,1,1,0,1,0,0,2,5,0.34,5,5,1,4,4,3.80,0,3,1,2,1,1,0,3,1,5,3,5,5,4,5,4,4,4,4,5,4,4,5,5,4.67,4.00,4.33,4.33,4.67,4.50,4.00,4,4,2,3,5,2,3.33,3.33,3.33,1.00,1.00,1.00,1.00,1.00,5.00,10.00
352,I certify that I am 18 years of age or over,"Yes, I agree to take part",22,Female,,United Kingdom,Undergraduate degree,3.33,Yearly,1-10,0,Never,0.00,1,0,0,0,0,0,0,0,5,0.34,4,3,3,2,2,2.80,1,1,0,1,0,0,0,0,0,5,1,5,4,4,5,5,3,5,5,4,4,4,5,4,4.33,4.33,4.33,4.33,4.33,4.33,4.00,3,4,2,4,5,2,3.00,3.67,3.34,1.00,1.00,1.00,1.00,1.00,5.00,10.00
353,I certify that I am 18 years of age or over,"Yes, I agree to take part",20,Male,,United Kingdom,Further education,3.50,Never,1-10,0,Never,0.00,0,1,0,0,0,0,0,0,5,0.37,5,3,3,5,5,4.20,0,0,0,0,1,1,0,0,1,5,2,5,5,4,4,5,4,5,3,4,5,3,5,4,4.33,4.67,4.50,4.00,4.00,4.00,4.00,4,4,4,4,4,4,4.00,4.00,4.00,1.00,1.00,1.00,1.00,1.00,5.00,10.00
353,I certify that I am 18 years of age or over,"Yes, I agree to take part",20,Male,,United Kingdom,Further education,3.50,Never,1-10,0,Never,0.00,0,0,0,0,0,0,0,0,5,0.37,4,4,5,3,4,4.00,0,0,0,0,0,0,0,0,0,0,0,5,5,4,5,4,4,5,4,4,5,3,5,4,4.67,4.33,4.50,4.33,4.00,4.17,4.00,3,3,3,5,4,4,3.00,4.33,3.67,1.00,1.00,1.00,1.00,1.00,5.00,10.00
355,I certify that I am 18 years of age or over,"Yes, I agree to take part",37,Female,,United Kingdom,Secondary school,4.67,Yearly,1-10,0,Never,0.00,0,0,0,0,0,1,0,1,5,0.20,2,3,3,5,5,3.60,0,0,0,0,0,0,0,0,0,0,0,5,5,3,3,5,3,3,3,3,3,3,3,3,3.67,3.67,3.67,3.00,3.00,3.00,5.00,3,3,3,3,3,3,3.00,3.00,3.00,0.00,0.00,0.00,1.00,1.00,2.00,10.00
355,I certify that I am 18 years of age or over,"Yes, I agree to take part",37,Female,,United Kingdom,Secondary school,4.67,Yearly,1-10,0,Never,0.00,0,1,0,0,1,0,0,1,5,0.20,3,5,4,5,3,4.00,0,0,0,0,0,0,0,0,0,0,0,5,5,3,3,4,3,3,3,3,3,3,3,3,3.67,3.33,3.50,3.00,3.00,3.00,5.00,3,3,3,3,3,3,3.00,3.00,3.00,2.00,2.00,2.00,2.00,0.00,8.00,10.00
356,I certify that I am 18 years of age or over,"Yes, I agree to take part",21,Female,,Poland,Undergraduate degree,3.33,Never,11-20,0,Never,0.00,1,0,0,0,0,1,0,1,5,0.53,2,2,3,5,2,2.80,0,4,0,1,1,2,0,3,0,2,1,5,5,5,5,5,5,5,2,2,3,2,5,4,5.00,5.00,5.00,2.33,3.67,3.00,4.00,2,3,2,2,2,3,2.33,2.33,2.33,0.50,1.00,1.00,0.50,0.50,3.50,12.00
356,I certify that I am 18 years of age or over,"Yes, I agree to take part",21,Female,,Poland,Undergraduate degree,3.33,Never,11-20,0,Never,0.00,1,1,0,0,1,0,1,2,5,0.53,4,4,2,5,5,4.00,0,5,1,2,1,1,0,3,0,6,2,5,5,5,5,3,5,5,2,2,2,3,4,4,5.00,4.33,4.67,2.00,3.67,2.83,4.00,3,2,2,1,3,2,2.33,2.00,2.17,0.50,1.00,0.50,0.50,2.00,4.50,12.00
358,I certify that I am 18 years of age or over,"Yes, I agree to take part",23,Male,,Poland,Further education,3.33,Never,21-30,0,Never,0.00,0,1,0,0,1,0,1,2,5,0.67,2,3,2,4,3,2.80,0,7,0,4,1,1,0,1,0,0,1,5,5,5,5,5,4,5,1,1,1,1,4,4,5.00,4.67,4.83,1.00,3.00,2.00,1.00,5,5,5,5,5,5,5.00,5.00,5.00,0.00,0.00,0.00,0.00,0.00,0.00,20.00
358,I certify that I am 18 years of age or over,"Yes, I agree to take part",23,Male,,Poland,Further education,3.33,Never,21-30,0,Never,0.00,0,0,1,1,0,1,0,3,5,0.67,3,2,4,2,3,2.80,1,1,0,1,0,0,0,2,0,3,1,5,4,1,4,3,1,3,1,1,1,1,3,3,3.00,2.33,2.67,1.00,2.33,1.67,1.00,5,5,5,5,5,5,5.00,5.00,5.00,0.00,0.00,0.00,0.00,0.00,0.00,20.00
359,I certify that I am 18 years of age or over,"Yes, I agree to take part",39,Male,,United States of America,Further education,5.00,Yearly,11-20,1,Within the last 3 months,15.00,1,1,0,0,0,1,0,1,5,0.81,4,4,2,5,3,3.60,0,3,0,1,0,3,0,3,0,1,0,5,5,5,5,5,5,5,4,5,5,5,5,5,5.00,5.00,5.00,4.67,5.00,4.83,5.00,2,2,1,3,3,3,1.67,3.00,2.34,1.00,1.00,1.00,1.00,1.00,5.00,10.00
359,I certify that I am 18 years of age or over,"Yes, I agree to take part",39,Male,,United States of America,Further education,5.00,Yearly,11-20,1,Within the last 3 months,15.00,1,0,1,0,0,1,0,2,5,0.81,1,2,3,4,3,2.60,0,0,0,4,0,3,0,0,1,1,1,5,5,5,5,5,1,4,4,5,5,4,5,4,5.00,3.33,4.17,4.67,4.33,4.50,5.00,2,2,1,3,3,1,1.67,2.33,2.00,1.00,1.00,1.00,1.00,1.00,5.00,10.00
360,I certify that I am 18 years of age or over,"Yes, I agree to take part",23,Female,,United Kingdom,Postgraduate degree,4.50,Yearly,21-30,0,Never,0.00,1,1,0,0,0,0,1,1,5,0.66,4,4,3,3,4,3.60,0,3,0,4,0,2,0,4,1,5,1,5,2,5,5,4,4,4,3,3,4,3,4,3,4.00,4.00,4.00,3.33,3.33,3.33,4.00,2,2,3,4,4,4,2.33,4.00,3.17,1.50,1.50,1.50,1.50,1.50,7.50,5.00
360,I certify that I am 18 years of age or over,"Yes, I agree to take part",23,Female,,United Kingdom,Postgraduate degree,4.50,Yearly,21-30,0,Never,0.00,1,0,0,0,0,0,0,0,5,0.66,3,2,3,3,2,2.60,0,3,0,4,1,2,0,3,0,3,1,5,2,4,5,4,4,4,2,4,4,4,3,4,3.67,4.00,3.83,3.33,3.67,3.50,4.00,4,2,2,4,4,4,2.67,4.00,3.34,1.50,1.50,1.50,1.50,1.50,7.50,5.00
361,I certify that I am 18 years of age or over,"Yes, I agree to take part",25,Male,,Italy,Undergraduate degree,2.50,Never,11-20,0,Never,0.00,1,0,0,0,0,0,0,0,5,1.29,1,1,3,2,3,2.00,1,1,0,1,0,0,0,0,1,1,2,5,5,2,3,3,3,3,4,2,2,4,3,3,3.33,3.00,3.17,2.67,3.33,3.00,3.00,4,3,4,4,4,5,3.67,4.33,4.00,0.00,0.00,0.50,0.00,0.50,1.00,4.50
361,I certify that I am 18 years of age or over,"Yes, I agree to take part",25,Male,,Italy,Undergraduate degree,2.50,Never,11-20,0,Never,0.00,1,1,0,0,1,0,0,1,5,1.29,3,4,1,4,3,3.00,0,0,0,3,1,1,0,0,0,1,1,5,5,2,5,2,3,5,4,3,3,4,4,5,4.00,3.33,3.67,3.33,4.33,3.83,4.00,3,4,5,5,4,5,4.00,4.67,4.34,3.50,3.50,0.00,4.50,3.00,14.50,4.50
362,I certify that I am 18 years of age or over,"Yes, I agree to take part",19,Male,,Australia,Further education,4.17,Never,11-20,0,Never,0.00,1,1,1,0,1,1,1,4,5,0.74,4,4,4,4,4,4.00,0,4,0,5,0,2,1,5,1,5,2,5,5,4,5,5,2,5,3,4,5,3,4,5,4.67,4.00,4.33,4.00,4.00,4.00,4.00,1,3,2,2,3,2,2.00,2.33,2.17,0.50,0.50,0.50,0.50,0.50,2.50,15.00
362,I certify that I am 18 years of age or over,"Yes, I agree to take part",19,Male,,Australia,Further education,4.17,Never,11-20,0,Never,0.00,1,0,1,1,0,1,0,3,5,0.74,4,4,4,4,4,4.00,0,3,0,4,0,6,1,5,0,3,1,5,5,4,5,5,3,5,3,4,4,3,4,4,4.67,4.33,4.50,3.67,3.67,3.67,4.00,2,4,3,2,3,4,3.00,3.00,3.00,0.50,0.50,0.50,0.50,0.50,2.50,15.00
364,I certify that I am 18 years of age or over,"Yes, I agree to take part",37,Male,,Germany,Postgraduate degree,4.83,Yearly,11-20,0,Never,0.00,0,0,0,0,1,1,1,3,5,0.66,3,5,2,4,4,3.60,1,1,0,4,1,2,0,1,1,1,3,5,5,5,5,5,4,5,3,3,1,3,4,3,5.00,4.67,4.83,2.33,3.33,2.83,5.00,2,2,2,4,4,3,2.00,3.67,2.84,0.00,2.00,0.10,0.10,0.05,2.25,15.00
364,I certify that I am 18 years of age or over,"Yes, I agree to take part",37,Male,,Germany,Postgraduate degree,4.83,Yearly,11-20,0,Never,0.00,0,1,1,0,1,1,1,4,5,0.66,2,4,3,4,2,3.00,1,1,0,5,0,2,0,4,1,5,2,5,4,5,5,4,4,5,4,3,4,4,3,4,4.67,4.33,4.50,3.67,3.67,3.67,5.00,2,3,2,4,4,3,2.33,3.67,3.00,0.10,0.50,2.00,0.10,0.05,2.75,15.00
365,I certify that I am 18 years of age or over,"Yes, I agree to take part",23,Female,,Poland,Further education,3.83,Never,1-10,0,Never,0.00,1,0,0,0,0,0,0,0,5,0.20,1,2,1,4,1,1.80,0,3,0,3,0,5,0,4,1,1,1,5,4,4,4,4,4,4,2,2,4,4,4,4,4.00,4.00,4.00,2.67,4.00,3.33,2.00,4,4,4,4,5,3,4.00,4.00,4.00,0.00,0.00,0.00,0.00,0.00,0.00,20.00
365,I certify that I am 18 years of age or over,"Yes, I agree to take part",23,Female,,Poland,Further education,3.83,Never,1-10,0,Never,0.00,1,1,0,0,1,0,0,1,5,0.20,4,5,4,5,3,4.20,0,2,1,2,1,1,0,4,0,3,2,5,5,4,5,2,4,5,4,4,5,4,4,4,4.67,3.67,4.17,4.33,4.00,4.17,4.00,2,4,4,4,5,4,3.33,4.33,3.83,0.00,0.00,0.00,0.00,0.00,0.00,20.00
366,I certify that I am 18 years of age or over,"Yes, I agree to take part",26,Male,,Spain,Further education,3.33,Never,21-30,0,Never,0.00,1,0,1,0,0,0,0,1,5,0.67,2,2,4,5,4,3.40,0,0,0,0,0,0,0,1,0,0,0,5,5,5,5,5,4,5,2,1,1,2,4,4,5.00,4.67,4.83,1.33,3.33,2.33,4.00,2,5,2,4,4,4,3.00,4.00,3.50,0.00,0.00,0.00,1.00,0.00,1.00,15.00
366,I certify that I am 18 years of age or over,"Yes, I agree to take part",26,Male,,Spain,Further education,3.33,Never,21-30,0,Never,0.00,1,1,0,0,1,0,0,1,5,0.67,2,5,2,5,5,3.80,0,0,0,0,0,0,0,0,1,5,1,5,5,4,5,5,4,5,2,2,2,2,5,4,4.67,4.67,4.67,2.00,3.67,2.83,4.00,4,5,2,4,4,2,3.67,3.33,3.50,0.00,2.00,0.00,2.00,0.00,4.00,15.00
367,I certify that I am 18 years of age or over,"Yes, I agree to take part",34,Male,,Austria,Undergraduate degree,3.50,Never,11-20,0,Never,0.00,1,1,0,0,1,0,1,2,5,0.46,5,5,5,5,5,5.00,0,3,0,4,0,4,1,5,0,4,1,5,5,3,5,5,4,5,5,4,5,4,5,5,4.33,4.67,4.50,4.67,4.67,4.67,4.00,1,4,2,1,4,2,2.33,2.33,2.33,2.00,2.00,2.00,2.00,2.00,10.00,0.00
367,I certify that I am 18 years of age or over,"Yes, I agree to take part",34,Male,,Austria,Undergraduate degree,3.50,Never,11-20,0,Never,0.00,1,0,0,0,0,0,0,0,5,0.46,5,5,5,5,5,5.00,0,2,1,5,0,3,0,3,0,2,1,5,5,3,5,5,4,5,5,4,5,4,5,5,4.33,4.67,4.50,4.67,4.67,4.67,4.00,1,4,2,1,4,2,2.33,2.33,2.33,2.00,2.00,2.00,2.00,2.00,10.00,0.00
368,I certify that I am 18 years of age or over,"Yes, I agree to take part",20,Male,,Poland,Further education,2.50,Never,11-20,0,Never,0.00,1,1,0,0,0,0,0,0,5,0.62,4,4,3,4,3,3.60,0,0,0,1,1,1,0,2,0,4,1,5,4,5,4,5,5,5,2,3,3,3,3,4,4.33,5.00,4.67,2.67,3.33,3.00,1.00,3,4,5,5,5,5,4.00,5.00,4.50,0.00,0.00,0.00,0.00,0.00,0.00,20.00
368,I certify that I am 18 years of age or over,"Yes, I agree to take part",20,Male,,Poland,Further education,2.50,Never,11-20,0,Never,0.00,1,0,0,0,0,0,0,0,5,0.62,2,1,2,2,2,1.80,0,4,0,6,0,5,0,3,0,7,0,5,4,3,4,4,3,4,2,2,2,3,3,4,3.67,3.67,3.67,2.00,3.33,2.67,1.00,5,5,5,4,5,5,5.00,4.67,4.84,0.00,0.00,0.00,0.00,0.00,0.00,20.00
369,I certify that I am 18 years of age or over,"Yes, I agree to take part",30,Male,,Spain,Postgraduate degree,3.00,Yearly,21-30,1,Within the last 6 months,10.00,0,0,0,0,0,1,1,2,5,1.46,1,4,1,2,1,1.80,0,0,0,1,0,3,0,2,0,6,0,5,4,1,4,4,3,2,4,3,3,2,1,5,3.00,3.00,3.00,3.33,2.67,3.00,3.00,2,4,5,5,4,5,3.67,4.67,4.17,0.00,0.00,0.10,0.40,0.30,0.80,15.00
369,I certify that I am 18 years of age or over,"Yes, I agree to take part",30,Male,,Spain,Postgraduate degree,3.00,Yearly,21-30,1,Within the last 6 months,10.00,0,1,1,1,1,0,0,3,5,1.46,3,5,5,4,2,3.80,0,6,0,6,0,4,0,4,0,3,0,5,2,4,2,5,1,4,4,4,5,5,4,5,2.67,3.33,3.00,4.33,4.67,4.50,5.00,4,3,4,2,2,4,3.67,2.67,3.17,0.30,1.00,1.00,1.50,0.40,4.20,15.00
370,I certify that I am 18 years of age or over,"Yes, I agree to take part",40,Male,,Italy,None specified,4.67,Yearly,1-10,0,Never,0.00,0,1,0,0,0,1,1,2,5,0.55,4,4,5,5,5,4.60,0,0,0,0,0,2,0,3,1,5,1,5,4,4,5,5,4,5,4,3,4,3,4,4,4.33,4.67,4.50,3.67,3.67,3.67,5.00,1,1,1,1,1,1,1.00,1.00,1.00,2.00,2.00,2.00,2.00,2.00,10.00,0.00
370,I certify that I am 18 years of age or over,"Yes, I agree to take part",40,Male,,Italy,None specified,4.67,Yearly,1-10,0,Never,0.00,0,0,1,0,0,0,0,1,5,0.55,2,3,3,3,5,3.20,1,1,0,2,0,0,0,2,0,2,1,5,5,4,4,4,3,5,3,2,4,3,5,3,4.33,4.00,4.17,3.00,3.67,3.33,5.00,1,1,1,1,1,1,1.00,1.00,1.00,2.00,2.00,2.00,2.00,2.00,10.00,0.00
371,I certify that I am 18 years of age or over,"Yes, I agree to take part",25,Female,,Canada,Further education,4.33,Once every 3 months,11-20,0,Never,0.00,1,1,1,0,0,1,1,3,5,0.01,4,4,4,5,5,4.40,0,2,0,5,0,3,0,3,0,3,0,5,4,4,5,4,5,5,5,4,4,5,5,4,4.33,4.67,4.50,4.33,4.67,4.50,5.00,3,1,1,1,5,3,1.67,3.00,2.34,2.00,2.00,2.00,2.00,2.00,10.00,0.00
371,I certify that I am 18 years of age or over,"Yes, I agree to take part",25,Female,,Canada,Further education,4.33,Once every 3 months,11-20,0,Never,0.00,1,0,0,0,0,1,0,1,5,0.01,3,5,3,4,4,3.80,0,0,0,0,0,4,0,0,0,4,0,5,4,4,5,4,4,5,5,5,5,5,5,5,4.33,4.33,4.33,5.00,5.00,5.00,5.00,1,2,1,1,5,4,1.33,3.33,2.33,2.00,2.00,2.00,2.00,2.00,10.00,0.00
372,I certify that I am 18 years of age or over,"Yes, I agree to take part",34,Male,,United Kingdom,Undergraduate degree,3.17,Never,1-10,1,More than 1 year ago,10.00,1,1,1,0,1,1,1,4,5,-0.02,2,5,2,4,5,3.60,0,4,0,6,0,2,0,1,1,5,1,5,5,3,5,4,3,5,2,3,5,2,4,3,4.33,4.00,4.17,3.33,3.00,3.17,4.00,1,4,1,1,5,1,2.00,2.33,2.17,0.00,0.00,0.00,0.00,5.00,5.00,10.00
372,I certify that I am 18 years of age or over,"Yes, I agree to take part",34,Male,,United Kingdom,Undergraduate degree,3.17,Never,1-10,1,More than 1 year ago,10.00,1,0,0,1,1,0,0,2,5,-0.02,4,4,2,5,4,3.80,0,3,0,3,0,4,0,2,1,1,1,5,4,2,5,4,4,5,3,3,2,4,5,4,3.67,4.33,4.00,2.67,4.33,3.50,4.00,1,3,1,1,5,1,1.67,2.33,2.00,0.00,0.00,5.00,0.00,0.00,5.00,10.00
373,I certify that I am 18 years of age or over,"Yes, I agree to take part",42,Other,Non-binary,United States of America,None specified,4.00,Yearly,31+,0,Never,0.00,0,1,1,0,1,0,0,2,5,0.65,4,5,5,5,5,4.80,0,0,0,0,0,0,0,0,0,0,0,5,5,5,5,5,5,5,3,4,4,4,4,4,5.00,5.00,5.00,3.67,4.00,3.83,5.00,3,3,3,4,3,4,3.00,3.67,3.34,1.82,1.82,1.82,1.82,1.82,9.10,1.80
373,I certify that I am 18 years of age or over,"Yes, I agree to take part",42,Other,Non-binary,United States of America,None specified,4.00,Yearly,31+,0,Never,0.00,0,0,0,0,0,0,0,0,5,0.65,3,3,3,4,4,3.40,0,0,0,0,0,0,0,0,0,0,0,5,5,5,5,5,5,5,3,4,4,3,4,4,5.00,5.00,5.00,3.67,3.67,3.67,5.00,3,3,3,4,3,4,3.00,3.67,3.34,1.82,1.82,1.82,1.82,1.82,9.10,1.80
374,I certify that I am 18 years of age or over,"Yes, I agree to take part",25,Male,,Germany,Undergraduate degree,3.83,Never,11-20,1,Within the last month,60.00,1,1,0,1,1,1,0,3,5,1.18,4,4,4,4,4,4.00,0,3,0,3,0,4,1,5,0,3,1,5,5,4,5,5,4,5,4,3,4,4,4,4,4.67,4.67,4.67,3.67,4.00,3.83,4.00,2,3,4,3,4,3,3.00,3.33,3.17,1.00,1.00,1.00,1.00,1.00,5.00,10.00
374,I certify that I am 18 years of age or over,"Yes, I agree to take part",25,Male,,Germany,Undergraduate degree,3.83,Never,11-20,1,Within the last month,60.00,1,0,1,0,0,1,0,2,5,1.18,4,5,2,3,2,3.20,0,2,0,1,0,5,0,4,0,4,0,5,4,3,4,4,3,5,4,4,4,4,4,4,3.67,4.00,3.83,4.00,4.00,4.00,4.00,3,3,3,3,4,4,3.00,3.67,3.34,1.00,1.00,1.00,1.00,1.00,5.00,10.00
375,I certify that I am 18 years of age or over,"Yes, I agree to take part",30,Male,,Switzerland,Further education,4.00,Never,31+,1,More than 1 year ago,1.00,1,0,1,0,0,0,0,1,5,-0.05,1,1,3,3,2,2.00,1,1,0,1,1,2,0,1,1,1,3,5,5,2,4,5,4,5,2,2,2,4,4,4,3.67,4.67,4.17,2.00,4.00,3.00,2.00,5,5,5,5,5,5,5.00,5.00,5.00,0.00,0.00,0.01,0.01,0.01,0.03,19.93
375,I certify that I am 18 years of age or over,"Yes, I agree to take part",30,Male,,Switzerland,Further education,4.00,Never,31+,1,More than 1 year ago,1.00,1,1,0,0,1,1,0,2,5,-0.05,2,2,1,2,2,1.80,0,3,1,2,1,1,0,2,0,3,2,5,4,1,4,5,4,5,2,2,2,4,4,4,3.00,4.67,3.83,2.00,4.00,3.00,2.00,5,5,5,4,5,4,5.00,4.33,4.67,0.01,0.01,0.00,0.01,0.01,0.04,19.93
376,I certify that I am 18 years of age or over,"Yes, I agree to take part",27,Female,,United Kingdom,Undergraduate degree,2.83,Never,1-10,0,Never,0.00,1,0,0,0,0,0,0,0,5,0.15,3,2,2,2,1,2.00,0,4,0,2,0,3,0,1,0,5,0,5,3,5,4,4,4,5,1,5,2,3,2,3,4.00,4.33,4.17,2.67,2.67,2.67,2.00,4,2,4,3,1,2,3.33,2.00,2.67,1.00,1.00,1.00,1.00,2.00,6.00,12.00
376,I certify that I am 18 years of age or over,"Yes, I agree to take part",27,Female,,United Kingdom,Undergraduate degree,2.83,Never,1-10,0,Never,0.00,1,1,0,0,0,1,0,1,5,0.15,1,4,2,5,2,2.80,1,1,0,0,0,2,0,3,0,1,1,5,5,4,4,4,3,5,2,1,2,1,2,2,4.33,4.00,4.17,1.67,1.67,1.67,4.00,4,2,5,4,2,4,3.67,3.33,3.50,0.25,0.25,0.50,0.50,0.50,2.00,12.00
377,I certify that I am 18 years of age or over,"Yes, I agree to take part",26,Female,,United Kingdom,Undergraduate degree,4.17,Yearly,11-20,1,Within the last 3 months,15.00,1,0,1,0,1,0,1,3,5,0.93,4,2,4,2,5,3.40,0,4,0,2,0,3,0,3,0,3,0,5,4,4,5,5,4,5,3,3,4,3,4,3,4.33,4.67,4.50,3.33,3.33,3.33,3.00,1,4,2,2,4,2,2.33,2.67,2.50,0.00,0.00,0.00,0.00,2.00,2.00,10.00
377,I certify that I am 18 years of age or over,"Yes, I agree to take part",26,Female,,United Kingdom,Undergraduate degree,4.17,Yearly,11-20,1,Within the last 3 months,15.00,1,1,1,0,1,1,1,4,5,0.93,5,4,4,5,5,4.60,0,3,0,3,0,4,0,2,0,4,0,5,5,4,4,5,3,4,3,3,4,3,4,5,4.33,4.00,4.17,3.33,4.00,3.67,4.00,1,4,1,1,4,2,2.00,2.33,2.17,2.00,0.00,2.00,2.00,2.00,8.00,10.00
378,I certify that I am 18 years of age or over,"Yes, I agree to take part",28,Male,,Canada,Undergraduate degree,2.67,Never,1-10,1,Within the last month,20.00,0,0,0,0,0,1,0,1,5,0.71,2,2,2,3,4,2.60,1,1,0,3,0,4,0,3,0,4,1,5,5,2,5,5,2,5,2,2,3,2,3,3,4.00,4.00,4.00,2.33,2.67,2.50,5.00,3,4,4,3,4,4,3.67,3.67,3.67,1.00,1.00,2.00,1.00,1.00,6.00,5.00
378,I certify that I am 18 years of age or over,"Yes, I agree to take part",28,Male,,Canada,Undergraduate degree,2.67,Never,1-10,1,Within the last month,20.00,0,1,0,1,1,1,1,4,5,0.71,4,5,4,4,4,4.20,0,2,0,3,0,3,0,3,0,4,0,5,5,4,5,5,4,5,3,3,3,3,3,4,4.67,4.67,4.67,3.00,3.33,3.17,5.00,3,4,2,4,4,4,3.00,4.00,3.50,1.00,3.00,1.00,2.00,2.00,9.00,5.00
380,I certify that I am 18 years of age or over,"Yes, I agree to take part",38,Male,,Poland,Undergraduate degree,4.33,Once every 6 months,11-20,0,Never,0.00,0,1,0,0,1,1,0,2,5,0.30,5,5,4,5,5,4.80,0,4,0,4,0,4,0,4,0,4,0,5,5,5,5,4,5,5,5,4,5,5,5,5,5.00,4.67,4.83,4.67,5.00,4.83,5.00,1,1,1,1,1,1,1.00,1.00,1.00,2.00,2.00,2.00,2.00,2.00,10.00,0.00
380,I certify that I am 18 years of age or over,"Yes, I agree to take part",38,Male,,Poland,Undergraduate degree,4.33,Once every 6 months,11-20,0,Never,0.00,0,0,0,0,0,1,0,1,5,0.30,3,4,4,5,4,4.00,0,4,0,4,0,4,0,4,0,4,0,5,5,5,5,4,5,5,5,4,5,4,5,5,5.00,4.67,4.83,4.67,4.67,4.67,5.00,1,1,1,1,1,1,1.00,1.00,1.00,2.00,2.00,2.00,2.00,2.00,10.00,0.00
381,I certify that I am 18 years of age or over,"Yes, I agree to take part",29,Male,,United Kingdom,Undergraduate degree,4.83,Never,11-20,0,Never,0.00,0,1,1,0,1,1,0,3,5,0.56,2,2,2,4,5,3.00,0,2,0,1,0,4,0,4,0,3,0,5,5,3,4,4,3,4,3,3,3,4,3,4,4.00,3.67,3.83,3.00,3.67,3.33,5.00,2,2,2,2,3,2,2.00,2.33,2.17,1.00,1.00,1.00,1.00,1.00,5.00,10.00
381,I certify that I am 18 years of age or over,"Yes, I agree to take part",29,Male,,United Kingdom,Undergraduate degree,4.83,Never,11-20,0,Never,0.00,0,0,1,0,0,0,0,1,5,0.56,4,2,4,2,2,2.80,0,4,0,4,1,2,0,1,0,3,1,5,4,3,4,5,3,4,3,2,3,2,3,4,3.67,4.00,3.83,2.67,3.00,2.83,5.00,2,2,2,2,4,2,2.00,2.67,2.34,1.00,1.00,1.00,1.00,1.00,5.00,10.00
382,I certify that I am 18 years of age or over,"Yes, I agree to take part",30,Male,,Portugal,Undergraduate degree,4.00,Yearly,1-10,0,Never,0.00,0,1,0,0,0,1,0,1,5,1.02,4,4,4,5,4,4.20,1,1,0,4,1,1,0,1,0,3,2,5,4,4,4,4,4,4,4,4,4,3,4,4,4.00,4.00,4.00,4.00,3.67,3.83,4.00,3,3,4,3,4,3,3.33,3.33,3.33,0.50,0.50,0.50,0.50,0.50,2.50,15.00
382,I certify that I am 18 years of age or over,"Yes, I agree to take part",30,Male,,Portugal,Undergraduate degree,4.00,Yearly,1-10,0,Never,0.00,0,0,0,0,0,0,0,0,5,1.02,2,4,2,3,3,2.80,1,1,0,3,0,1,0,4,0,5,1,5,4,4,4,4,4,4,4,4,4,4,4,4,4.00,4.00,4.00,4.00,4.00,4.00,4.00,3,4,4,3,4,4,3.67,3.67,3.67,0.50,0.50,0.50,0.50,0.50,2.50,15.00
383,I certify that I am 18 years of age or over,"Yes, I agree to take part",28,Female,,Norway,Postgraduate degree,3.33,Never,31+,1,Within the last 3 months,32.00,1,1,0,0,1,0,0,1,5,1.44,5,5,3,4,5,4.40,1,1,0,1,1,1,0,1,0,4,2,5,5,5,5,5,4,5,4,2,3,3,5,5,5.00,4.67,4.83,3.00,4.33,3.67,4.00,2,2,2,2,4,1,2.00,2.33,2.17,0.05,0.05,0.05,0.05,0.05,0.25,19.50
383,I certify that I am 18 years of age or over,"Yes, I agree to take part",28,Female,,Norway,Postgraduate degree,3.33,Never,31+,1,Within the last 3 months,32.00,1,0,1,0,0,1,0,2,5,1.44,2,4,3,5,4,3.60,1,1,0,1,0,3,0,3,0,4,1,5,5,5,5,5,4,5,3,3,3,4,5,5,5.00,4.67,4.83,3.00,4.67,3.83,4.00,2,4,2,2,4,2,2.67,2.67,2.67,0.05,0.05,0.05,0.05,0.05,0.25,19.50
385,I certify that I am 18 years of age or over,"Yes, I agree to take part",28,Male,,Poland,Undergraduate degree,3.00,Yearly,21-30,0,Never,0.00,0,1,0,0,1,0,0,1,5,-0.21,3,4,3,4,4,3.60,0,7,0,4,1,1,0,0,0,0,1,5,4,4,4,3,4,4,5,4,5,4,5,4,4.00,3.67,3.83,4.67,4.33,4.50,4.00,3,3,3,2,3,3,3.00,2.67,2.84,1.90,1.90,1.90,1.90,1.90,9.50,1.00
385,I certify that I am 18 years of age or over,"Yes, I agree to take part",28,Male,,Poland,Undergraduate degree,3.00,Yearly,21-30,0,Never,0.00,0,0,0,0,0,1,0,1,5,-0.21,3,2,3,4,3,3.00,0,0,0,0,0,0,0,1,0,0,0,5,4,4,4,3,4,4,5,4,5,4,5,4,4.00,3.67,3.83,4.67,4.33,4.50,4.00,2,3,3,2,3,3,2.67,2.67,2.67,1.90,1.90,1.90,1.90,1.90,9.50,1.00
386,I certify that I am 18 years of age or over,"Yes, I agree to take part",29,Male,,Poland,Further education,2.50,Never,21-30,1,More than 1 year ago,5.00,1,0,0,0,0,0,0,0,5,0.77,2,2,3,4,4,3.00,1,1,0,1,0,4,0,1,1,1,2,5,4,2,3,3,2,2,4,4,4,4,5,4,3.00,2.33,2.67,4.00,4.33,4.17,3.00,1,4,3,2,4,4,2.67,3.33,3.00,0.00,0.00,0.00,0.00,0.00,0.00,20.00
386,I certify that I am 18 years of age or over,"Yes, I agree to take part",29,Male,,Poland,Further education,2.50,Never,21-30,1,More than 1 year ago,5.00,1,1,0,0,1,0,0,1,5,0.77,4,3,2,5,4,3.60,0,3,0,3,1,1,0,2,0,4,1,5,4,1,3,4,1,3,4,4,5,4,4,4,2.67,2.67,2.67,4.33,4.00,4.17,4.00,2,4,3,2,4,3,3.00,3.00,3.00,0.00,0.00,0.00,0.00,0.00,0.00,20.00
387,I certify that I am 18 years of age or over,"Yes, I agree to take part",23,Male,,Poland,Undergraduate degree,4.17,Never,11-20,0,Never,0.00,0,1,0,0,1,1,1,3,5,0.56,2,3,1,2,4,2.40,0,2,0,1,1,1,0,3,0,4,1,5,4,3,4,4,3,4,2,2,2,3,2,3,3.67,3.67,3.67,2.00,2.67,2.33,3.00,3,3,2,3,4,3,2.67,3.33,3.00,0.00,0.00,0.00,0.00,0.00,0.00,20.00
387,I certify that I am 18 years of age or over,"Yes, I agree to take part",23,Male,,Poland,Undergraduate degree,4.17,Never,11-20,0,Never,0.00,0,0,0,0,0,0,0,0,5,0.56,4,3,5,4,4,4.00,1,1,0,3,0,1,0,1,1,1,2,5,4,3,4,4,4,4,2,2,2,2,2,4,3.67,4.00,3.83,2.00,2.67,2.33,3.00,3,4,3,3,4,3,3.33,3.33,3.33,0.00,0.00,0.00,0.00,0.00,0.00,20.00
388,I certify that I am 18 years of age or over,"Yes, I agree to take part",36,Female,,Canada,Further education,4.83,Yearly,11-20,1,Within the last month,25.00,1,0,1,0,1,0,0,2,5,0.16,5,5,5,4,5,4.80,0,2,0,3,0,3,0,1,1,1,1,5,5,5,4,5,4,5,2,2,2,3,2,4,4.67,4.67,4.67,2.00,3.00,2.50,4.00,4,4,3,4,5,4,3.67,4.33,4.00,1.00,1.00,2.50,1.00,1.00,6.50,4.50
388,I certify that I am 18 years of age or over,"Yes, I agree to take part",36,Female,,Canada,Further education,4.83,Yearly,11-20,1,Within the last month,25.00,1,1,1,1,1,1,1,5,5,0.16,5,5,5,5,5,5.00,0,2,0,5,1,1,0,3,0,4,1,5,5,5,5,5,4,4,2,2,2,3,2,3,5.00,4.33,4.67,2.00,2.67,2.33,4.00,4,5,4,4,5,4,4.33,4.33,4.33,1.00,5.00,1.00,1.00,1.00,9.00,4.50
389,I certify that I am 18 years of age or over,"Yes, I agree to take part",19,Male,,Portugal,Further education,4.83,Yearly,11-20,0,Never,0.00,0,0,1,0,0,0,0,1,5,0.64,1,1,3,5,2,2.40,0,5,1,5,0,5,0,2,0,2,1,5,5,5,5,5,3,5,3,5,2,3,3,5,5.00,4.33,4.67,3.33,3.67,3.50,5.00,1,1,1,2,1,3,1.00,2.00,1.50,1.00,0.50,1.25,0.50,1.00,4.25,10.00
389,I certify that I am 18 years of age or over,"Yes, I agree to take part",19,Male,,Portugal,Further education,4.83,Yearly,11-20,0,Never,0.00,0,1,0,0,1,0,0,1,5,0.64,3,3,4,5,5,4.00,0,4,0,3,0,6,1,5,0,3,1,5,5,3,5,4,5,5,4,3,2,3,3,3,4.33,4.67,4.50,3.00,3.00,3.00,5.00,2,1,1,2,1,3,1.33,2.00,1.67,1.00,1.25,1.00,0.50,2.00,5.75,10.00
390,I certify that I am 18 years of age or over,"Yes, I agree to take part",28,Male,,Germany,Undergraduate degree,2.83,Never,21-30,0,Never,0.00,1,0,0,0,0,0,0,0,5,0.83,2,1,4,2,3,2.40,1,1,0,2,0,1,0,2,1,1,2,5,5,5,5,5,4,5,4,2,4,3,4,5,5.00,4.67,4.83,3.33,4.00,3.67,4.00,4,4,4,4,4,3,4.00,3.67,3.84,0.00,0.00,0.00,0.00,0.00,0.00,17.50
390,I certify that I am 18 years of age or over,"Yes, I agree to take part",28,Male,,Germany,Undergraduate degree,2.83,Never,21-30,0,Never,0.00,1,1,0,0,0,0,0,0,5,0.83,3,3,3,5,4,3.60,0,4,0,1,0,2,0,3,0,4,0,5,5,4,5,5,5,5,4,2,4,3,5,4,4.67,5.00,4.83,3.33,4.00,3.67,4.00,4,3,4,4,3,4,3.67,3.67,3.67,0.00,0.00,0.50,1.00,1.00,2.50,17.50
391,I certify that I am 18 years of age or over,"Yes, I agree to take part",29,Female,,Germany,Further education,3.33,Never,1-10,0,Never,0.00,0,1,0,0,1,0,0,1,5,0.72,5,4,4,5,5,4.60,0,2,0,3,0,5,0,4,1,5,1,5,5,4,5,5,4,4,3,3,3,3,3,4,4.67,4.33,4.50,3.00,3.33,3.17,2.00,1,4,2,2,4,1,2.33,2.33,2.33,1.00,1.00,1.00,1.00,1.00,5.00,10.00
391,I certify that I am 18 years of age or over,"Yes, I agree to take part",29,Female,,Germany,Further education,3.33,Never,1-10,0,Never,0.00,0,0,0,0,0,1,0,1,5,0.72,1,1,5,4,3,2.80,0,3,0,2,0,3,0,1,0,2,0,5,4,4,4,5,4,5,3,3,4,3,5,4,4.00,4.67,4.33,3.33,4.00,3.67,2.00,2,3,1,1,4,1,2.00,2.00,2.00,1.00,1.00,1.00,1.00,1.00,5.00,10.00
392,I certify that I am 18 years of age or over,"Yes, I agree to take part",29,Female,,Poland,Postgraduate degree,4.67,Once every 3 months,1-10,0,Never,0.00,1,1,0,0,1,1,0,2,5,0.69,5,5,5,5,5,5.00,0,0,0,0,0,4,0,4,0,4,0,5,5,5,5,5,5,5,5,4,5,5,5,5,5.00,5.00,5.00,4.67,5.00,4.83,5.00,1,1,1,1,1,1,1.00,1.00,1.00,2.00,2.00,2.00,2.00,2.00,10.00,0.00
392,I certify that I am 18 years of age or over,"Yes, I agree to take part",29,Female,,Poland,Postgraduate degree,4.67,Once every 3 months,1-10,0,Never,0.00,1,0,0,0,0,0,0,0,5,0.69,5,5,5,5,5,5.00,0,4,0,0,0,0,0,4,0,0,0,5,5,5,5,5,5,5,5,5,5,5,5,5,5.00,5.00,5.00,5.00,5.00,5.00,5.00,1,1,1,1,1,1,1.00,1.00,1.00,2.00,2.00,2.00,2.00,2.00,10.00,0.00
393,I certify that I am 18 years of age or over,"Yes, I agree to take part",21,Male,,Spain,Undergraduate degree,3.33,Never,11-20,0,Never,0.00,0,1,1,0,0,0,1,2,5,0.37,5,4,4,4,5,4.40,0,4,0,7,0,0,0,0,0,4,0,5,4,5,5,4,3,5,3,3,3,3,3,3,4.67,4.00,4.33,3.00,3.00,3.00,3.00,1,2,1,1,5,1,1.33,2.33,1.83,0.20,0.10,0.10,0.10,0.10,0.60,18.50
393,I certify that I am 18 years of age or over,"Yes, I agree to take part",21,Male,,Spain,Undergraduate degree,3.33,Never,11-20,0,Never,0.00,0,0,0,1,0,0,0,1,5,0.37,5,5,3,5,4,4.40,1,1,0,3,0,3,0,2,0,4,1,5,4,3,4,4,4,5,2,3,3,2,3,4,3.67,4.33,4.00,2.67,3.00,2.83,3.00,1,3,1,2,5,2,1.67,3.00,2.34,0.10,0.50,0.10,0.10,0.10,0.90,18.50
395,I certify that I am 18 years of age or over,"Yes, I agree to take part",26,Female,,United Kingdom,Postgraduate degree,3.83,Never,11-20,0,Never,0.00,1,0,0,0,0,0,0,0,5,0.94,4,2,4,3,4,3.40,1,1,0,0,0,1,0,1,1,1,2,5,2,4,5,4,5,5,4,4,5,4,4,4,3.67,4.67,4.17,4.33,4.00,4.17,4.00,2,4,2,2,4,4,2.67,3.33,3.00,0.00,1.00,0.00,0.00,0.00,1.00,15.50
395,I certify that I am 18 years of age or over,"Yes, I agree to take part",26,Female,,United Kingdom,Postgraduate degree,3.83,Never,11-20,0,Never,0.00,1,1,1,0,1,1,1,4,5,0.94,4,4,2,5,5,4.00,1,1,0,4,1,1,0,3,0,2,2,5,5,4,5,5,5,5,4,4,4,4,4,4,4.67,5.00,4.83,4.00,4.00,4.00,4.00,2,4,2,2,4,4,2.67,3.33,3.00,0.00,0.00,0.00,1.50,2.00,3.50,15.50
397,I certify that I am 18 years of age or over,"Yes, I agree to take part",21,Female,,United Kingdom,Further education,2.83,Never,1-10,0,Never,0.00,1,0,1,0,0,1,1,3,5,0.73,1,2,2,2,2,1.80,0,4,0,4,0,6,0,4,0,5,0,5,4,2,5,4,2,4,2,3,3,4,3,4,3.67,3.33,3.50,2.67,3.67,3.17,3.00,2,3,2,2,3,2,2.33,2.33,2.33,0.10,0.10,0.10,0.10,0.10,0.50,19.00
397,I certify that I am 18 years of age or over,"Yes, I agree to take part",21,Female,,United Kingdom,Further education,2.83,Never,1-10,0,Never,0.00,1,1,1,1,1,1,0,4,5,0.73,4,4,2,4,4,3.60,0,4,0,5,0,5,0,4,0,3,0,5,4,3,4,4,3,4,4,4,3,4,4,4,3.67,3.67,3.67,3.67,4.00,3.83,4.00,3,3,2,2,3,2,2.67,2.33,2.50,0.10,0.10,0.10,0.10,0.10,0.50,19.00
398,I certify that I am 18 years of age or over,"Yes, I agree to take part",28,Male,,Portugal,Postgraduate degree,4.17,Never,21-30,0,Never,0.00,1,0,1,0,0,0,0,1,5,-0.21,1,2,3,4,3,2.60,0,4,0,4,0,0,0,3,0,3,0,5,5,4,5,5,4,5,3,4,4,4,3,4,4.67,4.67,4.67,3.67,3.67,3.67,4.00,2,2,2,4,4,4,2.00,4.00,3.00,0.85,0.90,0.95,1.20,0.95,4.85,9.05
398,I certify that I am 18 years of age or over,"Yes, I agree to take part",28,Male,,Portugal,Postgraduate degree,4.17,Never,21-30,0,Never,0.00,1,1,0,0,1,0,0,1,5,-0.21,4,5,2,5,4,4.00,0,4,0,4,1,1,0,4,0,4,1,5,5,4,5,5,5,5,3,3,4,4,3,4,4.67,5.00,4.83,3.33,3.67,3.50,5.00,3,2,2,4,4,4,2.33,4.00,3.17,1.00,1.20,0.80,2.20,0.90,6.10,9.05
400,I certify that I am 18 years of age or over,"Yes, I agree to take part",25,Male,,Hungary,Undergraduate degree,4.17,Never,21-30,0,Never,0.00,1,0,0,0,0,0,0,0,5,0.78,2,2,4,5,2,3.00,1,1,1,5,1,2,0,4,1,1,4,5,4,2,3,3,4,5,3,3,2,4,4,4,3.00,4.00,3.50,2.67,4.00,3.33,3.00,1,1,2,2,2,2,1.33,2.00,1.67,1.75,1.75,1.75,1.75,1.75,8.75,2.50
400,I certify that I am 18 years of age or over,"Yes, I agree to take part",25,Male,,Hungary,Undergraduate degree,4.17,Never,21-30,0,Never,0.00,1,1,0,0,1,1,0,2,5,0.78,4,2,4,3,3,3.20,0,2,0,0,1,1,0,3,0,3,1,5,4,3,5,4,4,5,3,4,4,3,4,4,4.00,4.33,4.17,3.67,3.67,3.67,4.00,1,2,1,2,2,1,1.33,1.67,1.50,1.75,1.75,1.75,1.75,1.75,8.75,2.50
401,I certify that I am 18 years of age or over,"Yes, I agree to take part",32,Male,,Spain,Undergraduate degree,2.33,Never,11-20,1,Within the last 6 months,3.00,1,0,1,0,0,0,0,1,5,0.73,1,1,2,1,2,1.40,0,2,0,4,0,3,0,1,0,2,0,5,5,4,4,4,4,4,2,3,4,3,4,4,4.33,4.00,4.17,3.00,3.67,3.33,4.00,2,4,2,3,4,2,2.67,3.00,2.84,1.00,1.00,1.00,1.00,1.00,5.00,5.80
401,I certify that I am 18 years of age or over,"Yes, I agree to take part",32,Male,,Spain,Undergraduate degree,2.33,Never,11-20,1,Within the last 6 months,3.00,1,1,0,0,1,1,0,2,5,0.73,4,3,3,4,4,3.60,0,4,0,5,0,3,0,4,1,5,1,5,5,3,4,3,4,4,3,3,4,4,5,4,4.00,3.67,3.83,3.33,4.33,3.83,4.00,2,3,2,3,4,2,2.33,3.00,2.67,1.80,1.80,1.80,1.80,2.00,9.20,5.80
402,I certify that I am 18 years of age or over,"Yes, I agree to take part",48,Female,,United States of America,Further education,3.67,Never,11-20,0,Never,0.00,1,0,0,0,1,0,0,1,5,0.84,1,1,4,2,1,1.80,0,4,1,5,0,3,0,3,0,4,1,5,4,5,5,4,4,4,4,4,4,5,5,4,4.67,4.00,4.33,4.00,4.67,4.33,4.00,2,3,3,2,5,4,2.67,3.67,3.17,1.00,1.00,1.00,1.00,1.00,5.00,10.00
402,I certify that I am 18 years of age or over,"Yes, I agree to take part",48,Female,,United States of America,Further education,3.67,Never,11-20,0,Never,0.00,1,1,0,0,1,1,0,2,5,0.84,4,4,4,4,3,3.80,0,4,0,4,0,4,0,2,0,4,0,5,5,5,5,4,5,5,4,4,5,5,5,5,5.00,4.67,4.83,4.33,5.00,4.67,5.00,3,3,3,4,5,5,3.00,4.67,3.84,1.00,1.00,1.00,1.00,1.00,5.00,10.00
403,I certify that I am 18 years of age or over,"Yes, I agree to take part",27,Female,,Portugal,Postgraduate degree,4.17,Once every 6 months,1-10,1,Within the last 3 months,50.00,1,0,1,0,0,1,0,2,5,0.22,2,2,3,3,3,2.60,1,1,0,4,1,2,0,2,0,4,2,5,5,5,5,4,5,5,4,4,5,4,5,4,5.00,4.67,4.83,4.33,4.33,4.33,4.00,2,2,2,2,3,2,2.00,2.33,2.17,2.00,2.00,2.00,2.00,2.00,10.00,0.00
403,I certify that I am 18 years of age or over,"Yes, I agree to take part",27,Female,,Portugal,Postgraduate degree,4.17,Once every 6 months,1-10,1,Within the last 3 months,50.00,1,1,0,0,0,1,0,1,5,0.22,4,4,4,4,4,4.00,0,2,0,4,0,2,0,3,0,3,0,5,5,5,5,4,5,5,4,4,5,4,5,4,5.00,4.67,4.83,4.33,4.33,4.33,5.00,2,2,2,2,2,2,2.00,2.00,2.00,2.00,2.00,2.00,2.00,2.00,10.00,0.00
405,I certify that I am 18 years of age or over,"Yes, I agree to take part",38,Male,,Australia,Undergraduate degree,4.50,Once every 6 months,31+,0,Never,0.00,0,1,0,0,1,0,1,2,5,0.21,4,3,4,3,3,3.40,0,2,0,4,0,3,0,3,1,5,1,5,4,5,5,5,4,5,4,4,5,4,4,5,4.67,4.67,4.67,4.33,4.33,4.33,5.00,1,3,2,2,3,3,2.00,2.67,2.34,0.80,1.00,1.20,1.00,1.20,5.20,8.50
405,I certify that I am 18 years of age or over,"Yes, I agree to take part",38,Male,,Australia,Undergraduate degree,4.50,Once every 6 months,31+,0,Never,0.00,0,0,1,1,1,1,1,5,5,0.21,5,3,5,5,5,4.60,1,1,1,5,1,2,0,0,1,1,4,5,4,4,5,5,4,5,4,4,4,4,5,5,4.33,4.67,4.50,4.00,4.67,4.33,5.00,1,3,2,2,3,3,2.00,2.67,2.34,1.20,2.00,0.80,1.50,0.80,6.30,8.50
406,I certify that I am 18 years of age or over,"Yes, I agree to take part",33,Female,,United Kingdom,Undergraduate degree,4.50,Yearly,11-20,1,Within the last month,6.00,0,0,0,0,0,1,0,1,5,1.28,4,1,4,2,4,3.00,0,2,1,5,0,4,0,4,0,4,1,5,5,2,4,5,1,4,1,4,4,2,3,2,3.67,3.33,3.50,3.00,2.33,2.67,2.00,4,5,2,4,4,4,3.67,4.00,3.84,0.00,0.00,0.00,0.00,0.00,0.00,11.00
406,I certify that I am 18 years of age or over,"Yes, I agree to take part",33,Female,,United Kingdom,Undergraduate degree,4.50,Yearly,11-20,1,Within the last month,6.00,0,1,1,0,1,1,1,4,5,1.28,5,5,2,5,5,4.40,0,3,1,2,0,3,0,2,1,5,2,5,5,2,5,5,2,5,2,4,5,2,4,2,4.00,4.00,4.00,3.67,2.67,3.17,4.00,4,4,4,4,4,4,4.00,4.00,4.00,2.00,1.00,0.00,1.00,5.00,9.00,11.00
407,I certify that I am 18 years of age or over,"Yes, I agree to take part",28,Female,,Spain,Postgraduate degree,3.67,Yearly,11-20,0,Never,0.00,1,0,1,1,0,0,0,2,5,0.67,2,2,2,1,4,2.20,1,1,1,5,0,0,0,4,0,5,2,5,4,5,5,4,5,5,3,3,3,4,4,4,4.67,4.67,4.67,3.00,4.00,3.50,3.00,1,4,1,1,4,1,2.00,2.00,2.00,0.50,0.50,0.50,1.00,0.50,3.00,12.00
407,I certify that I am 18 years of age or over,"Yes, I agree to take part",28,Female,,Spain,Postgraduate degree,3.67,Yearly,11-20,0,Never,0.00,1,1,0,0,1,1,1,3,5,0.67,3,4,2,5,2,3.20,0,6,0,3,0,2,0,3,0,3,0,5,5,5,5,5,5,5,2,3,2,3,4,4,5.00,5.00,5.00,2.33,3.67,3.00,3.00,1,4,1,1,5,1,2.00,2.33,2.17,0.50,1.00,0.50,2.50,0.50,5.00,12.00
409,I certify that I am 18 years of age or over,"Yes, I agree to take part",27,Female,,Latvia,Undergraduate degree,4.60,Never,1-10,1,More than 1 year ago,35.00,0,1,0,0,1,0,1,2,5,0.54,2,3,5,5,4,3.80,0,0,0,0,0,2,0,3,0,4,0,5,5,5,5,4,5,5,2,2,1,2,3,5,5.00,4.67,4.83,1.67,3.33,2.50,1.00,2,5,5,2,5,4,4.00,3.67,3.84,1.00,1.00,1.00,1.00,1.00,5.00,10.00
409,I certify that I am 18 years of age or over,"Yes, I agree to take part",27,Female,,Latvia,Undergraduate degree,4.60,Never,1-10,1,More than 1 year ago,35.00,0,0,1,0,0,0,1,2,5,0.54,2,5,5,4,4,4.00,0,0,0,4,0,0,0,1,0,0,0,5,5,2,4,5,2,4,1,4,1,2,3,5,3.67,3.67,3.67,2.00,3.33,2.67,1.00,2,5,4,2,5,1,3.67,2.67,3.17,1.00,1.00,1.00,1.00,1.00,5.00,10.00
410,I certify that I am 18 years of age or over,"Yes, I agree to take part",19,Male,,United Kingdom,Further education,4.33,Monthly,21-30,0,Never,0.00,1,0,1,0,0,1,0,2,5,0.84,1,1,5,5,5,3.40,1,1,0,2,1,2,0,1,1,1,3,5,5,4,5,5,3,5,1,1,2,2,2,3,4.67,4.33,4.50,1.33,2.33,1.83,5.00,2,1,1,3,4,1,1.33,2.67,2.00,0.00,0.00,0.00,0.00,0.00,0.00,10.00
410,I certify that I am 18 years of age or over,"Yes, I agree to take part",19,Male,,United Kingdom,Further education,4.33,Monthly,21-30,0,Never,0.00,1,1,0,0,1,0,1,2,5,0.84,5,5,2,5,5,4.40,0,6,0,5,1,1,0,2,0,3,1,5,5,5,5,4,4,5,2,3,2,5,3,2,5.00,4.33,4.67,2.33,3.33,2.83,5.00,1,1,1,1,4,1,1.00,2.00,1.50,5.00,0.00,0.00,0.00,5.00,10.00,10.00
411,I certify that I am 18 years of age or over,"Yes, I agree to take part",24,Male,,United Kingdom,Undergraduate degree,3.17,Never,11-20,0,Never,0.00,1,0,0,0,0,1,0,1,5,0.84,1,2,4,4,3,2.80,1,1,0,3,0,3,0,4,1,1,2,5,4,3,5,4,4,5,4,4,5,4,4,4,4.00,4.33,4.17,4.33,4.00,4.17,3.00,2,2,2,3,4,3,2.00,3.33,2.67,0.00,0.00,0.00,0.00,0.00,0.00,15.00
411,I certify that I am 18 years of age or over,"Yes, I agree to take part",24,Male,,United Kingdom,Undergraduate degree,3.17,Never,11-20,0,Never,0.00,1,1,1,0,1,1,0,3,5,0.84,4,5,3,4,4,4.00,1,1,0,3,0,2,0,3,0,2,1,5,4,4,5,4,5,5,4,4,4,5,5,4,4.33,4.67,4.50,4.00,4.67,4.33,3.00,2,2,2,3,4,3,2.00,3.33,2.67,1.00,1.00,1.00,1.00,1.00,5.00,15.00
412,I certify that I am 18 years of age or over,"Yes, I agree to take part",50,Male,,United States of America,Postgraduate degree,3.83,Once every 3 months,11-20,0,Never,0.00,0,1,0,1,1,0,1,3,5,0.64,5,4,3,5,5,4.40,0,2,0,7,0,3,0,6,0,4,0,5,5,5,5,4,5,5,4,4,3,4,4,4,5.00,4.67,4.83,3.67,4.00,3.83,5.00,2,2,2,2,2,2,2.00,2.00,2.00,2.00,2.00,2.00,2.00,2.00,10.00,0.00
412,I certify that I am 18 years of age or over,"Yes, I agree to take part",50,Male,,United States of America,Postgraduate degree,3.83,Once every 3 months,11-20,0,Never,0.00,0,0,0,0,1,0,0,1,5,0.64,3,5,5,4,4,4.20,0,0,0,3,0,5,0,3,0,0,0,5,4,5,5,4,4,5,5,3,4,4,4,4,4.67,4.33,4.50,4.00,4.00,4.00,5.00,2,2,2,2,3,3,2.00,2.67,2.34,2.00,2.00,2.00,2.00,2.00,10.00,0.00
414,I certify that I am 18 years of age or over,"Yes, I agree to take part",21,Male,,Germany,Further education,3.17,Never,21-30,1,More than 1 year ago,3.50,1,1,0,0,1,0,0,1,5,0.21,2,3,4,4,2,3.00,0,5,0,5,1,1,0,2,0,4,1,5,5,2,4,4,2,5,1,2,1,3,3,4,3.67,3.67,3.67,1.33,3.33,2.33,2.00,4,5,4,4,5,4,4.33,4.33,4.33,0.00,0.00,1.00,1.00,0.00,2.00,15.00
414,I certify that I am 18 years of age or over,"Yes, I agree to take part",21,Male,,Germany,Further education,3.17,Never,21-30,1,More than 1 year ago,3.50,1,0,0,0,0,0,0,0,5,0.21,4,4,2,5,4,3.80,0,2,0,1,0,3,0,1,0,2,0,5,5,1,4,5,1,4,1,2,1,3,4,4,3.33,3.33,3.33,1.33,3.67,2.50,2.00,4,5,3,4,5,4,4.00,4.33,4.17,1.00,0.00,0.00,1.00,1.00,3.00,15.00
415,I certify that I am 18 years of age or over,"Yes, I agree to take part",39,Male,,United Kingdom,Further education,3.50,Never,31+,1,Within the last 6 months,20.00,1,1,0,0,0,0,1,1,5,0.59,5,1,1,5,1,2.60,0,6,0,7,0,2,0,1,1,5,1,5,3,4,4,2,4,1,1,1,1,1,5,3,3.67,2.33,3.00,1.00,3.00,2.00,3.00,3,1,3,4,5,3,2.33,4.00,3.17,1.00,1.00,1.00,1.00,1.00,5.00,10.00
415,I certify that I am 18 years of age or over,"Yes, I agree to take part",39,Male,,United Kingdom,Further education,3.50,Never,31+,1,Within the last 6 months,20.00,1,0,0,0,0,0,0,0,5,0.59,1,1,1,4,1,1.60,1,1,0,1,0,4,0,1,1,1,2,5,4,4,4,3,4,5,1,1,1,1,5,3,4.00,4.00,4.00,1.00,3.00,2.00,3.00,4,1,3,3,5,2,2.67,3.33,3.00,1.00,1.00,1.00,1.00,1.00,5.00,10.00
416,I certify that I am 18 years of age or over,"Yes, I agree to take part",31,Female,,United States of America,Postgraduate degree,3.17,Never,1-10,0,Never,0.00,0,1,0,0,0,0,0,0,5,0.41,5,4,3,2,4,3.60,0,4,0,1,0,4,0,2,0,6,0,5,3,4,4,2,4,4,3,3,3,3,3,3,3.67,3.33,3.50,3.00,3.00,3.00,3.00,3,3,3,4,4,4,3.00,4.00,3.50,1.00,2.00,1.20,0.30,5.20,9.70,1.30
416,I certify that I am 18 years of age or over,"Yes, I agree to take part",31,Female,,United States of America,Postgraduate degree,3.17,Never,1-10,0,Never,0.00,0,0,0,0,0,1,0,1,5,0.41,2,4,3,4,4,3.40,0,4,0,6,0,1,0,1,0,2,0,5,2,4,4,3,4,4,3,3,2,3,3,3,3.33,3.67,3.50,2.67,3.00,2.83,4.00,4,3,3,4,4,4,3.33,4.00,3.67,2.50,1.00,2.00,0.50,3.00,9.00,1.30
418,I certify that I am 18 years of age or over,"Yes, I agree to take part",35,Male,,United Kingdom,Undergraduate degree,3.67,Monthly,1-10,1,Within the last 3 months,100.00,1,1,0,0,1,1,0,2,5,0.88,4,4,2,4,4,3.60,0,4,0,3,0,4,0,2,0,4,0,5,5,5,5,4,4,5,3,4,4,4,4,4,5.00,4.33,4.67,3.67,4.00,3.83,5.00,2,2,2,2,3,1,2.00,2.00,2.00,1.50,1.50,1.50,1.50,1.50,7.50,5.00
418,I certify that I am 18 years of age or over,"Yes, I agree to take part",35,Male,,United Kingdom,Undergraduate degree,3.67,Monthly,1-10,1,Within the last 3 months,100.00,1,0,0,0,0,0,0,0,5,0.88,2,1,2,4,4,2.60,0,2,0,3,0,4,0,1,0,5,0,5,5,5,5,4,4,5,4,2,3,3,4,5,5.00,4.33,4.67,3.00,4.00,3.50,5.00,2,2,1,1,3,2,1.67,2.00,1.84,1.50,1.50,1.50,1.50,1.50,7.50,5.00
419,I certify that I am 18 years of age or over,"Yes, I agree to take part",38,Male,,United States of America,Further education,4.00,Never,21-30,0,Never,0.00,0,1,1,0,1,0,1,3,5,0.56,3,3,3,4,5,3.60,0,3,1,2,1,1,0,4,1,5,3,5,5,2,4,5,4,5,5,5,5,4,5,5,3.67,4.67,4.17,5.00,4.67,4.83,5.00,3,4,4,5,5,5,3.67,5.00,4.34,0.00,0.00,0.00,0.00,0.00,0.00,20.00
419,I certify that I am 18 years of age or over,"Yes, I agree to take part",38,Male,,United States of America,Further education,4.00,Never,21-30,0,Never,0.00,0,0,1,1,1,0,0,3,5,0.56,5,4,5,5,4,4.60,0,4,0,3,0,3,0,2,0,2,0,5,5,2,4,5,4,5,5,5,5,4,5,5,3.67,4.67,4.17,5.00,4.67,4.83,5.00,3,4,4,5,5,5,3.67,5.00,4.34,0.00,0.00,0.00,0.00,0.00,0.00,20.00
421,I certify that I am 18 years of age or over,"Yes, I agree to take part",43,Female,,United Kingdom,Undergraduate degree,4.17,Yearly,1-10,0,Never,0.00,0,1,1,0,0,1,1,3,5,1.09,5,5,5,5,5,5.00,0,0,0,1,0,0,0,1,0,4,0,5,4,3,4,3,2,4,3,3,4,4,4,4,3.67,3.00,3.33,3.33,4.00,3.67,5.00,1,1,1,3,3,3,1.00,3.00,2.00,2.00,2.00,2.00,2.00,2.00,10.00,0.00
421,I certify that I am 18 years of age or over,"Yes, I agree to take part",43,Female,,United Kingdom,Undergraduate degree,4.17,Yearly,1-10,0,Never,0.00,0,0,0,0,0,0,0,0,5,1.09,5,5,5,5,5,5.00,0,0,0,0,0,0,0,0,0,0,0,5,4,3,4,4,3,4,3,3,4,4,4,4,3.67,3.67,3.67,3.33,4.00,3.67,5.00,1,3,1,1,1,1,1.67,1.00,1.34,2.00,2.00,2.00,2.00,2.00,10.00,0.00
422,I certify that I am 18 years of age or over,"Yes, I agree to take part",25,Male,,United Kingdom,Undergraduate degree,2.67,Yearly,11-20,1,Within the last month,14.00,1,1,0,0,1,1,0,2,5,0.13,5,5,2,5,5,4.40,0,3,0,1,1,1,0,3,0,1,1,5,5,2,4,5,2,5,2,2,3,3,3,4,3.67,4.00,3.83,2.33,3.33,2.83,4.00,1,3,1,1,3,1,1.67,1.67,1.67,1.00,1.00,1.00,1.00,1.00,5.00,10.00
422,I certify that I am 18 years of age or over,"Yes, I agree to take part",25,Male,,United Kingdom,Undergraduate degree,2.67,Yearly,11-20,1,Within the last month,14.00,1,0,0,0,0,0,0,0,5,0.13,1,3,3,4,2,2.60,1,1,0,2,0,0,0,2,0,2,1,5,5,2,5,5,4,5,3,2,4,3,3,4,4.00,4.67,4.33,3.00,3.33,3.17,4.00,1,3,1,1,3,1,1.67,1.67,1.67,1.00,1.00,1.00,1.00,1.00,5.00,10.00
423,I certify that I am 18 years of age or over,"Yes, I agree to take part",43,Male,,United Kingdom,Secondary school,3.50,Never,11-20,1,Within the last year,9.00,0,1,0,0,0,0,1,1,5,0.80,4,5,4,5,2,4.00,1,1,0,1,0,3,0,3,1,5,2,5,5,4,5,4,4,4,3,4,4,4,4,4,4.67,4.00,4.33,3.67,4.00,3.83,4.00,4,4,2,4,4,3,3.33,3.67,3.50,0.10,0.10,0.10,0.10,0.10,0.50,19.00
423,I certify that I am 18 years of age or over,"Yes, I agree to take part",43,Male,,United Kingdom,Secondary school,3.50,Never,11-20,1,Within the last year,9.00,0,0,0,0,0,0,0,0,5,0.80,1,2,2,3,3,2.20,0,2,0,7,0,0,0,2,0,3,0,5,4,4,4,4,3,4,4,3,4,4,3,4,4.00,3.67,3.83,3.67,3.67,3.67,4.00,3,4,2,3,4,2,3.00,3.00,3.00,0.10,0.10,0.10,0.10,0.10,0.50,19.00
424,I certify that I am 18 years of age or over,"Yes, I agree to take part",38,Male,,United Kingdom,Postgraduate degree,4.83,Never,11-20,1,Within the last month,150.00,1,0,1,0,0,1,0,2,5,1.14,1,2,3,4,2,2.40,0,3,0,3,0,1,0,3,0,3,0,5,5,2,5,5,2,5,1,1,1,1,1,1,4.00,4.00,4.00,1.00,1.00,1.00,3.00,2,2,2,4,5,4,2.00,4.33,3.17,0.00,0.00,0.00,0.00,0.00,0.00,18.00
424,I certify that I am 18 years of age or over,"Yes, I agree to take part",38,Male,,United Kingdom,Postgraduate degree,4.83,Never,11-20,1,Within the last month,150.00,1,1,1,1,1,1,1,5,5,1.14,4,4,4,5,5,4.40,0,3,0,1,0,2,0,1,1,5,1,5,5,1,5,5,2,5,2,2,2,2,2,2,3.67,4.00,3.83,2.00,2.00,2.00,3.00,2,4,4,4,4,4,3.33,4.00,3.67,0.00,0.00,0.00,0.00,2.00,2.00,18.00
425,I certify that I am 18 years of age or over,"Yes, I agree to take part",23,Male,,Sweden,Undergraduate degree,2.83,Never,31+,0,Never,0.00,1,1,0,0,1,0,0,1,5,0.83,3,3,1,4,4,3.00,1,1,1,2,1,1,0,3,0,3,3,5,5,5,5,5,5,5,4,4,4,4,5,4,5.00,5.00,5.00,4.00,4.33,4.17,4.00,2,3,2,2,5,2,2.33,3.00,2.67,1.50,1.50,1.50,1.50,1.50,7.50,5.00
425,I certify that I am 18 years of age or over,"Yes, I agree to take part",23,Male,,Sweden,Undergraduate degree,2.83,Never,31+,0,Never,0.00,1,0,0,0,0,0,0,0,5,0.83,1,1,1,1,1,1.00,1,1,0,3,0,3,0,1,1,1,2,5,5,4,5,5,4,5,4,4,4,3,5,4,4.67,4.67,4.67,4.00,4.00,4.00,5.00,2,3,2,3,5,2,2.33,3.33,2.83,1.50,1.50,1.50,1.50,1.50,7.50,5.00
426,I certify that I am 18 years of age or over,"Yes, I agree to take part",34,Male,,United Kingdom,Undergraduate degree,2.50,Yearly,11-20,1,Within the last month,80.00,0,0,0,0,0,0,0,0,5,0.92,4,5,4,5,4,4.40,0,3,0,2,0,4,0,4,0,5,0,5,5,1,4,5,2,4,4,4,4,4,4,4,3.33,3.67,3.50,4.00,4.00,4.00,4.00,2,2,2,1,3,2,2.00,2.00,2.00,0.00,0.00,0.00,0.00,0.00,0.00,20.00
426,I certify that I am 18 years of age or over,"Yes, I agree to take part",34,Male,,United Kingdom,Undergraduate degree,2.50,Yearly,11-20,1,Within the last month,80.00,0,1,1,1,1,1,1,5,5,0.92,4,4,2,5,4,3.80,1,1,0,1,0,2,0,2,0,3,1,5,5,2,5,5,2,4,2,4,4,4,4,5,4.00,3.67,3.83,3.33,4.33,3.83,5.00,2,1,2,1,2,2,1.67,1.67,1.67,0.00,0.00,0.00,0.00,0.00,0.00,20.00
427,I certify that I am 18 years of age or over,"Yes, I agree to take part",25,Female,,The Netherlands,Further education,4.50,Never,11-20,0,Never,0.00,1,1,0,0,1,1,1,3,5,0.42,5,4,5,5,5,4.80,0,0,0,1,0,2,0,2,0,4,0,5,5,3,5,5,2,5,4,4,4,4,5,4,4.33,4.00,4.17,4.00,4.33,4.17,4.00,1,3,1,1,4,2,1.67,2.33,2.00,1.00,1.00,1.00,1.00,1.00,5.00,10.00
427,I certify that I am 18 years of age or over,"Yes, I agree to take part",25,Female,,The Netherlands,Further education,4.50,Never,11-20,0,Never,0.00,1,0,0,0,0,0,0,0,5,0.42,2,2,2,4,3,2.60,0,2,1,5,0,3,0,3,0,3,1,5,5,2,5,5,2,5,5,4,4,4,5,4,4.00,4.00,4.00,4.33,4.33,4.33,4.00,1,4,1,1,4,1,2.00,2.00,2.00,1.00,1.00,1.00,1.00,1.00,5.00,10.00
433,I certify that I am 18 years of age or over,"Yes, I agree to take part",47,Female,,United States of America,Undergraduate degree,4.00,Once every 6 months,21-30,0,Never,0.00,1,0,0,0,1,1,0,2,5,1.04,4,2,5,3,3,3.40,1,1,0,3,0,1,0,4,1,1,2,5,4,4,2,3,4,4,3,5,4,4,3,4,3.33,3.67,3.50,4.00,3.67,3.83,4.00,2,2,2,3,4,3,2.00,3.33,2.67,0.50,0.50,0.00,0.00,0.00,1.00,16.50
433,I certify that I am 18 years of age or over,"Yes, I agree to take part",47,Female,,United States of America,Undergraduate degree,4.00,Once every 6 months,21-30,0,Never,0.00,1,1,1,0,1,0,0,2,5,1.04,5,5,4,5,4,4.60,1,1,0,5,0,4,1,5,0,4,2,5,4,4,5,4,4,4,4,4,2,4,4,4,4.33,4.00,4.17,3.33,4.00,3.67,4.00,3,2,2,3,4,3,2.33,3.33,2.83,0.50,0.50,0.50,0.50,0.50,2.50,16.50
434,I certify that I am 18 years of age or over,"Yes, I agree to take part",25,Male,,Portugal,Postgraduate degree,2.67,Never,21-30,0,Never,0.00,0,0,0,0,0,0,0,0,5,1.04,1,2,2,3,1,1.80,1,1,0,3,1,2,0,3,0,4,2,5,4,4,4,5,4,4,3,3,3,4,4,4,4.00,4.33,4.17,3.00,4.00,3.50,4.00,3,4,3,4,2,3,3.33,3.00,3.17,0.00,0.50,1.00,2.00,1.00,4.50,0.00
434,I certify that I am 18 years of age or over,"Yes, I agree to take part",25,Male,,Portugal,Postgraduate degree,2.67,Never,21-30,0,Never,0.00,0,1,0,0,1,1,1,3,5,1.04,4,3,2,4,3,3.20,0,4,0,1,1,1,1,5,0,4,2,5,4,4,4,4,4,4,3,4,4,4,4,4,4.00,4.00,4.00,3.67,4.00,3.83,4.00,3,4,3,4,4,4,3.33,4.00,3.67,3.00,1.00,0.00,8.50,3.00,15.50,0.00
435,I certify that I am 18 years of age or over,"Yes, I agree to take part",25,Male,,United Kingdom,Undergraduate degree,3.67,Monthly,21-30,1,Within the last 3 months,45.00,0,1,1,0,1,0,0,2,5,0.41,4,5,4,5,1,3.80,0,2,0,3,1,1,0,2,0,1,1,5,3,4,4,3,4,4,3,3,4,3,5,5,3.67,3.67,3.67,3.33,4.33,3.83,5.00,2,3,2,3,3,3,2.33,3.00,2.67,1.00,1.00,1.00,1.00,1.00,5.00,10.00
435,I certify that I am 18 years of age or over,"Yes, I agree to take part",25,Male,,United Kingdom,Undergraduate degree,3.67,Monthly,21-30,1,Within the last 3 months,45.00,0,0,0,0,0,0,0,0,5,0.41,4,4,2,3,3,3.20,0,4,1,5,0,3,0,3,0,4,1,5,3,3,4,3,4,4,3,3,3,3,4,4,3.33,3.67,3.50,3.00,3.67,3.33,5.00,3,3,2,2,4,3,2.67,3.00,2.84,1.00,1.00,1.00,1.00,1.00,5.00,10.00
436,I certify that I am 18 years of age or over,"Yes, I agree to take part",21,Female,,United Kingdom,Further education,3.50,Never,21-30,0,Never,0.00,1,1,1,1,1,1,0,4,5,0.77,2,3,4,4,1,2.80,0,3,1,2,0,3,0,1,0,0,1,5,4,4,4,4,4,3,3,4,4,4,2,4,4.00,3.67,3.83,3.67,3.33,3.50,4.00,2,2,4,4,4,3,2.67,3.67,3.17,1.00,1.25,1.25,1.25,2.00,6.75,4.75
436,I certify that I am 18 years of age or over,"Yes, I agree to take part",21,Female,,United Kingdom,Further education,3.50,Never,21-30,0,Never,0.00,1,0,1,1,1,1,1,5,5,0.77,1,1,1,3,2,1.60,0,2,0,4,1,2,0,1,0,0,1,5,4,4,5,4,4,5,2,4,4,4,5,3,4.33,4.33,4.33,3.33,4.00,3.67,4.00,2,4,4,4,4,4,3.33,4.00,3.67,2.00,2.00,2.00,1.25,1.25,8.50,4.75
437,I certify that I am 18 years of age or over,"Yes, I agree to take part",40,Female,,United Kingdom,Further education,2.60,Never,1-10,1,More than 1 year ago,8.00,1,1,0,0,1,0,0,1,5,-0.31,4,3,3,4,4,3.60,0,2,1,2,1,1,0,4,0,2,2,5,4,4,4,4,4,4,2,3,2,3,3,3,4.00,4.00,4.00,2.33,3.00,2.67,4.00,3,3,3,3,3,3,3.00,3.00,3.00,1.50,1.50,1.50,1.50,1.50,7.50,5.00
437,I certify that I am 18 years of age or over,"Yes, I agree to take part",40,Female,,United Kingdom,Further education,2.60,Never,1-10,1,More than 1 year ago,8.00,1,0,0,0,0,0,0,0,5,-0.31,3,3,3,4,3,3.20,1,1,0,1,0,3,0,1,0,3,1,5,4,4,4,4,4,4,3,3,2,3,3,4,4.00,4.00,4.00,2.67,3.33,3.00,4.00,3,2,3,2,3,3,2.67,2.67,2.67,1.50,1.50,1.50,1.50,1.50,7.50,5.00
438,I certify that I am 18 years of age or over,"Yes, I agree to take part",31,Male,,United Kingdom,Further education,4.00,Once every 6 months,31+,1,Within the last 6 months,150.00,1,1,1,0,1,1,0,3,5,-0.30,5,4,4,4,4,4.20,0,4,0,5,0,3,0,4,1,5,1,5,4,4,4,5,4,4,3,4,3,3,3,4,4.00,4.33,4.17,3.33,3.33,3.33,4.00,4,4,4,4,4,3,4.00,3.67,3.84,0.00,0.00,0.00,0.00,0.00,0.00,20.00
438,I certify that I am 18 years of age or over,"Yes, I agree to take part",31,Male,,United Kingdom,Further education,4.00,Once every 6 months,31+,1,Within the last 6 months,150.00,1,0,0,0,0,0,1,1,5,-0.30,2,3,2,3,2,2.40,0,0,0,3,0,5,0,2,0,3,0,5,3,3,3,3,4,4,4,4,2,4,3,5,3.00,3.67,3.33,3.33,4.00,3.67,5.00,4,4,3,4,4,5,3.67,4.33,4.00,0.00,0.00,0.00,0.00,0.00,0.00,20.00
439,I certify that I am 18 years of age or over,"Yes, I agree to take part",29,Female,,United Kingdom,Undergraduate degree,3.33,Never,11-20,0,Never,0.00,1,0,0,0,0,1,0,1,5,0.36,3,2,5,4,4,3.60,0,0,0,1,0,0,0,0,0,0,0,5,5,5,5,5,5,5,3,5,4,4,3,4,5.00,5.00,5.00,4.00,3.67,3.83,5.00,3,4,1,3,4,3,2.67,3.33,3.00,0.50,0.50,0.50,0.50,0.50,2.50,11.00
439,I certify that I am 18 years of age or over,"Yes, I agree to take part",29,Female,,United Kingdom,Undergraduate degree,3.33,Never,11-20,0,Never,0.00,1,1,1,0,1,1,1,4,5,0.36,5,3,2,3,5,3.60,0,0,0,1,1,1,0,3,0,4,1,5,5,5,5,5,5,5,5,5,5,3,3,4,5.00,5.00,5.00,5.00,3.33,4.17,5.00,3,4,3,3,4,3,3.33,3.33,3.33,1.00,0.50,0.50,2.00,2.50,6.50,11.00
440,I certify that I am 18 years of age or over,"Yes, I agree to take part",21,Male,,United Kingdom,Further education,2.50,Yearly,31+,0,Never,0.00,0,0,0,0,0,1,0,1,5,1.30,1,1,4,4,4,2.80,0,3,0,4,0,1,0,2,0,3,0,5,5,5,5,5,4,5,4,4,4,4,4,4,5.00,4.67,4.83,4.00,4.00,4.00,4.00,4,4,4,4,5,5,4.00,4.67,4.34,0.00,0.00,0.00,0.00,0.00,0.00,20.00
440,I certify that I am 18 years of age or over,"Yes, I agree to take part",21,Male,,United Kingdom,Further education,2.50,Yearly,31+,0,Never,0.00,0,1,1,1,0,0,0,2,5,1.30,5,5,4,5,4,4.60,0,2,1,2,0,2,0,3,0,1,1,5,4,4,5,5,4,5,4,4,4,4,4,4,4.33,4.67,4.50,4.00,4.00,4.00,5.00,2,5,4,4,4,5,3.67,4.33,4.00,0.00,0.00,0.00,0.00,0.00,0.00,20.00
441,I certify that I am 18 years of age or over,"Yes, I agree to take part",30,Female,,United Kingdom,Further education,4.67,Yearly,11-20,0,Never,0.00,1,0,1,0,0,1,0,2,5,-0.45,2,3,3,2,2,2.40,1,1,0,2,0,3,0,1,0,2,1,5,5,4,5,4,4,5,2,4,4,5,5,5,4.67,4.33,4.50,3.33,5.00,4.17,5.00,2,4,2,4,4,4,2.67,4.00,3.34,0.00,0.00,0.00,0.00,0.00,0.00,16.00
441,I certify that I am 18 years of age or over,"Yes, I agree to take part",30,Female,,United Kingdom,Further education,4.67,Yearly,11-20,0,Never,0.00,1,1,1,0,0,1,1,3,5,-0.45,4,4,2,5,5,4.00,0,5,0,5,0,4,0,4,0,4,0,5,5,4,5,4,4,5,4,5,5,5,5,5,4.67,4.33,4.50,4.67,5.00,4.83,5.00,2,4,2,2,4,4,2.67,3.33,3.00,0.00,0.00,0.00,2.00,2.00,4.00,16.00
442,I certify that I am 18 years of age or over,"Yes, I agree to take part",42,Male,,United Kingdom,Undergraduate degree,4.50,Once every 6 months,1-10,0,Never,0.00,1,1,1,0,1,1,0,3,5,0.94,4,4,4,4,3,3.80,1,1,0,1,1,1,0,3,0,1,2,5,5,2,4,4,2,4,4,4,4,4,4,4,3.67,3.33,3.50,4.00,4.00,4.00,5.00,1,1,1,1,1,1,1.00,1.00,1.00,2.00,2.00,2.00,2.00,2.00,10.00,0.00
442,I certify that I am 18 years of age or over,"Yes, I agree to take part",42,Male,,United Kingdom,Undergraduate degree,4.50,Once every 6 months,1-10,0,Never,0.00,1,0,0,0,0,0,0,0,5,0.94,1,2,2,3,2,2.00,1,1,0,3,1,2,0,1,0,3,2,5,5,2,4,4,2,4,4,4,4,5,4,5,3.67,3.33,3.50,4.00,4.67,4.33,5.00,1,1,1,2,2,1,1.00,1.67,1.34,2.00,2.00,2.00,2.00,2.00,10.00,0.00
444,I certify that I am 18 years of age or over,"Yes, I agree to take part",20,Male,,United Kingdom,Further education,2.33,Never,11-20,0,Never,0.00,0,0,0,1,0,0,0,1,5,-0.30,2,2,2,2,4,2.40,1,1,0,3,0,3,0,0,0,2,1,5,4,4,4,4,4,4,4,3,4,3,4,3,4.00,4.00,4.00,3.67,3.33,3.50,2.00,4,3,4,4,4,4,3.67,4.00,3.84,0.00,0.00,0.00,0.00,0.00,0.00,20.00
444,I certify that I am 18 years of age or over,"Yes, I agree to take part",20,Male,,United Kingdom,Further education,2.33,Never,11-20,0,Never,0.00,0,1,1,0,0,0,0,1,5,-0.30,4,5,1,3,3,3.20,0,2,1,2,0,3,0,0,0,0,1,5,4,3,4,4,3,4,3,4,3,3,4,4,3.67,3.67,3.67,3.33,3.67,3.50,3.00,4,4,3,3,3,5,3.67,3.67,3.67,0.00,0.00,0.00,0.00,0.00,0.00,20.00
445,I certify that I am 18 years of age or over,"Yes, I agree to take part",32,Female,,United Kingdom,Postgraduate degree,4.33,Yearly,1-10,0,Never,0.00,0,1,0,0,1,0,1,2,5,0.04,5,5,5,4,4,4.60,0,2,1,2,0,2,0,2,0,4,1,5,3,4,4,5,4,4,2,4,5,3,3,4,3.67,4.33,4.00,3.67,3.33,3.50,3.00,2,2,2,2,2,2,2.00,2.00,2.00,2.00,2.00,2.00,2.00,2.00,10.00,0.00
445,I certify that I am 18 years of age or over,"Yes, I agree to take part",32,Female,,United Kingdom,Postgraduate degree,4.33,Yearly,1-10,0,Never,0.00,0,0,0,0,0,0,0,0,5,0.04,2,4,4,5,4,3.80,0,0,0,1,0,0,0,3,0,0,0,5,5,4,4,5,4,4,3,3,3,3,3,3,4.33,4.33,4.33,3.00,3.00,3.00,3.00,2,2,2,2,2,2,2.00,2.00,2.00,2.00,2.00,2.00,2.00,2.00,10.00,0.00
446,I certify that I am 18 years of age or over,"Yes, I agree to take part",37,Male,,United Kingdom,Postgraduate degree,2.67,Never,1-10,1,Within the last month,100.00,1,1,0,0,1,1,1,3,5,0.99,5,4,5,5,5,4.80,0,3,0,1,0,3,0,3,0,4,0,5,5,5,5,5,5,5,2,2,2,2,2,4,5.00,5.00,5.00,2.00,2.67,2.33,4.00,4,5,4,4,5,5,4.33,4.67,4.50,0.03,0.03,0.03,0.03,0.03,0.15,19.70
446,I certify that I am 18 years of age or over,"Yes, I agree to take part",37,Male,,United Kingdom,Postgraduate degree,2.67,Never,1-10,1,Within the last month,100.00,1,0,1,0,0,1,0,2,5,0.99,4,5,4,4,4,4.20,0,4,0,3,0,1,0,2,0,2,0,5,4,5,5,5,4,5,2,2,2,2,4,2,4.67,4.67,4.67,2.00,2.67,2.33,4.00,5,4,5,5,5,5,4.67,5.00,4.84,0.03,0.03,0.03,0.03,0.03,0.15,19.70
447,I certify that I am 18 years of age or over,"Yes, I agree to take part",34,Female,,United Kingdom,Undergraduate degree,4.00,Yearly,1-10,0,Never,0.00,1,0,0,0,0,1,0,1,5,1.52,4,3,5,4,4,4.00,1,1,0,2,0,3,0,1,0,3,1,5,5,2,5,5,2,5,4,4,4,4,4,4,4.00,4.00,4.00,4.00,4.00,4.00,4.00,2,4,2,4,4,3,2.67,3.67,3.17,1.00,2.00,2.00,1.00,1.00,7.00,2.00
447,I certify that I am 18 years of age or over,"Yes, I agree to take part",34,Female,,United Kingdom,Undergraduate degree,4.00,Yearly,1-10,0,Never,0.00,1,1,1,0,1,1,1,4,5,1.52,5,4,4,5,5,4.60,0,3,0,4,1,1,0,4,1,5,2,5,4,4,5,5,2,5,2,2,4,4,4,4,4.33,4.00,4.17,2.67,4.00,3.33,4.00,3,4,3,4,4,4,3.33,4.00,3.67,2.00,3.00,0.00,3.00,3.00,11.00,2.00
448,I certify that I am 18 years of age or over,"Yes, I agree to take part",26,Female,,Sweden,Further education,4.60,Never,1-10,1,Within the last year,2.00,0,0,0,0,0,0,0,0,5,0.85,1,1,1,2,2,1.40,0,3,0,3,0,1,0,1,0,2,0,5,4,2,4,2,3,5,1,1,2,1,2,2,3.33,3.33,3.33,1.33,1.67,1.50,3.00,2,3,3,4,4,1,2.67,3.00,2.84,0.00,0.00,0.50,1.00,0.00,1.50,14.00
448,I certify that I am 18 years of age or over,"Yes, I agree to take part",26,Female,,Sweden,Further education,4.60,Never,1-10,1,Within the last year,2.00,0,1,0,0,1,0,0,1,5,0.85,5,5,3,5,2,4.00,0,5,0,3,1,1,0,6,1,5,2,5,5,2,3,2,4,4,2,1,1,3,2,3,3.33,3.33,3.33,1.33,2.67,2.00,5.00,3,4,2,4,3,2,3.00,3.00,3.00,1.50,1.00,0.00,2.00,0.00,4.50,14.00
449,I certify that I am 18 years of age or over,"Yes, I agree to take part",28,Male,,United States of America,Further education,3.83,Never,11-20,0,Never,0.00,0,1,1,0,1,1,0,3,5,1.08,5,3,4,5,5,4.40,1,1,0,0,1,1,0,0,0,4,2,5,4,3,3,3,3,4,3,3,3,3,3,3,3.33,3.33,3.33,3.00,3.00,3.00,3.00,3,4,2,2,2,2,3.00,2.00,2.50,0.50,0.50,0.50,0.50,0.50,2.50,15.00
449,I certify that I am 18 years of age or over,"Yes, I agree to take part",28,Male,,United States of America,Further education,3.83,Never,11-20,0,Never,0.00,0,0,0,0,0,0,0,0,5,1.08,3,3,4,4,3,3.40,0,0,0,0,0,0,0,0,0,0,0,5,4,4,4,4,3,5,2,3,3,3,3,4,4.00,4.00,4.00,2.67,3.33,3.00,3.00,3,4,2,2,2,2,3.00,2.00,2.50,0.50,0.50,0.50,0.50,0.50,2.50,15.00
450,I certify that I am 18 years of age or over,"Yes, I agree to take part",29,Female,,United Kingdom,Undergraduate degree,4.50,Never,11-20,0,Never,0.00,0,1,0,0,1,1,1,3,5,1.00,4,4,3,4,4,3.80,0,4,0,4,1,1,0,3,0,4,1,5,5,4,5,5,4,5,1,1,2,2,3,3,4.67,4.67,4.67,1.33,2.67,2.00,5.00,2,2,2,2,4,3,2.00,3.00,2.50,0.50,0.50,0.50,0.50,0.50,2.50,15.00
450,I certify that I am 18 years of age or over,"Yes, I agree to take part",29,Female,,United Kingdom,Undergraduate degree,4.50,Never,11-20,0,Never,0.00,0,0,1,0,0,0,0,1,5,1.00,2,3,3,3,4,3.00,0,3,0,2,0,4,0,3,0,2,0,5,5,4,4,5,4,5,1,1,2,2,3,4,4.33,4.67,4.50,1.33,3.00,2.17,5.00,2,2,2,2,4,3,2.00,3.00,2.50,0.50,0.50,0.50,0.50,0.50,2.50,15.00
451,I certify that I am 18 years of age or over,"Yes, I agree to take part",36,Female,,United Kingdom,Undergraduate degree,4.00,Yearly,11-20,0,Never,0.00,0,1,0,1,1,0,0,2,5,0.91,3,3,3,3,3,3.00,0,0,0,4,1,1,0,3,0,3,1,5,4,4,4,3,4,4,3,3,3,4,4,4,4.00,3.67,3.83,3.00,4.00,3.50,4.00,2,3,2,3,2,4,2.33,3.00,2.67,1.50,1.50,1.50,1.50,1.50,7.50,5.00
451,I certify that I am 18 years of age or over,"Yes, I agree to take part",36,Female,,United Kingdom,Undergraduate degree,4.00,Yearly,11-20,0,Never,0.00,0,0,1,0,0,1,0,2,5,0.91,3,3,3,3,3,3.00,0,2,0,3,0,0,0,4,0,5,0,5,3,3,4,4,4,4,4,4,2,4,4,4,3.33,4.00,3.67,3.33,4.00,3.67,4.00,2,2,2,2,4,3,2.00,3.00,2.50,1.50,1.50,1.50,1.50,1.50,7.50,5.00
452,I certify that I am 18 years of age or over,"Yes, I agree to take part",27,Female,,United Kingdom,Undergraduate degree,3.67,Never,11-20,0,Never,0.00,0,1,0,0,1,1,0,2,5,0.49,3,4,3,5,4,3.80,0,3,0,1,1,1,0,0,0,2,1,5,5,5,4,5,4,5,3,4,3,4,4,4,4.67,4.67,4.67,3.33,4.00,3.67,4.00,3,4,3,4,5,3,3.33,4.00,3.67,0.00,0.00,0.00,0.00,0.00,0.00,20.00
452,I certify that I am 18 years of age or over,"Yes, I agree to take part",27,Female,,United Kingdom,Undergraduate degree,3.67,Never,11-20,0,Never,0.00,0,0,0,0,0,0,0,0,5,0.49,2,1,3,4,3,2.60,1,1,0,3,0,4,0,4,1,1,2,5,5,4,5,5,4,4,3,4,3,4,4,4,4.67,4.33,4.50,3.33,4.00,3.67,4.00,3,4,3,4,5,4,3.33,4.33,3.83,0.00,0.00,0.00,0.00,0.00,0.00,20.00
453,I certify that I am 18 years of age or over,"Yes, I agree to take part",25,Female,,United Kingdom,Postgraduate degree,3.33,Never,1-10,0,Never,0.00,1,1,0,0,1,1,1,3,5,1.10,2,4,2,4,4,3.20,0,0,0,0,0,0,0,2,0,0,0,5,5,4,4,5,2,4,4,2,5,2,5,4,4.33,3.67,4.00,3.67,3.67,3.67,4.00,1,4,1,1,4,1,2.00,2.00,2.00,0.00,0.00,0.00,0.00,0.00,0.00,20.00
453,I certify that I am 18 years of age or over,"Yes, I agree to take part",25,Female,,United Kingdom,Postgraduate degree,3.33,Never,1-10,0,Never,0.00,1,0,0,0,0,0,0,0,5,1.10,2,1,2,1,2,1.60,0,0,0,0,0,0,0,0,0,0,0,5,2,2,4,5,4,5,2,1,2,2,2,4,2.67,4.67,3.67,1.67,2.67,2.17,4.00,2,4,1,1,4,1,2.33,2.00,2.17,0.00,0.00,0.00,0.00,0.00,0.00,20.00
455,I certify that I am 18 years of age or over,"Yes, I agree to take part",19,Female,,United Kingdom,Further education,4.17,Once every 6 months,11-20,0,Never,0.00,0,0,0,0,0,0,0,0,5,0.38,1,2,2,2,2,1.80,0,3,1,5,0,5,0,4,1,1,2,5,4,2,4,2,4,4,5,4,4,5,3,4,3.33,3.33,3.33,4.33,4.00,4.17,4.00,1,2,2,2,1,1,1.67,1.33,1.50,1.00,1.50,3.00,2.00,4.00,11.50,0.00
455,I certify that I am 18 years of age or over,"Yes, I agree to take part",19,Female,,United Kingdom,Further education,4.17,Once every 6 months,11-20,0,Never,0.00,0,1,0,0,1,1,0,2,5,0.38,3,2,4,4,3,3.20,0,4,1,2,0,2,0,2,0,3,1,5,3,2,4,4,2,4,4,5,5,4,2,5,3.00,3.33,3.17,4.67,3.67,4.17,5.00,2,1,1,3,2,1,1.33,2.00,1.67,1.00,2.00,1.50,1.00,3.00,8.50,0.00
456,I certify that I am 18 years of age or over,"Yes, I agree to take part",38,Male,,United Kingdom,Postgraduate degree,4.33,Monthly,11-20,0,Never,0.00,0,1,1,0,1,0,1,3,5,1.13,5,4,5,4,5,4.60,0,2,0,0,1,1,0,1,0,4,1,5,5,5,5,5,5,5,2,4,2,4,4,4,5.00,5.00,5.00,2.67,4.00,3.33,5.00,2,2,2,2,4,2,2.00,2.67,2.34,2.00,2.00,2.00,1.00,3.00,10.00,0.00
456,I certify that I am 18 years of age or over,"Yes, I agree to take part",38,Male,,United Kingdom,Postgraduate degree,4.33,Monthly,11-20,0,Never,0.00,0,0,0,0,1,0,0,1,5,1.13,2,2,4,4,4,3.20,0,0,0,3,0,1,0,2,1,1,1,5,5,4,5,5,4,5,4,4,4,4,4,4,4.67,4.67,4.67,4.00,4.00,4.00,5.00,2,2,2,2,4,2,2.00,2.67,2.34,2.00,2.00,2.00,2.00,2.00,10.00,0.00
457,I certify that I am 18 years of age or over,"Yes, I agree to take part",33,Female,,United Kingdom,Postgraduate degree,4.00,Never,1-10,0,Never,0.00,0,0,1,0,0,1,0,2,5,-0.32,3,2,3,4,3,3.00,1,1,0,4,0,4,0,3,0,4,1,5,5,3,3,4,3,4,4,4,3,4,4,4,3.67,3.67,3.67,3.67,4.00,3.83,4.00,3,3,3,2,2,2,3.00,2.00,2.50,0.50,1.00,1.00,1.50,0.50,4.50,10.00
457,I certify that I am 18 years of age or over,"Yes, I agree to take part",33,Female,,United Kingdom,Postgraduate degree,4.00,Never,1-10,0,Never,0.00,0,1,1,0,1,0,0,2,5,-0.32,4,4,4,4,3,3.80,0,3,1,2,0,3,0,2,0,6,1,5,5,4,3,5,4,4,4,4,3,4,3,4,4.00,4.33,4.17,3.67,3.67,3.67,4.00,2,3,3,3,2,2,2.67,2.33,2.50,1.50,1.00,1.50,1.00,0.50,5.50,10.00
458,I certify that I am 18 years of age or over,"Yes, I agree to take part",31,Male,,United States of America,Undergraduate degree,4.50,Never,11-20,0,Never,0.00,1,1,1,0,1,1,1,4,5,0.40,5,4,4,5,5,4.60,0,4,1,2,0,3,0,3,0,4,1,5,5,5,5,5,5,5,3,4,4,5,4,5,5.00,5.00,5.00,3.67,4.67,4.17,5.00,3,4,3,5,4,3,3.33,4.00,3.67,0.00,0.00,0.00,0.00,0.00,0.00,20.00
458,I certify that I am 18 years of age or over,"Yes, I agree to take part",31,Male,,United States of America,Undergraduate degree,4.50,Never,11-20,0,Never,0.00,1,0,1,1,1,1,1,5,5,0.40,4,5,5,5,5,4.80,1,1,0,0,1,2,0,1,1,1,3,5,5,5,5,5,5,5,4,2,4,5,4,5,5.00,5.00,5.00,3.33,4.67,4.00,5.00,3,4,4,4,4,3,3.67,3.67,3.67,0.00,0.00,0.00,0.00,0.00,0.00,20.00
459,I certify that I am 18 years of age or over,"Yes, I agree to take part",25,Female,,United Kingdom,Undergraduate degree,2.50,Never,1-10,0,Never,0.00,1,1,1,0,0,0,1,2,5,0.21,5,5,3,5,5,4.60,0,3,0,4,0,5,0,4,1,5,1,5,5,2,5,5,3,5,4,5,5,4,5,5,4.00,4.33,4.17,4.67,4.67,4.67,5.00,3,4,3,4,5,4,3.33,4.33,3.83,0.00,0.00,0.00,0.00,0.00,0.00,20.00
459,I certify that I am 18 years of age or over,"Yes, I agree to take part",25,Female,,United Kingdom,Undergraduate degree,2.50,Never,1-10,0,Never,0.00,1,0,0,1,0,1,1,3,5,0.21,1,2,4,2,1,2.00,0,2,0,4,0,5,0,3,0,3,0,5,5,2,5,5,3,5,5,4,4,5,5,5,4.00,4.33,4.17,4.33,5.00,4.67,5.00,4,4,4,5,5,4,4.00,4.67,4.34,0.00,0.00,0.00,0.00,0.00,0.00,20.00
460,I certify that I am 18 years of age or over,"Yes, I agree to take part",25,Female,,United States of America,Further education,4.83,Yearly,11-20,1,Within the last month,20.00,1,1,1,1,1,1,1,5,5,0.08,5,5,4,5,5,4.80,1,1,1,2,1,1,1,5,0,2,4,5,5,4,5,5,4,4,4,4,5,5,5,4,4.67,4.33,4.50,4.33,4.67,4.50,5.00,3,2,2,3,3,2,2.33,2.67,2.50,1.00,1.00,1.00,1.00,1.00,5.00,10.00
460,I certify that I am 18 years of age or over,"Yes, I agree to take part",25,Female,,United States of America,Further education,4.83,Yearly,11-20,1,Within the last month,20.00,1,0,0,0,1,1,0,2,5,0.08,5,4,5,5,5,4.80,1,1,1,5,1,2,0,1,0,3,3,5,5,4,5,4,5,4,4,4,5,4,5,4,4.67,4.33,4.50,4.33,4.33,4.33,5.00,3,3,2,2,2,3,2.67,2.33,2.50,1.00,1.00,1.00,1.00,1.00,5.00,10.00
461,I certify that I am 18 years of age or over,"Yes, I agree to take part",47,Male,,United Kingdom,Undergraduate degree,3.83,Yearly,21-30,1,More than 1 year ago,15.00,1,1,1,0,1,1,1,4,5,0.60,4,4,2,5,5,4.00,0,3,0,1,1,1,0,3,1,5,2,5,5,4,5,4,4,5,1,2,2,3,3,3,4.67,4.33,4.50,1.67,3.00,2.33,4.00,3,4,4,4,5,5,3.67,4.67,4.17,0.00,0.00,0.00,0.00,0.00,0.00,20.00
461,I certify that I am 18 years of age or over,"Yes, I agree to take part",47,Male,,United Kingdom,Undergraduate degree,3.83,Yearly,21-30,1,More than 1 year ago,15.00,1,0,0,0,0,0,1,1,5,0.60,3,4,1,4,2,2.80,0,3,0,3,0,4,0,4,0,4,0,5,5,4,5,5,4,5,1,2,2,2,4,3,4.67,4.67,4.67,1.67,3.00,2.33,4.00,3,3,4,4,5,5,3.33,4.67,4.00,0.00,0.00,0.00,0.00,0.00,0.00,20.00
462,I certify that I am 18 years of age or over,"Yes, I agree to take part",30,Male,,United Kingdom,Postgraduate degree,3.83,Never,31+,0,Never,0.00,1,0,0,1,0,1,0,2,5,0.86,1,1,2,3,2,1.80,1,1,0,3,0,0,0,2,0,3,1,5,5,5,5,4,4,5,4,4,5,4,5,4,5.00,4.33,4.67,4.33,4.33,4.33,5.00,2,2,3,2,4,3,2.33,3.00,2.67,0.25,0.25,0.25,0.50,0.25,1.50,8.50
462,I certify that I am 18 years of age or over,"Yes, I agree to take part",30,Male,,United Kingdom,Postgraduate degree,3.83,Never,31+,0,Never,0.00,1,1,1,0,1,0,1,3,5,0.86,4,4,2,4,5,3.80,0,4,0,4,0,5,0,1,0,2,0,5,5,4,5,5,4,5,5,4,5,5,5,5,4.67,4.67,4.67,4.67,5.00,4.83,5.00,3,2,2,3,4,3,2.33,3.33,2.83,2.00,2.00,2.00,2.00,2.00,10.00,8.50
463,I certify that I am 18 years of age or over,"Yes, I agree to take part",26,Male,,United States of America,Further education,1.83,Never,21-30,1,Within the last 3 months,5.00,0,1,0,0,1,1,1,3,5,0.32,2,3,4,5,1,3.00,0,0,0,1,0,2,1,5,0,4,1,5,5,2,5,5,3,5,3,2,2,3,4,4,4.00,4.33,4.17,2.33,3.67,3.00,3.00,3,2,2,2,2,2,2.33,2.00,2.17,0.00,0.00,0.00,10.00,0.00,10.00,0.00
463,I certify that I am 18 years of age or over,"Yes, I agree to take part",26,Male,,United States of America,Further education,1.83,Never,21-30,1,Within the last 3 months,5.00,0,0,0,0,1,0,0,1,5,0.32,2,3,4,4,2,3.00,1,1,0,3,1,2,0,0,0,3,2,5,5,2,5,5,2,5,3,2,3,3,3,3,4.00,4.00,4.00,2.67,3.00,2.83,3.00,2,2,2,2,2,2,2.00,2.00,2.00,0.00,0.00,0.00,10.00,0.00,10.00,0.00
464,I certify that I am 18 years of age or over,"Yes, I agree to take part",33,Male,,United Kingdom,Further education,4.00,Monthly,21-30,1,More than 1 year ago,1.00,1,1,1,0,1,1,1,4,5,1.63,5,4,3,4,3,3.80,0,3,0,3,0,2,1,5,0,3,1,5,5,3,5,5,5,5,5,1,4,5,5,1,4.33,5.00,4.67,3.33,3.67,3.50,4.00,1,4,5,1,5,2,3.33,2.67,3.00,0.00,0.00,0.00,0.00,0.00,0.00,20.00
464,I certify that I am 18 years of age or over,"Yes, I agree to take part",33,Male,,United Kingdom,Further education,4.00,Monthly,21-30,1,More than 1 year ago,1.00,1,0,0,0,0,1,1,2,5,1.63,2,3,5,4,3,3.40,0,3,1,5,0,4,0,0,0,3,1,5,5,5,5,5,5,5,5,1,4,2,5,4,5.00,5.00,5.00,3.33,3.67,3.50,5.00,5,5,5,1,5,1,5.00,2.33,3.67,0.00,0.00,0.00,0.00,0.00,0.00,20.00
465,I certify that I am 18 years of age or over,"Yes, I agree to take part",41,Female,,United Kingdom,Postgraduate degree,4.60,Never,31+,1,Within the last 3 months,12.00,0,1,0,1,1,0,0,2,5,0.96,3,4,2,5,4,3.60,0,2,0,4,0,2,0,4,0,4,0,5,5,5,5,5,5,5,3,2,2,3,3,4,5.00,5.00,5.00,2.33,3.33,2.83,4.00,4,5,4,4,5,4,4.33,4.33,4.33,0.00,0.00,0.00,0.00,0.00,0.00,20.00
465,I certify that I am 18 years of age or over,"Yes, I agree to take part",41,Female,,United Kingdom,Postgraduate degree,4.60,Never,31+,1,Within the last 3 months,12.00,0,0,0,0,0,0,0,0,5,0.96,1,1,2,4,3,2.20,0,4,0,3,0,3,0,2,0,3,0,5,5,5,5,5,4,5,1,1,2,4,3,4,5.00,4.67,4.83,1.33,3.67,2.50,4.00,4,5,4,4,4,3,4.33,3.67,4.00,0.00,0.00,0.00,0.00,0.00,0.00,20.00
467,I certify that I am 18 years of age or over,"Yes, I agree to take part",34,Female,,Canada,Undergraduate degree,2.50,Never,1-10,0,Never,0.00,1,1,0,0,1,0,0,1,5,0.41,4,2,2,5,4,3.40,1,1,0,0,1,1,0,4,1,5,3,5,5,4,4,5,2,5,4,4,5,4,4,4,4.33,4.00,4.17,4.33,4.00,4.17,4.00,1,1,1,1,1,1,1.00,1.00,1.00,1.00,0.00,0.00,0.50,0.00,1.50,10.00
467,I certify that I am 18 years of age or over,"Yes, I agree to take part",34,Female,,Canada,Undergraduate degree,2.50,Never,1-10,0,Never,0.00,1,0,1,0,0,1,0,2,5,0.41,3,3,5,5,5,4.20,1,1,0,0,1,2,0,3,0,4,2,5,4,5,5,4,5,4,4,5,5,4,2,4,4.67,4.33,4.50,4.67,3.33,4.00,4.00,1,1,1,1,1,1,1.00,1.00,1.00,3.00,0.00,0.50,2.00,3.00,8.50,10.00
470,I certify that I am 18 years of age or over,"Yes, I agree to take part",42,Male,,United States of America,Further education,5.00,Yearly,11-20,1,Within the last year,6.00,0,0,1,0,0,1,0,2,5,1.14,1,1,1,4,1,1.60,1,1,0,1,0,1,0,2,1,1,2,5,5,4,5,5,4,5,5,5,5,5,5,5,4.67,4.67,4.67,5.00,5.00,5.00,5.00,1,1,1,1,1,1,1.00,1.00,1.00,1.00,1.00,1.00,2.00,2.00,7.00,5.00
470,I certify that I am 18 years of age or over,"Yes, I agree to take part",42,Male,,United States of America,Further education,5.00,Yearly,11-20,1,Within the last year,6.00,0,1,0,0,1,1,0,2,5,1.14,5,5,4,5,5,4.80,0,0,0,3,1,1,0,0,0,0,1,5,5,4,5,4,5,5,5,5,5,5,5,5,4.67,4.67,4.67,5.00,5.00,5.00,5.00,1,1,1,1,1,1,1.00,1.00,1.00,2.00,1.00,1.00,2.00,2.00,8.00,5.00
472,I certify that I am 18 years of age or over,"Yes, I agree to take part",32,Female,,United States of America,Postgraduate degree,4.50,Yearly,1-10,1,Within the last month,100.00,1,0,1,1,1,1,0,4,5,0.39,3,3,4,3,2,3.00,1,1,0,4,1,2,1,5,0,0,3,5,5,5,5,5,5,4,4,4,4,4,4,4,5.00,4.67,4.83,4.00,4.00,4.00,5.00,1,3,1,1,3,2,1.67,2.00,1.84,0.00,1.00,2.00,2.00,0.00,5.00,0.00
472,I certify that I am 18 years of age or over,"Yes, I agree to take part",32,Female,,United States of America,Postgraduate degree,4.50,Yearly,1-10,1,Within the last month,100.00,1,1,1,1,1,1,1,5,5,0.39,5,4,2,5,4,4.00,1,1,0,3,1,1,1,5,0,4,3,5,5,5,5,5,5,5,4,4,4,4,4,4,5.00,5.00,5.00,4.00,4.00,4.00,5.00,1,1,1,1,3,1,1.00,1.67,1.34,0.00,5.00,0.00,5.00,5.00,15.00,0.00
473,I certify that I am 18 years of age or over,"Yes, I agree to take part",30,Male,,Sweden,Further education,4.17,Never,11-20,1,Within the last year,114.00,1,0,0,1,1,0,0,2,5,0.38,4,5,5,4,4,4.40,0,2,0,4,1,2,0,4,0,3,1,5,5,4,5,5,4,5,3,2,2,2,4,2,4.67,4.67,4.67,2.33,2.67,2.50,4.00,4,4,4,4,4,4,4.00,4.00,4.00,1.00,4.50,1.00,1.00,1.00,8.50,0.00
473,I certify that I am 18 years of age or over,"Yes, I agree to take part",30,Male,,Sweden,Further education,4.17,Never,11-20,1,Within the last year,114.00,1,1,1,1,1,1,1,5,5,0.38,5,5,4,4,5,4.60,0,3,0,5,0,3,0,3,1,5,1,5,5,4,5,5,4,5,2,2,2,2,4,4,4.67,4.67,4.67,2.00,3.33,2.67,4.00,4,4,2,4,4,4,3.33,4.00,3.67,1.00,1.00,1.00,1.00,7.50,11.50,0.00
474,I certify that I am 18 years of age or over,"Yes, I agree to take part",20,Female,,Sweden,Further education,4.67,Yearly,11-20,1,Within the last week,360.00,0,1,1,0,1,1,1,4,5,-0.70,5,4,4,4,5,4.40,0,3,0,5,0,5,0,3,1,5,1,5,5,5,5,5,5,5,4,4,4,4,4,5,5.00,5.00,5.00,4.00,4.33,4.17,5.00,2,2,2,4,4,4,2.00,4.00,3.00,2.00,2.00,2.00,2.00,2.00,10.00,0.00
474,I certify that I am 18 years of age or over,"Yes, I agree to take part",20,Female,,Sweden,Further education,4.67,Yearly,11-20,1,Within the last week,360.00,0,0,0,1,1,1,0,3,5,-0.70,4,5,5,4,5,4.60,0,4,1,5,0,1,0,3,0,2,1,5,5,5,5,5,4,5,5,4,4,4,4,5,5.00,4.67,4.83,4.33,4.33,4.33,5.00,2,2,2,4,4,4,2.00,4.00,3.00,2.00,2.00,2.00,2.00,2.00,10.00,0.00
475,I certify that I am 18 years of age or over,"Yes, I agree to take part",30,Female,,Canada,Further education,3.50,Yearly,1-10,1,Within the last 3 months,166.00,0,1,1,1,1,1,1,5,5,0.55,3,5,5,4,5,4.40,1,1,0,4,1,1,0,1,0,4,2,5,5,2,5,5,4,5,4,4,4,4,4,4,4.00,4.67,4.33,4.00,4.00,4.00,4.00,2,3,2,4,4,3,2.33,3.67,3.00,2.00,2.00,2.00,2.00,2.00,10.00,0.00
475,I certify that I am 18 years of age or over,"Yes, I agree to take part",30,Female,,Canada,Further education,3.50,Yearly,1-10,1,Within the last 3 months,166.00,0,0,1,1,1,1,1,5,5,0.55,3,5,4,3,4,3.80,0,3,0,3,0,3,0,4,1,1,1,5,5,2,5,5,4,5,4,4,4,4,4,4,4.00,4.67,4.33,4.00,4.00,4.00,4.00,2,3,2,2,4,4,2.33,3.33,2.83,2.00,2.00,2.00,2.00,2.00,10.00,0.00
476,I certify that I am 18 years of age or over,"Yes, I agree to take part",30,Female,,United States of America,Undergraduate degree,4.67,Never,31+,1,Within the last month,150.00,0,1,1,0,1,1,1,4,5,1.23,3,3,5,2,4,3.40,0,3,1,2,1,1,0,2,1,5,3,5,5,4,5,5,4,5,4,4,5,4,5,4,4.67,4.67,4.67,4.33,4.33,4.33,5.00,3,4,2,4,4,3,3.00,3.67,3.34,0.00,0.00,4.00,0.00,4.00,8.00,0.00
476,I certify that I am 18 years of age or over,"Yes, I agree to take part",30,Female,,United States of America,Undergraduate degree,4.67,Never,31+,1,Within the last month,150.00,0,0,0,1,1,1,1,4,5,1.23,5,4,5,5,5,4.80,1,1,0,3,1,2,0,1,0,2,2,5,5,4,5,5,4,5,4,4,5,4,5,5,4.67,4.67,4.67,4.33,4.67,4.50,5.00,3,3,3,4,4,2,3.00,3.33,3.17,0.00,0.00,4.00,4.00,4.00,12.00,0.00
477,I certify that I am 18 years of age or over,"Yes, I agree to take part",25,Other,Non-binary,The Netherlands,Further education,4.17,Once every 6 months,21-30,1,Within the last week,270.00,0,1,1,0,1,1,0,3,5,1.03,4,3,3,4,5,3.80,0,5,1,2,0,2,0,4,0,1,1,5,5,2,4,5,3,5,2,4,2,3,4,3,3.67,4.33,4.00,2.67,3.33,3.00,5.00,4,4,2,4,4,2,3.33,3.33,3.33,2.00,2.00,1.00,3.00,1.00,9.00,0.00
477,I certify that I am 18 years of age or over,"Yes, I agree to take part",25,Other,Non-binary,The Netherlands,Further education,4.17,Once every 6 months,21-30,1,Within the last week,270.00,0,0,1,1,1,1,1,5,5,1.03,5,3,5,4,5,4.40,1,1,0,4,0,1,0,3,0,3,1,5,5,2,4,5,2,5,2,4,2,3,3,4,3.67,4.00,3.83,2.67,3.33,3.00,5.00,4,4,2,4,4,3,3.33,3.67,3.50,4.00,3.00,1.00,1.00,2.00,11.00,0.00
478,I certify that I am 18 years of age or over,"Yes, I agree to take part",29,Female,,United States of America,Postgraduate degree,4.67,Never,1-10,1,Within the last week,250.00,0,0,0,1,1,1,1,4,5,1.02,4,4,5,4,4,4.20,0,2,1,5,0,3,0,3,0,3,1,5,5,5,5,5,5,5,4,4,4,4,5,5,5.00,5.00,5.00,4.00,4.67,4.33,5.00,2,3,1,1,4,1,2.00,2.00,2.00,1.00,2.00,2.00,2.00,1.00,8.00,0.00
478,I certify that I am 18 years of age or over,"Yes, I agree to take part",29,Female,,United States of America,Postgraduate degree,4.67,Never,1-10,1,Within the last week,250.00,0,1,1,1,1,1,1,5,5,1.02,5,4,5,4,5,4.60,0,3,0,5,0,5,0,4,1,5,1,5,5,4,5,5,5,5,4,4,2,4,3,4,4.67,5.00,4.83,3.33,3.67,3.50,5.00,1,3,1,1,4,1,1.67,2.00,1.84,2.00,2.00,3.00,1.00,4.00,12.00,0.00
479,I certify that I am 18 years of age or over,"Yes, I agree to take part",24,Male,,Australia,Postgraduate degree,3.67,Yearly,11-20,1,Within the last month,260.00,0,1,1,1,1,0,1,4,5,1.14,4,3,3,5,4,3.80,0,3,0,4,1,1,0,1,0,4,1,5,5,3,5,5,3,5,5,5,5,4,5,5,4.33,4.33,4.33,5.00,4.67,4.83,5.00,1,1,2,2,3,2,1.33,2.33,1.83,1.50,2.50,1.25,1.75,2.50,9.50,0.00
479,I certify that I am 18 years of age or over,"Yes, I agree to take part",24,Male,,Australia,Postgraduate degree,3.67,Yearly,11-20,1,Within the last month,260.00,0,0,0,0,1,1,1,3,5,1.14,4,4,5,5,4,4.40,0,2,1,5,1,2,1,5,0,2,3,5,5,3,5,5,2,5,5,5,5,4,5,5,4.33,4.00,4.17,5.00,4.67,4.83,5.00,1,1,2,2,3,2,1.33,2.33,1.83,1.50,2.50,1.50,3.00,2.00,10.50,0.00
481,I certify that I am 18 years of age or over,"Yes, I agree to take part",27,Female,,United Kingdom,Postgraduate degree,3.50,Yearly,1-10,1,More than 1 year ago,10.00,0,1,0,0,0,0,0,0,5,1.22,4,5,3,4,5,4.20,0,4,0,4,0,3,0,4,0,4,0,5,5,5,5,5,4,5,4,4,5,4,5,5,5.00,4.67,4.83,4.33,4.67,4.50,5.00,3,2,3,4,2,2,2.67,2.67,2.67,2.00,2.00,2.00,2.00,2.00,10.00,0.00
481,I certify that I am 18 years of age or over,"Yes, I agree to take part",27,Female,,United Kingdom,Postgraduate degree,3.50,Yearly,1-10,1,More than 1 year ago,10.00,0,0,0,0,0,1,0,1,5,1.22,3,2,4,4,4,3.40,0,3,0,0,0,0,0,2,0,4,0,5,5,4,5,5,4,5,4,5,5,5,5,5,4.67,4.67,4.67,4.67,5.00,4.83,5.00,3,2,3,4,2,3,2.67,3.00,2.84,2.00,2.00,2.00,2.00,2.00,10.00,0.00
482,I certify that I am 18 years of age or over,"Yes, I agree to take part",33,Male,,Sweden,Postgraduate degree,4.50,Yearly,11-20,1,Within the last week,200.00,0,1,1,1,1,1,1,5,5,0.92,4,5,5,4,5,4.60,0,3,0,3,1,1,0,2,0,4,1,5,5,4,5,5,5,5,4,4,4,2,4,4,4.67,5.00,4.83,4.00,3.33,3.67,5.00,2,4,2,2,4,2,2.67,2.67,2.67,1.00,0.00,0.00,0.00,1.00,2.00,15.00
482,I certify that I am 18 years of age or over,"Yes, I agree to take part",33,Male,,Sweden,Postgraduate degree,4.50,Yearly,11-20,1,Within the last week,200.00,0,0,1,1,1,1,0,4,5,0.92,5,5,4,4,4,4.40,1,1,0,4,0,1,0,1,1,1,2,5,4,5,4,5,4,4,4,4,4,3,4,4,4.33,4.33,4.33,4.00,3.67,3.83,5.00,2,4,2,2,4,2,2.67,2.67,2.67,1.00,2.00,0.00,0.00,0.00,3.00,15.00
483,I certify that I am 18 years of age or over,"Yes, I agree to take part",35,Female,,United States of America,Postgraduate degree,3.00,Never,31+,1,Within the last week,120.00,0,1,0,1,1,1,1,4,5,-0.25,2,5,4,4,3,3.60,0,0,0,0,0,0,0,4,0,4,0,5,5,4,5,5,5,5,4,4,5,4,4,4,4.67,5.00,4.83,4.33,4.00,4.17,4.00,2,3,2,2,3,2,2.33,2.33,2.33,2.00,2.00,2.00,2.00,2.00,10.00,0.00
483,I certify that I am 18 years of age or over,"Yes, I agree to take part",35,Female,,United States of America,Postgraduate degree,3.00,Never,31+,1,Within the last week,120.00,0,0,1,1,1,1,1,5,5,-0.25,1,3,4,4,4,3.20,0,0,0,0,0,0,0,0,0,0,0,5,5,4,5,5,4,5,4,4,4,4,5,4,4.67,4.67,4.67,4.00,4.33,4.17,4.00,3,3,2,4,4,4,2.67,4.00,3.34,2.00,2.00,2.00,2.00,2.00,10.00,0.00
484,I certify that I am 18 years of age or over,"Yes, I agree to take part",21,Other,Non-binary,Germany,Secondary school,4.67,Never,21-30,1,Within the last week,168.30,0,1,1,0,1,1,1,4,5,0.26,5,3,5,4,5,4.40,0,5,0,5,0,3,0,4,1,5,1,5,5,5,5,5,5,5,2,2,4,4,4,5,5.00,5.00,5.00,2.67,4.33,3.50,4.00,4,3,1,1,4,1,2.67,2.00,2.34,2.00,2.00,2.00,2.00,2.00,10.00,0.00
484,I certify that I am 18 years of age or over,"Yes, I agree to take part",21,Other,Non-binary,Germany,Secondary school,4.67,Never,21-30,1,Within the last week,168.30,0,0,1,1,1,0,1,4,5,0.26,5,4,4,5,5,4.60,0,2,0,4,0,3,0,4,0,2,0,5,5,5,5,5,5,5,3,2,2,2,4,5,5.00,5.00,5.00,2.33,3.67,3.00,4.00,4,3,2,1,4,1,3.00,2.00,2.50,2.00,2.00,2.00,2.00,2.00,10.00,0.00
485,I certify that I am 18 years of age or over,"Yes, I agree to take part",24,Other,Non-binary,Belgium,Postgraduate degree,3.00,Never,11-20,1,Within the last week,121.00,0,0,0,1,1,1,0,3,5,0.80,3,2,4,4,4,3.40,0,0,0,0,0,5,0,0,0,0,0,5,3,3,4,2,3,4,2,3,4,3,3,3,3.33,3.00,3.17,3.00,3.00,3.00,3.00,3,3,2,4,4,2,2.67,3.33,3.00,1.50,1.25,2.25,2.00,1.50,8.50,1.00
485,I certify that I am 18 years of age or over,"Yes, I agree to take part",24,Other,Non-binary,Belgium,Postgraduate degree,3.00,Never,11-20,1,Within the last week,121.00,0,1,1,1,1,1,1,5,5,0.80,5,3,4,5,5,4.40,0,3,0,0,0,0,0,6,0,0,0,5,3,3,4,4,3,4,2,4,4,3,3,3,3.33,3.67,3.50,3.33,3.00,3.17,3.00,3,3,3,4,3,2,3.00,3.00,3.00,3.00,1.25,1.25,2.50,2.50,10.50,1.00
486,I certify that I am 18 years of age or over,"Yes, I agree to take part",32,Female,,United States of America,Undergraduate degree,5.00,Once every 3 months,11-20,1,Within the last 6 months,351.00,0,1,1,0,1,1,1,4,5,1.18,5,3,4,5,5,4.40,0,3,1,2,0,4,0,4,1,5,2,5,5,4,5,5,2,5,3,2,4,4,4,4,4.67,4.00,4.33,3.00,4.00,3.50,5.00,2,3,2,1,3,1,2.33,1.67,2.00,2.00,2.00,2.00,2.00,2.00,10.00,0.00
486,I certify that I am 18 years of age or over,"Yes, I agree to take part",32,Female,,United States of America,Undergraduate degree,5.00,Once every 3 months,11-20,1,Within the last 6 months,351.00,0,0,0,1,1,1,0,3,5,1.18,5,5,5,3,4,4.40,1,1,1,5,0,3,0,2,0,3,2,5,5,4,5,5,4,5,3,4,4,4,4,4,4.67,4.67,4.67,3.67,4.00,3.83,5.00,2,2,1,2,3,2,1.67,2.33,2.00,2.00,2.00,2.00,2.00,2.00,10.00,0.00
487,I certify that I am 18 years of age or over,"Yes, I agree to take part",28,Female,,United States of America,Undergraduate degree,3.33,Never,11-20,1,Within the last month,260.00,1,1,1,0,1,1,1,4,5,0.80,4,4,4,5,4,4.20,0,2,0,4,0,0,0,2,0,4,0,5,4,4,4,4,4,5,3,4,4,4,5,4,4.00,4.33,4.17,3.67,4.33,4.00,4.00,5,4,4,4,3,3,4.33,3.33,3.83,1.50,1.50,1.50,1.50,1.50,7.50,5.00
487,I certify that I am 18 years of age or over,"Yes, I agree to take part",28,Female,,United States of America,Undergraduate degree,3.33,Never,11-20,1,Within the last month,260.00,1,0,1,0,1,0,1,3,5,0.80,2,2,2,4,3,2.60,0,0,0,2,1,2,0,0,0,0,1,5,4,4,5,4,4,5,3,4,5,4,5,4,4.33,4.33,4.33,4.00,4.33,4.17,4.00,5,4,4,4,3,3,4.33,3.33,3.83,1.50,1.50,1.50,1.50,1.50,7.50,5.00
488,I certify that I am 18 years of age or over,"Yes, I agree to take part",31,Female,,United States of America,Further education,4.50,Yearly,21-30,1,Within the last week,280.00,0,1,1,1,1,1,1,5,5,0.98,3,4,5,3,3,3.60,1,1,1,2,0,0,0,3,1,5,3,5,5,5,5,5,5,5,4,3,5,4,5,4,5.00,5.00,5.00,4.00,4.33,4.17,5.00,2,4,2,3,3,3,2.67,3.00,2.84,2.00,2.00,2.00,2.00,2.00,10.00,0.00
488,I certify that I am 18 years of age or over,"Yes, I agree to take part",31,Female,,United States of America,Further education,4.50,Yearly,21-30,1,Within the last week,280.00,0,0,1,1,1,0,1,4,5,0.98,5,4,5,4,5,4.60,1,1,0,4,0,0,1,5,0,3,2,5,5,5,5,5,5,5,4,4,5,5,5,4,5.00,5.00,5.00,4.33,4.67,4.50,5.00,2,4,3,2,3,2,3.00,2.33,2.67,2.00,2.00,2.00,2.00,2.00,10.00,0.00
489,I certify that I am 18 years of age or over,"Yes, I agree to take part",34,Other,Agender,Poland,Further education,3.00,Never,31+,1,Within the last 6 months,160.00,1,1,1,0,1,1,1,4,5,0.87,4,5,3,3,5,4.00,0,3,0,3,0,3,0,4,0,4,0,5,5,3,5,5,4,5,3,2,3,1,5,4,4.33,4.67,4.50,2.67,3.33,3.00,4.00,5,2,4,5,3,5,3.67,4.33,4.00,2.00,2.00,2.00,2.00,2.00,10.00,0.00
489,I certify that I am 18 years of age or over,"Yes, I agree to take part",34,Other,Agender,Poland,Further education,3.00,Never,31+,1,Within the last 6 months,160.00,1,0,0,1,0,1,0,2,5,0.87,4,2,3,3,3,3.00,0,4,0,4,0,1,0,2,0,4,0,5,5,3,4,5,4,5,2,3,3,2,5,4,4.00,4.67,4.33,2.67,3.67,3.17,4.00,5,2,5,5,3,5,4.00,4.33,4.17,2.00,2.00,2.00,2.00,2.00,10.00,0.00
490,I certify that I am 18 years of age or over,"Yes, I agree to take part",34,Male,,United Kingdom,Further education,3.67,Never,11-20,1,Within the last week,800.00,1,1,1,0,1,1,1,4,5,0.92,3,4,4,3,4,3.60,1,1,0,4,0,3,0,0,1,5,2,5,5,4,4,5,4,5,2,4,3,4,5,4,4.33,4.67,4.50,3.00,4.33,3.67,4.00,2,4,2,3,3,1,2.67,2.33,2.50,0.50,2.50,1.00,1.00,2.50,7.50,5.00
490,I certify that I am 18 years of age or over,"Yes, I agree to take part",34,Male,,United Kingdom,Further education,3.67,Never,11-20,1,Within the last week,800.00,1,0,0,1,1,1,0,3,5,0.92,4,5,3,4,5,4.20,0,4,1,5,0,0,0,1,0,0,1,5,5,5,5,5,4,5,2,4,2,4,5,4,5.00,4.67,4.83,2.67,4.33,3.50,4.00,3,4,1,2,4,1,2.67,2.33,2.50,1.00,5.00,0.25,0.25,1.00,7.50,5.00
491,I certify that I am 18 years of age or over,"Yes, I agree to take part",33,Female,,United States of America,Undergraduate degree,5.00,Once every 3 months,21-30,1,Within the last month,325.00,0,1,1,1,1,1,1,5,5,1.11,5,5,4,5,5,4.80,0,3,0,4,0,3,1,5,0,4,1,5,5,5,5,5,5,5,4,4,5,4,5,5,5.00,5.00,5.00,4.33,4.67,4.50,5.00,2,4,2,2,4,2,2.67,2.67,2.67,2.00,1.50,1.50,2.50,2.00,9.50,0.00
491,I certify that I am 18 years of age or over,"Yes, I agree to take part",33,Female,,United States of America,Undergraduate degree,5.00,Once every 3 months,21-30,1,Within the last month,325.00,0,0,1,0,1,1,1,4,5,1.11,3,3,4,4,4,3.60,0,4,0,2,0,3,0,0,0,3,0,5,5,5,5,5,5,5,5,4,5,4,5,5,5.00,5.00,5.00,4.67,4.67,4.67,5.00,3,4,2,2,4,2,3.00,2.67,2.84,2.00,2.00,2.50,2.00,2.00,10.50,0.00
492,I certify that I am 18 years of age or over,"Yes, I agree to take part",18,Female,,Ireland,Further education,4.00,Yearly,11-20,1,Within the last week,50.00,1,1,1,1,1,1,1,5,5,1.14,5,5,4,5,3,4.40,0,3,0,4,0,4,1,5,0,4,1,5,5,4,4,5,4,4,4,4,3,4,4,4,4.33,4.33,4.33,3.67,4.00,3.83,4.00,2,2,2,2,2,2,2.00,2.00,2.00,0.10,0.10,0.10,0.10,0.10,0.50,19.00
492,I certify that I am 18 years of age or over,"Yes, I agree to take part",18,Female,,Ireland,Further education,4.00,Yearly,11-20,1,Within the last week,50.00,1,0,1,0,0,1,0,2,5,1.14,5,4,4,4,4,4.20,0,3,0,0,0,0,0,3,0,0,0,5,5,4,5,5,4,5,5,5,2,4,4,4,4.67,4.67,4.67,4.00,4.00,4.00,5.00,2,2,2,2,2,2,2.00,2.00,2.00,0.10,0.10,0.10,0.10,0.10,0.50,19.00
493,I certify that I am 18 years of age or over,"Yes, I agree to take part",28,Male,,Poland,Postgraduate degree,4.67,Yearly,11-20,1,Within the last week,27.50,0,1,0,0,1,1,1,3,5,0.87,4,4,4,5,4,4.20,0,5,0,5,0,3,1,5,0,4,1,5,5,4,5,5,4,5,5,4,4,3,5,5,4.67,4.67,4.67,4.33,4.33,4.33,5.00,2,1,1,2,3,1,1.33,2.00,1.67,1.50,1.50,1.50,1.50,1.50,7.50,5.00
493,I certify that I am 18 years of age or over,"Yes, I agree to take part",28,Male,,Poland,Postgraduate degree,4.67,Yearly,11-20,1,Within the last week,27.50,0,0,1,0,1,0,1,3,5,0.87,3,4,4,5,4,4.00,0,4,1,5,0,5,0,3,0,4,1,5,5,4,5,4,4,5,5,4,4,4,5,5,4.67,4.33,4.50,4.33,4.67,4.50,5.00,2,1,1,2,3,1,1.33,2.00,1.67,1.50,1.50,1.50,1.50,1.50,7.50,5.00
494,I certify that I am 18 years of age or over,"Yes, I agree to take part",34,Female,,United Kingdom,Undergraduate degree,3.00,Never,21-30,1,Within the last 6 months,160.00,0,0,0,1,1,0,1,3,5,0.75,3,4,3,5,3,3.60,0,4,0,3,0,3,0,4,0,3,0,5,5,5,5,5,5,5,2,2,2,3,4,2,5.00,5.00,5.00,2.00,3.00,2.50,4.00,2,3,2,2,3,2,2.33,2.33,2.33,1.82,1.82,1.82,1.82,1.82,9.10,1.80
494,I certify that I am 18 years of age or over,"Yes, I agree to take part",34,Female,,United Kingdom,Undergraduate degree,3.00,Never,21-30,1,Within the last 6 months,160.00,0,1,1,1,1,1,1,5,5,0.75,4,5,2,5,5,4.20,0,2,0,4,1,1,1,5,1,5,3,5,5,5,5,5,5,5,4,2,2,4,2,3,5.00,5.00,5.00,2.67,3.00,2.83,5.00,1,3,1,3,2,1,1.67,2.00,1.84,1.82,1.82,1.82,1.82,1.82,9.10,1.80
495,I certify that I am 18 years of age or over,"Yes, I agree to take part",29,Other,Non-binary,Canada,Further education,3.17,Never,1-10,1,Within the last 3 months,200.00,1,0,1,1,0,1,0,3,5,0.20,4,2,2,3,3,2.80,1,1,0,2,0,0,0,4,0,3,1,5,5,4,5,5,4,5,2,4,5,4,4,5,4.67,4.67,4.67,3.67,4.33,4.00,5.00,1,2,1,3,3,3,1.33,3.00,2.17,1.00,1.00,1.00,1.00,1.00,5.00,0.00
495,I certify that I am 18 years of age or over,"Yes, I agree to take part",29,Other,Non-binary,Canada,Further education,3.17,Never,1-10,1,Within the last 3 months,200.00,1,1,1,1,1,1,1,5,5,0.20,4,5,3,5,5,4.40,1,1,0,4,0,2,0,0,1,5,2,5,5,4,5,5,3,5,2,4,5,5,3,5,4.67,4.33,4.50,3.67,4.33,4.00,5.00,1,2,1,4,4,1,1.33,3.00,2.17,2.50,5.00,1.00,2.50,4.00,15.00,0.00
496,I certify that I am 18 years of age or over,"Yes, I agree to take part",32,Male,,Canada,Undergraduate degree,4.00,Never,21-30,1,Within the last week,1580.00,1,1,1,1,1,1,1,5,5,0.56,4,4,5,5,5,4.60,1,1,0,3,1,1,1,5,1,5,4,5,5,5,5,5,5,5,3,3,3,4,5,4,5.00,5.00,5.00,3.00,4.33,3.67,4.00,3,1,3,4,4,4,2.33,4.00,3.17,0.00,2.00,0.00,4.00,4.00,10.00,0.00
496,I certify that I am 18 years of age or over,"Yes, I agree to take part",32,Male,,Canada,Undergraduate degree,4.00,Never,21-30,1,Within the last week,1580.00,1,0,1,1,1,1,0,4,5,0.56,5,5,5,4,5,4.80,0,3,0,4,0,3,1,5,1,1,2,5,5,5,5,5,4,5,4,3,5,3,4,4,5.00,4.67,4.83,4.00,3.67,3.83,4.00,3,1,3,3,4,4,2.33,3.67,3.00,0.00,4.00,2.00,4.00,0.00,10.00,0.00
497,I certify that I am 18 years of age or over,"Yes, I agree to take part",25,Male,,France,Undergraduate degree,4.83,Never,21-30,1,Within the last month,246.00,0,1,0,1,1,1,1,4,5,0.92,3,3,2,3,5,3.20,1,1,1,2,1,1,0,2,1,5,4,5,5,5,5,5,5,5,2,2,2,2,5,5,5.00,5.00,5.00,2.00,4.00,3.00,5.00,4,5,1,5,5,1,3.33,3.67,3.50,2.00,2.00,2.00,2.00,2.00,10.00,0.00
497,I certify that I am 18 years of age or over,"Yes, I agree to take part",25,Male,,France,Undergraduate degree,4.83,Never,21-30,1,Within the last month,246.00,0,0,0,1,0,1,1,3,5,0.92,3,4,3,4,3,3.40,0,2,0,4,0,4,0,4,0,3,0,5,5,5,5,5,5,5,5,2,4,5,5,5,5.00,5.00,5.00,3.67,5.00,4.33,5.00,4,5,1,5,5,1,3.33,3.67,3.50,2.00,2.00,2.00,2.00,2.00,10.00,0.00
498,I certify that I am 18 years of age or over,"Yes, I agree to take part",24,Male,,United Kingdom,Postgraduate degree,4.00,Never,21-30,1,Within the last week,815.00,1,1,1,1,1,1,1,5,5,0.57,4,4,4,2,5,3.80,0,0,0,3,1,1,1,5,1,5,3,5,5,3,4,4,3,5,4,4,4,4,5,4,4.00,4.00,4.00,4.00,4.33,4.17,5.00,1,1,2,1,2,2,1.33,1.67,1.50,0.00,0.00,0.00,3.00,5.00,8.00,0.00
498,I certify that I am 18 years of age or over,"Yes, I agree to take part",24,Male,,United Kingdom,Postgraduate degree,4.00,Never,21-30,1,Within the last week,815.00,1,0,1,1,1,1,1,5,5,0.57,3,5,5,3,5,4.20,1,1,1,5,0,1,1,5,1,1,4,5,5,4,5,5,2,5,4,4,5,4,4,4,4.67,4.00,4.33,4.33,4.00,4.17,5.00,1,2,1,1,2,1,1.33,1.33,1.33,0.00,10.00,0.00,2.00,0.00,12.00,0.00
500,I certify that I am 18 years of age or over,"Yes, I agree to take part",35,Male,,United States of America,Undergraduate degree,4.50,Never,11-20,1,Within the last week,300.00,1,1,1,1,1,1,1,5,5,0.74,4,4,4,4,5,4.20,0,2,0,0,1,1,0,0,1,5,2,5,5,3,5,5,3,5,2,3,2,2,3,3,4.33,4.33,4.33,2.33,2.67,2.50,3.00,3,2,2,3,2,2,2.33,2.33,2.33,1.00,1.00,0.00,1.00,12.00,15.00,0.00
500,I certify that I am 18 years of age or over,"Yes, I agree to take part",35,Male,,United States of America,Undergraduate degree,4.50,Never,11-20,1,Within the last week,300.00,1,0,0,1,1,0,1,3,5,0.74,2,3,5,4,5,3.80,0,3,0,0,0,1,0,2,0,0,0,5,5,3,5,4,2,5,3,2,4,3,3,3,4.33,3.67,4.00,3.00,3.00,3.00,4.00,3,2,2,3,3,3,2.33,3.00,2.67,1.00,1.00,1.00,1.00,1.00,5.00,0.00
501,I certify that I am 18 years of age or over,"Yes, I agree to take part",27,Other,Non-binary,United States of America,Postgraduate degree,4.00,Yearly,11-20,1,Within the last week,56.00,0,1,1,0,1,0,1,3,5,0.05,5,3,4,5,5,4.40,0,0,0,0,0,0,0,0,0,0,0,5,5,5,5,4,5,5,3,4,4,4,4,4,5.00,4.67,4.83,3.67,4.00,3.83,5.00,3,4,3,1,3,1,3.33,1.67,2.50,2.00,2.00,2.00,2.00,2.00,10.00,0.00
501,I certify that I am 18 years of age or over,"Yes, I agree to take part",27,Other,Non-binary,United States of America,Postgraduate degree,4.00,Yearly,11-20,1,Within the last week,56.00,0,0,0,0,0,1,0,1,5,0.05,3,2,5,5,3,3.60,0,0,0,1,0,0,0,0,0,0,0,5,5,5,5,5,5,5,4,4,4,4,4,4,5.00,5.00,5.00,4.00,4.00,4.00,5.00,3,4,3,3,4,1,3.33,2.67,3.00,2.00,2.00,2.00,2.00,2.00,10.00,0.00
502,I certify that I am 18 years of age or over,"Yes, I agree to take part",19,Male,,United Kingdom,Further education,4.50,Never,1-10,1,Within the last week,560.00,0,0,0,0,1,1,0,2,5,0.71,4,3,4,5,5,4.20,1,1,0,3,0,1,0,1,0,3,1,5,5,5,5,5,4,5,4,4,5,5,5,5,5.00,4.67,4.83,4.33,5.00,4.67,5.00,1,4,1,2,2,1,2.00,1.67,1.84,0.10,2.00,0.50,0.50,0.10,3.20,7.60
502,I certify that I am 18 years of age or over,"Yes, I agree to take part",19,Male,,United Kingdom,Further education,4.50,Never,1-10,1,Within the last week,560.00,0,1,1,1,1,1,1,5,5,0.71,5,5,4,5,5,4.80,0,3,0,4,1,1,1,5,1,5,3,5,5,5,5,5,4,5,3,4,5,5,4,4,5.00,4.67,4.83,4.00,4.33,4.17,5.00,1,4,1,2,3,1,2.00,2.00,2.00,0.10,1.00,0.10,4.00,4.00,9.20,7.60
503,I certify that I am 18 years of age or over,"Yes, I agree to take part",38,Female,,Canada,Further education,3.50,Yearly,21-30,1,Within the last week,631.00,0,0,0,1,1,1,1,4,5,0.79,3,5,4,3,5,4.00,1,1,0,3,1,2,1,5,0,4,3,5,5,4,5,5,4,5,3,4,4,4,3,4,4.67,4.67,4.67,3.67,3.67,3.67,4.00,3,2,2,3,4,3,2.33,3.33,2.83,1.00,2.00,1.00,2.00,2.00,8.00,0.00
503,I certify that I am 18 years of age or over,"Yes, I agree to take part",38,Female,,Canada,Further education,3.50,Yearly,21-30,1,Within the last week,631.00,0,1,1,1,1,1,1,5,5,0.79,5,4,4,5,5,4.60,0,2,0,3,0,2,0,1,0,4,0,5,5,4,5,5,5,5,3,3,4,3,4,4,4.67,5.00,4.83,3.33,3.67,3.50,4.00,3,2,3,4,4,3,2.67,3.67,3.17,2.00,2.00,3.00,3.00,2.00,12.00,0.00
504,I certify that I am 18 years of age or over,"Yes, I agree to take part",38,Female,,United States of America,Postgraduate degree,4.00,Never,11-20,1,Within the last week,150.00,0,0,0,1,0,1,1,3,5,0.50,2,2,3,4,2,2.60,0,0,0,0,0,0,0,1,0,0,0,5,5,3,4,4,3,4,2,2,2,4,4,4,4.00,3.67,3.83,2.00,4.00,3.00,4.00,4,4,4,4,4,4,4.00,4.00,4.00,2.00,2.00,2.00,2.00,2.00,10.00,0.00
504,I certify that I am 18 years of age or over,"Yes, I agree to take part",38,Female,,United States of America,Postgraduate degree,4.00,Never,11-20,1,Within the last week,150.00,0,1,0,0,1,0,1,2,5,0.50,4,4,4,4,4,4.00,0,0,1,2,0,0,0,0,0,0,1,5,4,2,4,5,3,5,2,4,4,4,4,4,3.33,4.33,3.83,3.33,4.00,3.67,5.00,4,4,2,3,4,4,3.33,3.67,3.50,2.00,2.00,2.00,2.00,2.00,10.00,0.00
505,I certify that I am 18 years of age or over,"Yes, I agree to take part",18,Other,"Trans-masc, Non-Binary",United States of America,Secondary school,5.00,Once every 6 months,31+,1,Within the last month,120.00,0,1,1,0,1,1,1,4,5,0.30,3,3,4,4,5,3.80,0,0,0,0,0,3,0,4,1,5,1,5,5,3,5,4,3,5,4,5,5,4,5,5,4.33,4.00,4.17,4.67,4.67,4.67,5.00,1,1,1,2,4,3,1.00,3.00,2.00,0.40,0.50,0.40,3.50,5.20,10.00,0.00
505,I certify that I am 18 years of age or over,"Yes, I agree to take part",18,Other,"Trans-masc, Non-Binary",United States of America,Secondary school,5.00,Once every 6 months,31+,1,Within the last month,120.00,0,0,1,1,1,1,1,5,5,0.30,5,3,5,4,4,4.20,1,1,0,4,1,2,1,5,1,1,4,5,5,3,5,5,3,5,3,4,5,4,4,5,4.33,4.33,4.33,4.00,4.33,4.17,5.00,1,1,1,2,4,2,1.00,2.67,1.84,0.40,5.20,0.50,3.50,0.40,10.00,0.00
508,I certify that I am 18 years of age or over,"Yes, I agree to take part",28,Female,,Canada,Undergraduate degree,4.17,Never,1-10,1,Within the last week,300.00,0,0,1,1,1,0,1,4,5,-0.08,4,5,4,3,5,4.20,1,1,1,5,0,3,0,2,0,3,2,5,4,4,4,5,5,5,3,4,4,4,4,4,4.00,5.00,4.50,3.67,4.00,3.83,5.00,1,1,1,1,1,1,1.00,1.00,1.00,0.00,7.50,0.00,0.00,0.00,7.50,0.00
508,I certify that I am 18 years of age or over,"Yes, I agree to take part",28,Female,,Canada,Undergraduate degree,4.17,Never,1-10,1,Within the last week,300.00,0,1,1,1,1,0,1,4,5,-0.08,5,5,5,4,5,4.80,0,4,0,3,0,2,0,4,1,5,1,5,5,4,4,5,4,5,3,3,4,3,4,4,4.33,4.67,4.50,3.33,3.67,3.50,5.00,1,1,1,1,1,1,1.00,1.00,1.00,0.00,0.00,2.50,2.50,7.50,12.50,0.00
509,I certify that I am 18 years of age or over,"Yes, I agree to take part",26,Female,,United States of America,Undergraduate degree,4.83,Yearly,1-10,1,Within the last 6 months,232.00,1,1,1,1,1,1,1,5,5,0.86,4,4,4,4,3,3.80,1,1,0,4,0,2,0,4,0,1,1,5,5,4,5,5,4,5,4,4,3,4,5,5,4.67,4.67,4.67,3.67,4.67,4.17,5.00,3,4,4,3,4,4,3.67,3.67,3.67,1.28,1.28,3.08,3.08,1.28,10.00,0.00
509,I certify that I am 18 years of age or over,"Yes, I agree to take part",26,Female,,United States of America,Undergraduate degree,4.83,Yearly,1-10,1,Within the last 6 months,232.00,1,0,0,1,1,1,1,4,5,0.86,3,4,4,4,3,3.60,0,2,0,3,1,2,0,1,0,3,1,5,5,4,5,5,4,5,3,4,3,4,5,5,4.67,4.67,4.67,3.33,4.67,4.00,5.00,3,4,2,2,4,4,3.00,3.33,3.17,1.28,3.08,1.28,3.08,1.28,10.00,0.00
510,I certify that I am 18 years of age or over,"Yes, I agree to take part",30,Other,He/They,United States of America,Postgraduate degree,4.83,Once every 3 months,1-10,1,Within the last month,200.00,0,0,1,1,1,1,1,5,5,0.18,4,4,5,3,5,4.20,0,3,1,5,1,2,0,3,0,3,2,5,5,3,4,5,4,5,4,4,3,3,4,3,4.00,4.67,4.33,3.67,3.33,3.50,5.00,3,2,3,4,4,2,2.67,3.33,3.00,0.50,5.00,2.00,0.50,0.50,8.50,0.00
510,I certify that I am 18 years of age or over,"Yes, I agree to take part",30,Other,He/They,United States of America,Postgraduate degree,4.83,Once every 3 months,1-10,1,Within the last month,200.00,0,1,1,1,1,1,1,5,5,0.18,5,5,4,4,5,4.60,1,1,0,3,1,1,0,4,0,4,2,5,5,4,4,5,4,5,2,4,4,4,4,4,4.33,4.67,4.50,3.33,4.00,3.67,5.00,2,3,4,4,4,2,3.00,3.33,3.17,2.00,3.00,0.50,1.00,5.00,11.50,0.00
511,I certify that I am 18 years of age or over,"Yes, I agree to take part",31,Female,,Canada,Postgraduate degree,4.00,Yearly,1-10,1,Within the last week,200.00,0,0,0,1,1,1,1,4,5,0.84,4,3,3,4,4,3.60,1,1,0,3,0,1,0,4,1,1,2,5,5,2,5,5,2,5,5,5,5,5,5,5,4.00,4.00,4.00,5.00,5.00,5.00,5.00,1,1,1,4,4,3,1.00,3.67,2.34,2.00,2.00,1.00,2.00,2.00,9.00,0.00
511,I certify that I am 18 years of age or over,"Yes, I agree to take part",31,Female,,Canada,Postgraduate degree,4.00,Yearly,1-10,1,Within the last week,200.00,0,1,1,1,1,1,1,5,5,0.84,4,5,4,5,5,4.60,1,1,0,5,0,2,0,3,0,4,1,5,5,3,5,5,3,5,5,5,5,5,5,5,4.33,4.33,4.33,5.00,5.00,5.00,5.00,1,1,1,3,4,2,1.00,3.00,2.00,0.00,5.00,0.00,2.00,4.00,11.00,0.00
512,I certify that I am 18 years of age or over,"Yes, I agree to take part",32,Female,,United States of America,Postgraduate degree,4.83,Yearly,11-20,1,Within the last year,50.00,1,0,0,1,0,1,1,3,5,1.06,3,4,3,5,3,3.60,0,4,0,3,0,0,0,4,0,3,0,5,5,5,5,5,4,5,3,3,4,4,5,4,5.00,4.67,4.83,3.33,4.33,3.83,5.00,3,3,2,3,2,2,2.67,2.33,2.50,0.10,0.70,0.70,3.00,0.10,4.60,0.00
512,I certify that I am 18 years of age or over,"Yes, I agree to take part",32,Female,,United States of America,Postgraduate degree,4.83,Yearly,11-20,1,Within the last year,50.00,1,1,1,1,1,0,1,4,5,1.06,5,3,4,5,5,4.40,0,3,0,1,0,5,0,4,1,5,1,5,5,5,5,4,4,5,2,3,4,4,4,4,5.00,4.33,4.67,3.00,4.00,3.50,5.00,4,3,3,3,4,4,3.33,3.67,3.50,2.00,2.00,0.70,0.70,10.00,15.40,0.00
513,I certify that I am 18 years of age or over,"Yes, I agree to take part",28,Male,,United States of America,Further education,4.67,Once every 6 months,21-30,1,Within the last 6 months,400.00,0,0,1,1,1,1,1,5,5,0.38,5,5,4,4,5,4.60,1,1,0,4,0,0,0,0,0,3,1,5,5,4,5,5,4,5,3,3,3,5,4,5,4.67,4.67,4.67,3.00,4.67,3.83,5.00,1,3,2,5,5,5,2.00,5.00,3.50,0.00,5.00,1.00,1.00,1.00,8.00,0.00
513,I certify that I am 18 years of age or over,"Yes, I agree to take part",28,Male,,United States of America,Further education,4.67,Once every 6 months,21-30,1,Within the last 6 months,400.00,0,1,1,1,1,1,1,5,5,0.38,4,3,4,5,5,4.20,0,3,0,1,0,3,0,4,1,5,1,5,5,5,5,5,4,5,3,3,3,4,3,5,5.00,4.67,4.83,3.00,4.00,3.50,5.00,1,3,1,1,5,3,1.67,3.00,2.34,2.00,2.00,1.00,5.00,2.00,12.00,0.00
514,I certify that I am 18 years of age or over,"Yes, I agree to take part",25,Female,,Germany,Undergraduate degree,2.83,Never,11-20,1,Within the last 3 months,200.00,0,0,0,0,0,0,0,0,5,1.25,1,1,2,2,4,2.00,0,3,0,3,0,3,0,2,0,4,0,5,5,4,5,5,4,5,4,4,4,4,4,4,4.67,4.67,4.67,4.00,4.00,4.00,4.00,2,2,2,4,2,2,2.00,2.67,2.34,0.00,2.50,0.00,0.00,2.50,5.00,0.00
514,I certify that I am 18 years of age or over,"Yes, I agree to take part",25,Female,,Germany,Undergraduate degree,2.83,Never,11-20,1,Within the last 3 months,200.00,0,1,0,0,1,0,0,1,5,1.25,4,5,2,5,4,4.00,0,3,0,1,1,1,0,1,0,4,1,5,4,4,4,5,4,5,4,4,4,4,4,4,4.00,4.67,4.33,4.00,4.00,4.00,5.00,2,2,2,4,2,2,2.00,2.67,2.34,2.50,10.00,0.00,2.50,0.00,15.00,0.00
515,I certify that I am 18 years of age or over,"Yes, I agree to take part",41,Female,,United Kingdom,Undergraduate degree,4.83,Yearly,21-30,1,Within the last 3 months,462.90,1,1,1,0,1,1,1,4,5,0.71,4,4,3,4,5,4.00,1,1,0,1,1,1,0,1,1,5,3,5,5,4,5,5,4,5,1,2,2,2,4,4,4.67,4.67,4.67,1.67,3.33,2.50,4.00,4,2,3,4,4,2,3.00,3.33,3.17,0.00,0.00,5.00,0.00,15.00,20.00,0.00
515,I certify that I am 18 years of age or over,"Yes, I agree to take part",41,Female,,United Kingdom,Undergraduate degree,4.83,Yearly,21-30,1,Within the last 3 months,462.90,1,0,0,1,1,1,0,3,5,0.71,3,3,4,3,5,3.60,1,1,0,0,1,2,0,2,0,2,2,5,5,4,5,5,4,5,1,2,3,2,3,3,4.67,4.67,4.67,2.00,2.67,2.33,5.00,4,3,4,4,4,3,3.67,3.67,3.67,0.00,0.00,0.00,0.00,0.00,0.00,0.00
516,I certify that I am 18 years of age or over,"Yes, I agree to take part",42,Female,,Canada,Further education,4.00,Yearly,1-10,1,Within the last week,2500.00,0,1,1,0,1,0,1,3,5,0.44,2,3,4,3,3,3.00,0,0,0,0,0,2,0,0,0,0,0,5,5,4,5,5,5,5,4,5,5,4,4,5,4.67,5.00,4.83,4.67,4.33,4.50,5.00,2,2,2,4,4,4,2.00,4.00,3.00,1.00,1.00,0.50,1.00,1.00,4.50,0.00
516,I certify that I am 18 years of age or over,"Yes, I agree to take part",42,Female,,Canada,Further education,4.00,Yearly,1-10,1,Within the last week,2500.00,0,0,1,0,0,1,0,2,5,0.44,5,4,4,5,5,4.60,1,1,0,4,1,2,1,5,0,4,3,5,5,5,5,5,4,4,4,5,4,4,5,5,5.00,4.33,4.67,4.33,4.67,4.50,5.00,2,2,2,4,4,4,2.00,4.00,3.00,0.50,1.00,3.00,6.00,5.00,15.50,0.00
517,I certify that I am 18 years of age or over,"Yes, I agree to take part",35,Female,,Australia,Undergraduate degree,3.83,Never,11-20,1,Within the last week,75.00,0,1,1,0,1,1,0,3,5,0.24,3,3,3,4,3,3.20,0,0,0,0,0,0,0,0,0,0,0,5,5,4,5,5,4,5,4,2,2,2,3,2,4.67,4.67,4.67,2.67,2.33,2.50,4.00,4,4,2,3,3,3,3.33,3.00,3.17,2.00,2.00,2.00,2.00,2.00,10.00,0.00
517,I certify that I am 18 years of age or over,"Yes, I agree to take part",35,Female,,Australia,Undergraduate degree,3.83,Never,11-20,1,Within the last week,75.00,0,0,0,1,0,1,0,2,5,0.24,3,3,3,3,4,3.20,0,0,0,0,0,0,0,0,0,0,0,5,5,3,5,5,4,5,2,2,2,2,3,4,4.33,4.67,4.50,2.00,3.00,2.50,4.00,4,4,2,4,3,3,3.33,3.33,3.33,2.00,2.00,2.00,2.00,2.00,10.00,0.00
518,I certify that I am 18 years of age or over,"Yes, I agree to take part",35,Female,,United States of America,Postgraduate degree,3.33,Yearly,11-20,1,Within the last year,130.00,1,1,0,0,0,0,1,1,5,-0.15,3,5,2,4,5,3.80,0,0,0,3,0,0,0,4,0,4,0,5,5,3,5,5,4,5,3,4,4,4,5,4,4.33,4.67,4.50,3.67,4.33,4.00,5.00,2,1,3,2,2,2,2.00,2.00,2.00,1.00,3.00,0.50,2.00,3.00,9.50,0.00
518,I certify that I am 18 years of age or over,"Yes, I agree to take part",35,Female,,United States of America,Postgraduate degree,3.33,Yearly,11-20,1,Within the last year,130.00,1,0,0,1,1,1,0,3,5,-0.15,3,3,4,4,3,3.40,1,1,0,0,0,3,0,0,0,3,1,5,5,4,5,5,4,5,3,4,5,3,4,4,4.67,4.67,4.67,4.00,3.67,3.83,5.00,2,1,3,2,2,3,2.00,2.33,2.17,0.50,2.50,2.00,3.00,2.50,10.50,0.00
519,I certify that I am 18 years of age or over,"Yes, I agree to take part",30,Female,,United States of America,Undergraduate degree,4.00,Yearly,11-20,1,Within the last week,225.00,1,1,1,0,1,1,0,3,5,0.42,3,3,3,3,3,3.00,1,1,0,4,1,1,0,4,0,4,2,5,5,5,5,5,5,5,4,3,4,4,4,4,5.00,5.00,5.00,3.67,4.00,3.83,4.00,3,3,4,2,3,3,3.33,2.67,3.00,2.00,1.00,3.00,1.00,3.00,10.00,0.00
519,I certify that I am 18 years of age or over,"Yes, I agree to take part",30,Female,,United States of America,Undergraduate degree,4.00,Yearly,11-20,1,Within the last week,225.00,1,0,0,1,1,1,0,3,5,0.42,3,3,3,3,3,3.00,0,2,0,4,0,4,0,3,1,1,1,5,5,5,5,5,5,3,4,3,4,2,4,4,5.00,4.33,4.67,3.67,3.33,3.50,4.00,3,4,4,3,4,3,3.67,3.33,3.50,0.75,0.75,3.00,2.50,3.00,10.00,0.00
520,I certify that I am 18 years of age or over,"Yes, I agree to take part",23,Male,,United States of America,Undergraduate degree,4.83,Never,1-10,1,Within the last month,300.00,1,0,1,1,1,0,1,4,5,0.44,4,2,5,3,4,3.60,0,4,0,3,0,5,1,5,0,3,1,5,5,5,5,5,5,5,4,4,4,4,4,4,5.00,5.00,5.00,4.00,4.00,4.00,5.00,2,4,2,2,4,4,2.67,3.33,3.00,1.00,1.00,2.50,1.50,1.50,7.50,0.00
520,I certify that I am 18 years of age or over,"Yes, I agree to take part",23,Male,,United States of America,Undergraduate degree,4.83,Never,1-10,1,Within the last month,300.00,1,1,1,1,1,1,1,5,5,0.44,4,2,5,5,5,4.20,1,1,0,4,0,5,0,2,1,5,2,5,5,4,5,5,5,5,4,4,5,4,4,5,4.67,5.00,4.83,4.33,4.33,4.33,5.00,4,4,2,4,4,2,3.33,3.33,3.33,1.00,1.00,2.50,3.00,5.00,12.50,0.00
521,I certify that I am 18 years of age or over,"Yes, I agree to take part",19,Female,,Sweden,Further education,4.67,Never,1-10,1,Within the last month,150.00,1,1,1,1,1,1,1,5,5,0.18,4,3,4,3,4,3.60,1,1,0,0,0,0,0,0,0,4,1,5,4,4,5,4,3,4,3,4,2,4,4,5,4.33,3.67,4.00,3.00,4.33,3.67,4.00,4,3,4,4,4,3,3.67,3.67,3.67,1.00,2.00,1.00,2.50,3.00,9.50,0.00
521,I certify that I am 18 years of age or over,"Yes, I agree to take part",19,Female,,Sweden,Further education,4.67,Never,1-10,1,Within the last month,150.00,1,0,1,1,1,1,1,5,5,0.18,5,3,4,3,4,3.80,1,1,0,0,1,2,1,5,0,0,3,5,5,3,4,5,2,4,4,4,3,4,5,5,4.00,3.67,3.83,3.67,4.67,4.17,5.00,4,4,4,5,2,3,4.00,3.33,3.67,1.00,2.50,2.00,3.00,2.00,10.50,0.00
522,I certify that I am 18 years of age or over,"Yes, I agree to take part",20,Female,,United Kingdom,Further education,3.50,Yearly,11-20,1,Within the last week,240.00,0,0,0,1,0,1,0,2,5,0.03,3,4,3,4,5,3.80,0,3,1,5,1,2,0,4,0,3,2,5,5,5,5,5,5,5,2,4,5,4,5,5,5.00,5.00,5.00,3.67,4.67,4.17,4.00,1,2,1,1,4,1,1.33,2.00,1.67,1.00,5.00,1.00,1.00,1.00,9.00,0.00
522,I certify that I am 18 years of age or over,"Yes, I agree to take part",20,Female,,United Kingdom,Further education,3.50,Yearly,11-20,1,Within the last week,240.00,0,1,1,1,1,1,1,5,5,0.03,5,5,4,4,5,4.60,0,2,0,4,0,4,0,4,1,5,1,5,5,5,5,5,5,5,4,4,5,4,5,5,5.00,5.00,5.00,4.33,4.67,4.50,5.00,1,2,1,1,4,1,1.33,2.00,1.67,1.00,2.00,1.00,2.00,5.00,11.00,0.00
523,I certify that I am 18 years of age or over,"Yes, I agree to take part",35,Female,,Australia,Postgraduate degree,4.67,Yearly,1-10,1,Within the last month,40.00,0,1,1,1,1,1,1,5,5,0.64,5,4,5,5,5,4.80,0,4,0,4,0,3,0,4,1,5,1,5,5,5,5,5,5,5,2,1,2,2,2,4,5.00,5.00,5.00,1.67,2.67,2.17,5.00,1,1,1,1,4,1,1.00,2.00,1.50,0.30,0.40,0.30,4.50,4.50,10.00,0.00
523,I certify that I am 18 years of age or over,"Yes, I agree to take part",35,Female,,Australia,Postgraduate degree,4.67,Yearly,1-10,1,Within the last month,40.00,0,0,0,1,1,0,0,2,5,0.64,3,4,5,5,3,4.00,1,1,0,2,0,3,0,3,1,1,2,5,5,5,5,5,5,5,2,4,2,4,2,2,5.00,5.00,5.00,2.67,2.67,2.67,5.00,1,1,1,1,4,1,1.00,2.00,1.50,0.30,4.50,0.40,4.50,0.30,10.00,0.00
524,I certify that I am 18 years of age or over,"Yes, I agree to take part",35,Male,,Germany,Postgraduate degree,4.00,Never,21-30,1,Within the last 3 months,100.00,1,1,1,1,1,1,1,5,5,0.61,5,3,4,3,5,4.00,0,3,0,5,0,2,0,4,1,5,1,5,5,4,5,5,4,5,3,3,3,3,3,3,4.67,4.67,4.67,3.00,3.00,3.00,4.00,3,5,3,3,5,3,3.67,3.67,3.67,2.00,2.00,2.00,2.00,2.00,10.00,0.00
524,I certify that I am 18 years of age or over,"Yes, I agree to take part",35,Male,,Germany,Postgraduate degree,4.00,Never,21-30,1,Within the last 3 months,100.00,1,0,1,1,1,1,1,5,5,0.61,4,4,5,3,4,4.00,0,4,1,5,0,3,1,5,0,2,2,5,5,5,5,5,5,5,3,3,3,3,3,3,5.00,5.00,5.00,3.00,3.00,3.00,5.00,3,5,3,3,5,3,3.67,3.67,3.67,2.00,2.00,2.00,2.00,2.00,10.00,0.00
525,I certify that I am 18 years of age or over,"Yes, I agree to take part",28,Male,,United States of America,Undergraduate degree,3.83,Yearly,11-20,1,Within the last 6 months,50.00,0,0,0,1,1,0,0,2,5,1.02,4,5,5,4,5,4.60,1,1,0,3,0,3,0,2,1,1,2,5,5,5,5,5,5,5,4,4,4,4,4,4,5.00,5.00,5.00,4.00,4.00,4.00,4.00,1,1,2,3,3,3,1.33,3.00,2.17,0.00,10.00,0.00,0.00,0.00,10.00,0.00
525,I certify that I am 18 years of age or over,"Yes, I agree to take part",28,Male,,United States of America,Undergraduate degree,3.83,Yearly,11-20,1,Within the last 6 months,50.00,0,1,1,0,1,0,1,3,5,1.02,5,5,4,4,5,4.60,0,3,1,2,1,1,0,4,1,5,3,5,5,5,5,5,5,5,4,4,4,4,4,4,5.00,5.00,5.00,4.00,4.00,4.00,5.00,1,1,1,1,3,3,1.00,2.33,1.67,0.00,0.00,0.00,0.00,10.00,10.00,0.00
526,I certify that I am 18 years of age or over,"Yes, I agree to take part",22,Female,,United Kingdom,Undergraduate degree,4.00,Never,31+,1,Within the last 3 months,112.00,1,1,1,0,1,1,1,4,5,0.17,5,3,4,2,4,3.60,0,2,0,3,1,1,1,5,0,4,2,5,5,4,5,5,4,5,3,3,4,3,4,4,4.67,4.67,4.67,3.33,3.67,3.50,4.00,4,4,4,4,5,4,4.00,4.33,4.17,2.00,2.00,2.25,1.50,2.00,9.75,0.00
526,I certify that I am 18 years of age or over,"Yes, I agree to take part",22,Female,,United Kingdom,Undergraduate degree,4.00,Never,31+,1,Within the last 3 months,112.00,1,0,1,1,1,1,1,5,5,0.17,4,4,3,3,4,3.60,1,1,1,5,0,0,0,4,0,0,2,5,5,4,5,5,4,5,4,4,4,4,4,4,4.67,4.67,4.67,4.00,4.00,4.00,4.00,4,4,4,4,5,4,4.00,4.33,4.17,2.25,2.50,2.00,1.50,2.00,10.25,0.00
527,I certify that I am 18 years of age or over,"Yes, I agree to take part",33,Female,,United States of America,Secondary school,4.33,Yearly,11-20,1,Within the last month,820.00,1,0,1,1,1,1,0,4,5,1.09,4,5,5,4,4,4.40,1,1,0,2,1,2,0,3,0,3,2,5,5,4,5,5,2,5,2,2,2,2,5,5,4.67,4.00,4.33,2.00,4.00,3.00,5.00,1,2,1,2,2,2,1.33,2.00,1.67,0.00,0.00,0.00,0.00,0.00,0.00,17.00
527,I certify that I am 18 years of age or over,"Yes, I agree to take part",33,Female,,United States of America,Secondary school,4.33,Yearly,11-20,1,Within the last month,820.00,1,1,1,1,1,0,1,4,5,1.09,4,5,5,4,5,4.60,1,1,0,4,1,1,0,3,0,4,2,5,5,4,5,5,2,5,2,4,4,2,4,4,4.67,4.00,4.33,3.33,3.33,3.33,5.00,1,2,2,2,2,2,1.67,2.00,1.84,0.00,2.00,0.00,0.00,1.00,3.00,17.00
528,I certify that I am 18 years of age or over,"Yes, I agree to take part",37,Male,,United Kingdom,Undergraduate degree,4.00,Never,1-10,1,Within the last month,450.00,1,1,1,0,1,1,1,4,5,0.64,4,5,4,5,5,4.60,0,2,0,1,0,3,0,3,0,3,0,5,5,5,4,5,5,5,4,4,3,3,2,4,4.67,5.00,4.83,3.67,3.00,3.33,4.00,2,1,2,3,3,3,1.67,3.00,2.34,2.00,2.00,2.00,2.00,2.00,10.00,0.00
528,I certify that I am 18 years of age or over,"Yes, I agree to take part",37,Male,,United Kingdom,Undergraduate degree,4.00,Never,1-10,1,Within the last month,450.00,1,0,1,0,1,1,0,3,5,0.64,3,3,4,3,3,3.20,0,4,0,3,0,4,1,5,0,4,1,5,5,5,5,5,5,5,4,3,2,3,3,4,5.00,5.00,5.00,3.00,3.33,3.17,4.00,3,2,3,2,2,2,2.67,2.00,2.34,2.00,2.00,2.00,2.00,2.00,10.00,0.00
529,I certify that I am 18 years of age or over,"Yes, I agree to take part",36,Other,Prefer not to say,Finland,Postgraduate degree,4.17,Yearly,11-20,1,Within the last week,360.00,1,1,1,1,1,1,1,5,5,0.69,4,5,4,4,5,4.40,0,2,0,4,1,1,0,4,0,4,1,5,5,3,5,5,3,5,2,3,4,3,3,4,4.33,4.33,4.33,3.00,3.33,3.17,4.00,1,3,1,1,4,1,1.67,2.00,1.84,2.00,2.00,2.00,2.00,2.00,10.00,0.00
529,I certify that I am 18 years of age or over,"Yes, I agree to take part",36,Other,Prefer not to say,Finland,Postgraduate degree,4.17,Yearly,11-20,1,Within the last week,360.00,1,0,0,1,1,0,1,3,5,0.69,4,4,4,5,4,4.20,0,3,0,1,0,3,0,1,0,3,0,5,5,3,4,4,3,5,3,2,4,3,4,4,4.00,4.00,4.00,3.00,3.67,3.33,4.00,1,4,1,1,4,1,2.00,2.00,2.00,2.00,2.00,2.00,2.00,2.00,10.00,0.00
530,I certify that I am 18 years of age or over,"Yes, I agree to take part",30,Female,,United Kingdom,Postgraduate degree,4.33,Monthly,11-20,1,Within the last week,414.20,1,1,1,0,1,1,1,4,5,0.86,5,4,5,5,5,4.80,0,3,1,2,0,3,0,1,1,5,2,5,5,5,5,5,5,5,5,5,5,5,5,5,5.00,5.00,5.00,5.00,5.00,5.00,5.00,2,1,1,4,4,4,1.33,4.00,2.67,2.00,2.00,2.00,2.00,2.00,10.00,0.00
530,I certify that I am 18 years of age or over,"Yes, I agree to take part",30,Female,,United Kingdom,Postgraduate degree,4.33,Monthly,11-20,1,Within the last week,414.20,1,0,0,1,1,1,0,3,5,0.86,5,4,5,5,4,4.60,0,3,0,1,0,1,0,4,1,1,1,5,5,5,4,5,5,4,4,5,5,5,5,5,4.67,4.67,4.67,4.67,5.00,4.83,5.00,1,2,1,4,4,4,1.33,4.00,2.67,2.00,2.00,2.00,2.00,2.00,10.00,0.00
531,I certify that I am 18 years of age or over,"Yes, I agree to take part",38,Female,,United States of America,Secondary school,3.33,Never,11-20,1,Within the last month,370.00,1,1,1,0,1,1,1,4,5,0.97,3,4,3,5,3,3.60,1,1,0,5,0,2,1,5,0,4,2,5,5,4,4,5,4,4,2,3,3,3,4,3,4.33,4.33,4.33,2.67,3.33,3.00,2.00,2,3,2,2,2,2,2.33,2.00,2.17,1.00,2.50,1.00,3.00,2.50,10.00,0.00
531,I certify that I am 18 years of age or over,"Yes, I agree to take part",38,Female,,United States of America,Secondary school,3.33,Never,11-20,1,Within the last month,370.00,1,0,1,1,1,1,1,5,5,0.97,4,3,4,3,4,3.60,0,2,0,0,0,3,0,4,0,0,0,5,5,3,4,5,5,5,2,2,2,3,4,3,4.00,5.00,4.50,2.00,3.33,2.67,2.00,2,3,2,2,2,2,2.33,2.00,2.17,1.00,2.50,2.00,2.50,2.00,10.00,0.00
532,I certify that I am 18 years of age or over,"Yes, I agree to take part",32,Female,,Germany,Further education,2.33,Never,21-30,1,Within the last week,2000.00,0,1,0,0,1,1,1,3,5,0.90,4,3,5,3,4,3.80,0,2,0,4,0,4,0,3,1,5,1,5,5,5,5,5,5,5,5,5,5,5,5,5,5.00,5.00,5.00,5.00,5.00,5.00,5.00,1,1,1,1,1,1,1.00,1.00,1.00,2.00,2.00,2.00,2.00,2.00,10.00,0.00
532,I certify that I am 18 years of age or over,"Yes, I agree to take part",32,Female,,Germany,Further education,2.33,Never,21-30,1,Within the last week,2000.00,0,0,0,1,0,1,0,2,5,0.90,4,2,4,3,4,3.40,0,2,1,5,0,4,0,2,0,5,1,5,5,5,5,5,5,5,5,5,5,5,5,5,5.00,5.00,5.00,5.00,5.00,5.00,5.00,1,1,1,1,1,1,1.00,1.00,1.00,2.00,2.00,2.00,2.00,2.00,10.00,0.00
533,I certify that I am 18 years of age or over,"Yes, I agree to take part",23,Female,,Belgium,Undergraduate degree,3.00,Never,31+,1,Within the last month,180.00,0,1,0,0,1,0,1,2,5,0.72,4,4,2,5,4,3.80,0,3,0,1,0,2,1,5,1,5,2,5,5,5,5,5,5,5,1,4,4,2,5,4,5.00,5.00,5.00,3.00,3.67,3.33,4.00,4,4,4,4,4,5,4.00,4.33,4.17,2.00,2.00,0.00,4.00,2.00,10.00,0.00
533,I certify that I am 18 years of age or over,"Yes, I agree to take part",23,Female,,Belgium,Undergraduate degree,3.00,Never,31+,1,Within the last month,180.00,0,0,1,1,0,0,0,2,5,0.72,3,4,4,3,5,3.80,1,1,0,0,0,0,0,0,0,5,1,5,5,5,5,5,5,5,1,5,5,4,5,4,5.00,5.00,5.00,3.67,4.33,4.00,5.00,4,5,5,4,4,5,4.67,4.33,4.50,2.00,2.00,2.00,2.00,2.00,10.00,0.00
534,I certify that I am 18 years of age or over,"Yes, I agree to take part",32,Male,,Portugal,Postgraduate degree,4.83,Yearly,11-20,1,Within the last week,80.00,0,1,1,0,1,1,1,4,5,0.39,3,5,5,5,3,4.20,0,4,0,3,1,1,0,1,1,5,2,5,5,5,5,5,5,5,4,4,5,5,5,5,5.00,5.00,5.00,4.33,5.00,4.67,5.00,1,1,1,1,2,2,1.00,1.67,1.34,1.00,1.00,1.00,1.00,1.00,5.00,0.00
534,I certify that I am 18 years of age or over,"Yes, I agree to take part",32,Male,,Portugal,Postgraduate degree,4.83,Yearly,11-20,1,Within the last week,80.00,0,0,0,0,1,1,1,3,5,0.39,5,3,5,5,5,4.60,1,1,0,0,0,0,0,3,0,0,1,5,5,5,5,5,5,5,4,4,5,4,5,5,5.00,5.00,5.00,4.33,4.67,4.50,5.00,1,1,1,1,2,4,1.00,2.33,1.67,3.00,3.00,3.00,3.00,3.00,15.00,0.00
535,I certify that I am 18 years of age or over,"Yes, I agree to take part",37,Female,,United States of America,Undergraduate degree,4.33,Yearly,11-20,1,Within the last month,250.00,0,0,1,1,0,1,0,3,5,0.81,4,3,3,2,3,3.00,1,1,0,3,0,1,0,1,1,1,2,5,5,4,5,5,5,5,4,4,4,4,4,4,4.67,5.00,4.83,4.00,4.00,4.00,5.00,2,2,2,2,2,2,2.00,2.00,2.00,2.00,2.00,2.00,0.00,2.00,8.00,2.00
535,I certify that I am 18 years of age or over,"Yes, I agree to take part",37,Female,,United States of America,Undergraduate degree,4.33,Yearly,11-20,1,Within the last month,250.00,0,1,1,1,1,0,1,4,5,0.81,4,4,4,5,5,4.40,1,1,0,4,0,2,0,3,0,4,1,5,5,4,5,5,4,4,3,4,4,4,4,4,4.67,4.33,4.50,3.67,4.00,3.83,5.00,2,2,2,2,2,3,2.00,2.33,2.17,2.00,2.00,2.00,2.00,2.00,10.00,2.00
536,I certify that I am 18 years of age or over,"Yes, I agree to take part",26,Male,,United States of America,Undergraduate degree,3.67,Never,11-20,1,Within the last month,16.00,0,1,1,0,1,0,1,3,5,-0.04,5,5,5,5,4,4.80,0,4,1,2,0,2,0,3,1,5,2,5,5,5,5,5,5,5,3,3,3,3,5,4,5.00,5.00,5.00,3.00,4.00,3.50,5.00,2,4,4,4,5,4,3.33,4.33,3.83,2.00,2.00,2.00,2.00,2.00,10.00,0.00
536,I certify that I am 18 years of age or over,"Yes, I agree to take part",26,Male,,United States of America,Undergraduate degree,3.67,Never,11-20,1,Within the last month,16.00,0,0,1,0,1,1,0,3,5,-0.04,5,5,4,4,5,4.60,0,4,0,4,0,3,0,2,0,3,0,5,5,5,5,5,5,5,3,3,3,3,5,4,5.00,5.00,5.00,3.00,4.00,3.50,5.00,2,4,4,4,5,4,3.33,4.33,3.83,2.00,2.00,2.00,2.00,2.00,10.00,0.00
537,I certify that I am 18 years of age or over,"Yes, I agree to take part",28,Male,,United Kingdom,Undergraduate degree,3.83,Yearly,21-30,1,Within the last year,52.00,1,0,1,0,0,1,0,2,5,0.76,4,4,2,3,3,3.20,1,1,0,2,0,0,0,1,1,1,2,5,4,4,5,4,4,5,2,3,3,2,4,3,4.33,4.33,4.33,2.67,3.00,2.83,4.00,2,4,4,2,5,4,3.33,3.67,3.50,1.00,4.00,1.00,2.00,0.50,8.50,0.00
537,I certify that I am 18 years of age or over,"Yes, I agree to take part",28,Male,,United Kingdom,Undergraduate degree,3.83,Yearly,21-30,1,Within the last year,52.00,1,1,1,0,1,1,1,4,5,0.76,2,2,4,5,4,3.40,0,0,0,3,1,1,0,1,0,4,1,5,4,4,5,4,2,5,1,2,2,2,4,3,4.33,3.67,4.00,1.67,3.00,2.33,4.00,2,4,2,2,4,2,2.67,2.67,2.67,1.00,1.00,0.50,4.00,5.00,11.50,0.00
538,I certify that I am 18 years of age or over,"Yes, I agree to take part",34,Male,,United States of America,Undergraduate degree,4.33,Never,11-20,1,Within the last year,250.00,0,0,0,1,1,1,0,3,5,1.00,2,3,2,4,3,2.80,0,2,0,2,0,1,1,5,0,2,1,5,5,5,5,5,5,5,5,5,4,5,5,5,5.00,5.00,5.00,4.67,5.00,4.83,5.00,4,3,2,4,4,4,3.00,4.00,3.50,2.00,0.00,0.00,3.50,1.50,7.00,0.00
538,I certify that I am 18 years of age or over,"Yes, I agree to take part",34,Male,,United States of America,Undergraduate degree,4.33,Never,11-20,1,Within the last year,250.00,0,1,1,0,1,1,1,4,5,1.00,4,3,3,5,5,4.00,0,4,0,4,1,1,1,5,1,5,3,5,5,4,5,5,4,5,5,4,3,4,5,5,4.67,4.67,4.67,4.00,4.67,4.33,5.00,3,2,3,4,4,4,2.67,4.00,3.34,2.00,1.00,2.00,4.00,4.00,13.00,0.00
539,I certify that I am 18 years of age or over,"Yes, I agree to take part",27,Female,,Germany,Undergraduate degree,3.33,Never,1-10,1,Within the last month,275.00,1,1,1,1,1,1,1,5,5,0.82,4,4,4,4,3,3.80,0,3,1,2,0,3,0,3,0,4,1,5,5,5,5,5,4,5,2,2,4,2,2,3,5.00,4.67,4.83,2.67,2.33,2.50,4.00,4,3,4,3,3,4,3.67,3.33,3.50,1.00,1.00,1.00,1.00,1.00,5.00,10.00
539,I certify that I am 18 years of age or over,"Yes, I agree to take part",27,Female,,Germany,Undergraduate degree,3.33,Never,1-10,1,Within the last month,275.00,1,0,0,1,1,0,1,3,5,0.82,4,3,4,4,4,3.80,1,1,0,2,0,3,0,1,0,2,1,5,5,5,5,5,5,5,2,2,2,2,3,3,5.00,5.00,5.00,2.00,2.67,2.33,4.00,4,3,4,4,3,4,3.67,3.67,3.67,1.00,1.00,1.00,1.00,1.00,5.00,10.00
540,I certify that I am 18 years of age or over,"Yes, I agree to take part",36,Female,,Germany,Postgraduate degree,3.33,Monthly,1-10,1,Within the last week,150.00,1,1,1,1,1,1,1,5,5,0.20,3,4,5,3,3,3.60,1,1,0,4,1,1,0,1,0,4,2,5,5,4,5,3,5,5,2,2,3,1,5,4,4.67,4.33,4.50,2.33,3.33,2.83,4.00,4,3,3,2,3,4,3.33,3.00,3.17,0.00,5.00,3.00,0.00,3.00,11.00,0.00
540,I certify that I am 18 years of age or over,"Yes, I agree to take part",36,Female,,Germany,Postgraduate degree,3.33,Monthly,1-10,1,Within the last week,150.00,1,0,0,1,1,0,1,3,5,0.20,4,5,4,5,5,4.60,0,0,0,0,0,1,0,4,0,2,0,5,5,5,5,5,5,5,4,4,3,2,5,4,5.00,5.00,5.00,3.67,3.67,3.67,5.00,2,1,3,3,4,4,2.00,3.67,2.84,0.00,4.00,0.00,5.00,0.00,9.00,0.00
541,I certify that I am 18 years of age or over,"Yes, I agree to take part",24,Male,,Germany,None specified,4.83,Yearly,21-30,1,Within the last year,200.00,1,1,1,1,1,1,1,5,5,0.56,3,5,5,3,3,3.80,0,3,0,5,0,4,0,3,0,4,0,5,5,4,4,5,4,5,3,4,5,5,5,5,4.33,4.67,4.50,4.00,5.00,4.50,4.00,1,2,1,2,2,3,1.33,2.33,1.83,2.00,2.00,2.00,2.00,2.00,10.00,0.00
541,I certify that I am 18 years of age or over,"Yes, I agree to take part",24,Male,,Germany,None specified,4.83,Yearly,21-30,1,Within the last year,200.00,1,0,0,1,1,1,0,3,5,0.56,3,5,5,4,5,4.40,0,2,1,5,0,4,1,5,0,4,2,5,5,4,4,5,4,4,4,4,5,4,5,5,4.33,4.33,4.33,4.33,4.67,4.50,4.00,1,2,1,1,2,2,1.33,1.67,1.50,2.00,2.00,2.00,2.00,2.00,10.00,0.00
542,I certify that I am 18 years of age or over,"Yes, I agree to take part",33,Other,Non-binary,United States of America,Undergraduate degree,4.50,Never,11-20,1,Within the last month,400.00,1,1,1,1,1,1,1,5,5,0.34,4,4,5,4,4,4.20,1,1,0,4,1,1,0,3,0,4,2,5,5,5,5,5,4,5,3,2,4,4,4,4,5.00,4.67,4.83,3.00,4.00,3.50,4.00,2,3,3,3,4,4,2.67,3.67,3.17,2.00,2.00,2.00,2.00,2.00,10.00,0.00
542,I certify that I am 18 years of age or over,"Yes, I agree to take part",33,Other,Non-binary,United States of America,Undergraduate degree,4.50,Never,11-20,1,Within the last month,400.00,1,0,1,1,1,1,1,5,5,0.34,4,5,4,4,4,4.20,0,0,0,3,0,4,1,5,1,1,2,5,5,4,5,4,4,5,3,3,4,4,4,5,4.67,4.33,4.50,3.33,4.33,3.83,4.00,3,4,3,3,4,4,3.33,3.67,3.50,2.00,2.00,2.00,2.00,2.00,10.00,0.00
543,I certify that I am 18 years of age or over,"Yes, I agree to take part",48,Female,,United States of America,Postgraduate degree,4.17,Yearly,11-20,1,Within the last week,863.00,0,0,0,1,1,1,1,4,5,0.54,3,4,3,4,4,3.60,0,2,1,5,0,3,0,3,0,2,1,5,5,5,5,5,3,5,4,5,4,4,5,5,5.00,4.33,4.67,4.33,4.67,4.50,5.00,1,1,1,1,1,1,1.00,1.00,1.00,1.00,2.00,1.00,1.00,1.00,6.00,0.00
543,I certify that I am 18 years of age or over,"Yes, I agree to take part",48,Female,,United States of America,Postgraduate degree,4.17,Yearly,11-20,1,Within the last week,863.00,0,1,1,1,1,1,1,5,5,0.54,3,4,4,3,5,3.80,0,3,0,1,1,1,0,4,1,5,2,5,5,4,5,5,4,5,4,5,5,4,5,4,4.67,4.67,4.67,4.67,4.33,4.50,5.00,1,1,1,1,1,1,1.00,1.00,1.00,2.00,1.00,1.00,3.00,7.00,14.00,0.00
544,I certify that I am 18 years of age or over,"Yes, I agree to take part",32,Female,,United States of America,Postgraduate degree,3.83,Never,11-20,1,Within the last 3 months,150.00,1,1,1,0,1,1,1,4,5,1.03,4,4,2,5,5,4.00,0,2,0,3,1,1,0,4,0,3,1,5,5,5,5,4,4,5,2,2,2,2,4,4,5.00,4.33,4.67,2.00,3.33,2.67,4.00,4,2,4,4,2,4,3.33,3.33,3.33,2.00,2.00,2.00,2.00,2.00,10.00,0.00
544,I certify that I am 18 years of age or over,"Yes, I agree to take part",32,Female,,United States of America,Postgraduate degree,3.83,Never,11-20,1,Within the last 3 months,150.00,1,0,0,1,1,1,1,4,5,1.03,2,2,4,4,4,3.20,0,2,0,1,0,1,0,1,1,1,1,5,5,5,5,4,5,5,2,2,2,2,2,4,5.00,4.67,4.83,2.00,2.67,2.33,4.00,4,2,4,4,2,4,3.33,3.33,3.33,2.00,2.00,2.00,2.00,2.00,10.00,0.00
545,I certify that I am 18 years of age or over,"Yes, I agree to take part",36,Female,,Finland,Undergraduate degree,3.50,Never,11-20,1,Within the last week,130.00,0,1,1,1,1,0,0,3,5,0.73,3,5,5,4,3,4.00,0,0,0,5,0,4,0,3,1,5,1,5,5,4,5,5,5,5,5,5,5,5,5,5,4.67,5.00,4.83,5.00,5.00,5.00,5.00,1,2,1,4,4,4,1.33,4.00,2.67,2.00,2.00,2.00,2.00,2.00,10.00,0.00
545,I certify that I am 18 years of age or over,"Yes, I agree to take part",36,Female,,Finland,Undergraduate degree,3.50,Never,11-20,1,Within the last week,130.00,0,0,0,1,0,0,0,1,5,0.73,2,2,2,2,3,2.20,0,0,0,4,0,0,0,0,0,0,0,5,5,4,5,4,5,5,5,5,5,5,5,5,4.67,4.67,4.67,5.00,5.00,5.00,5.00,1,2,1,4,4,4,1.33,4.00,2.67,2.00,2.00,2.00,2.00,2.00,10.00,0.00
546,I certify that I am 18 years of age or over,"Yes, I agree to take part",45,Male,,The Netherlands,Postgraduate degree,3.33,Monthly,21-30,1,Within the last month,4200.00,1,1,1,0,1,1,0,3,5,0.19,4,3,4,3,4,3.60,0,3,1,2,1,1,0,1,0,3,2,5,5,4,5,5,4,5,4,4,5,4,5,4,4.67,4.67,4.67,4.33,4.33,4.33,5.00,2,2,2,1,1,1,2.00,1.00,1.50,2.00,2.00,2.00,2.00,2.00,10.00,0.00
546,I certify that I am 18 years of age or over,"Yes, I agree to take part",45,Male,,The Netherlands,Postgraduate degree,3.33,Monthly,21-30,1,Within the last month,4200.00,1,0,1,1,1,1,0,4,5,0.19,3,3,3,4,3,3.20,0,2,0,3,1,2,0,1,1,1,2,5,5,3,5,5,3,5,4,4,4,4,5,4,4.33,4.33,4.33,4.00,4.33,4.17,5.00,2,2,3,3,2,4,2.33,3.00,2.67,2.00,2.00,2.00,2.00,2.00,10.00,0.00
547,I certify that I am 18 years of age or over,"Yes, I agree to take part",32,Female,,United States of America,Secondary school,4.83,Once every 6 months,21-30,1,Within the last week,519.00,1,1,1,1,1,1,1,5,5,0.93,3,5,2,5,4,3.80,1,1,0,4,0,2,0,4,1,5,2,5,5,2,5,5,4,5,2,2,3,2,4,4,4.00,4.67,4.33,2.33,3.33,2.83,4.00,4,5,3,3,5,2,4.00,3.33,3.67,1.82,1.82,1.82,1.82,1.82,9.10,1.80
547,I certify that I am 18 years of age or over,"Yes, I agree to take part",32,Female,,United States of America,Secondary school,4.83,Once every 6 months,21-30,1,Within the last week,519.00,1,0,1,1,1,1,1,5,5,0.93,5,3,4,4,5,4.20,0,3,0,4,0,3,0,4,0,2,0,5,5,3,5,5,4,5,2,3,3,2,3,4,4.33,4.67,4.50,2.67,3.00,2.83,4.00,4,5,3,4,5,2,4.00,3.67,3.84,1.82,1.82,1.82,1.82,1.82,9.10,1.80
549,I certify that I am 18 years of age or over,"Yes, I agree to take part",48,Female,,United States of America,Postgraduate degree,3.83,Never,11-20,1,Within the last week,1500.00,1,1,1,1,1,1,1,5,5,0.61,3,4,4,4,4,3.80,1,1,0,5,1,1,0,3,1,5,3,5,5,4,5,5,4,5,4,5,5,4,4,4,4.67,4.67,4.67,4.67,4.00,4.33,5.00,2,4,4,5,4,5,3.33,4.67,4.00,0.00,5.00,0.00,0.00,5.00,10.00,0.00
549,I certify that I am 18 years of age or over,"Yes, I agree to take part",48,Female,,United States of America,Postgraduate degree,3.83,Never,11-20,1,Within the last week,1500.00,1,0,1,0,1,1,1,4,5,0.61,3,3,3,4,4,3.40,1,1,1,5,0,3,1,5,0,3,3,5,5,5,5,5,4,4,5,4,4,4,4,4,5.00,4.33,4.67,4.33,4.00,4.17,5.00,2,2,4,5,4,4,2.67,4.33,3.50,0.00,5.00,0.00,5.00,0.00,10.00,0.00
551,I certify that I am 18 years of age or over,"Yes, I agree to take part",30,Male,,Belgium,Postgraduate degree,2.50,Yearly,31+,1,Within the last month,196.00,0,0,0,1,1,1,1,4,5,0.88,2,4,3,2,5,3.20,0,4,0,4,1,2,1,5,0,3,2,5,5,2,5,5,2,5,1,1,2,1,4,4,4.00,4.00,4.00,1.33,3.00,2.17,5.00,4,4,5,4,3,5,4.33,4.00,4.17,1.50,2.00,1.50,1.50,2.00,8.50,0.00
551,I certify that I am 18 years of age or over,"Yes, I agree to take part",30,Male,,Belgium,Postgraduate degree,2.50,Yearly,31+,1,Within the last month,196.00,0,1,1,1,1,1,1,5,5,0.88,3,2,5,3,4,3.40,1,1,0,3,1,1,0,3,1,5,3,5,5,2,5,5,2,5,2,2,2,2,4,4,4.00,4.00,4.00,2.00,3.33,2.67,5.00,4,3,5,4,4,5,4.00,4.33,4.17,1.50,1.50,2.00,1.50,5.00,11.50,0.00
552,I certify that I am 18 years of age or over,"Yes, I agree to take part",21,Male,,United States of America,Undergraduate degree,3.67,Yearly,1-10,0,Never,0.00,0,1,1,0,1,1,1,4,5,0.00,3,4,4,4,2,3.40,1,1,0,3,1,1,1,5,1,5,4,5,4,3,4,4,4,4,3,3,3,4,3,3,3.67,4.00,3.83,3.00,3.33,3.17,4.00,3,3,3,4,4,3,3.00,3.67,3.34,0.00,0.00,0.00,0.00,0.00,0.00,20.00
552,I certify that I am 18 years of age or over,"Yes, I agree to take part",21,Male,,United States of America,Undergraduate degree,3.67,Yearly,1-10,0,Never,0.00,0,0,0,0,0,0,1,1,5,0.00,2,1,2,4,1,2.00,1,1,1,5,1,2,0,4,1,1,4,5,4,4,4,4,4,4,3,3,3,4,3,3,4.00,4.00,4.00,3.00,3.33,3.17,4.00,4,3,3,4,2,4,3.33,3.33,3.33,0.00,0.00,0.00,0.00,0.00,0.00,20.00
553,I certify that I am 18 years of age or over,"Yes, I agree to take part",25,Male,,United Kingdom,Undergraduate degree,4.00,Yearly,11-20,1,Within the last week,560.00,1,0,1,1,1,1,1,5,5,0.76,3,3,2,2,4,2.80,1,1,1,5,1,2,1,5,1,1,5,5,5,4,5,5,5,5,4,2,4,4,5,4,4.67,5.00,4.83,3.33,4.33,3.83,4.00,2,4,2,4,4,4,2.67,4.00,3.34,1.00,3.00,1.00,2.00,1.00,8.00,0.00
553,I certify that I am 18 years of age or over,"Yes, I agree to take part",25,Male,,United Kingdom,Undergraduate degree,4.00,Yearly,11-20,1,Within the last week,560.00,1,1,1,1,1,1,1,5,5,0.76,3,4,5,5,4,4.20,1,1,1,2,1,1,1,5,1,5,5,5,5,4,5,5,4,4,4,2,5,4,5,4,4.67,4.33,4.50,3.67,4.33,4.00,5.00,2,2,1,4,5,4,1.67,4.33,3.00,1.50,1.50,1.00,4.00,4.00,12.00,0.00
554,I certify that I am 18 years of age or over,"Yes, I agree to take part",28,Other,Non-binary,United States of America,Undergraduate degree,4.83,Once every 3 months,11-20,1,Within the last week,180.00,1,1,1,0,1,1,1,4,5,0.78,3,5,5,5,4,4.40,1,1,0,4,0,4,0,4,1,5,2,5,5,4,5,5,4,5,5,5,5,4,5,5,4.67,4.67,4.67,5.00,4.67,4.83,5.00,2,1,1,4,1,4,1.33,3.00,2.17,2.00,2.00,2.00,2.00,2.00,10.00,0.00
554,I certify that I am 18 years of age or over,"Yes, I agree to take part",28,Other,Non-binary,United States of America,Undergraduate degree,4.83,Once every 3 months,11-20,1,Within the last week,180.00,1,0,0,0,0,1,1,2,5,0.78,2,5,2,4,4,3.40,1,1,0,1,0,1,0,0,0,0,1,5,5,5,5,5,4,5,5,5,5,4,5,4,5.00,4.67,4.83,5.00,4.33,4.67,5.00,2,2,1,1,1,4,1.67,2.00,1.84,2.00,2.50,1.50,2.00,2.00,10.00,0.00
555,I certify that I am 18 years of age or over,"Yes, I agree to take part",37,Other,Non-binary,Switzerland,Further education,4.17,Once every 6 months,31+,1,Within the last week,2658.00,0,0,0,0,1,1,0,2,5,1.13,4,5,5,5,4,4.60,1,1,1,5,1,2,0,3,1,1,4,5,5,5,5,5,5,5,1,4,4,2,5,4,5.00,5.00,5.00,3.00,3.67,3.33,5.00,1,4,1,1,4,1,2.00,2.00,2.00,1.00,5.00,1.20,1.20,1.00,9.40,0.00
555,I certify that I am 18 years of age or over,"Yes, I agree to take part",37,Other,Non-binary,Switzerland,Further education,4.17,Once every 6 months,31+,1,Within the last week,2658.00,0,1,1,1,1,1,1,5,5,1.13,4,5,5,2,2,3.60,0,3,0,4,0,2,0,3,1,5,1,5,5,5,4,4,5,5,1,2,2,2,4,4,4.67,4.67,4.67,1.67,3.33,2.50,5.00,1,4,1,1,4,1,2.00,2.00,2.00,1.20,2.40,1.00,1.00,5.00,10.60,0.00
556,I certify that I am 18 years of age or over,"Yes, I agree to take part",35,Male,,Canada,Undergraduate degree,4.50,Yearly,11-20,1,Within the last week,150.00,1,1,1,1,1,1,1,5,5,0.25,4,4,4,5,4,4.20,1,1,1,2,0,3,0,2,0,4,2,5,5,2,4,4,2,5,3,4,4,4,5,4,3.67,3.67,3.67,3.67,4.33,4.00,4.00,2,2,2,2,4,2,2.00,2.67,2.34,0.00,0.00,0.00,0.00,0.00,0.00,20.00
556,I certify that I am 18 years of age or over,"Yes, I agree to take part",35,Male,,Canada,Undergraduate degree,4.50,Yearly,11-20,1,Within the last week,150.00,1,0,0,1,1,1,0,3,5,0.25,4,5,4,4,4,4.20,1,1,0,4,0,3,0,2,0,3,1,5,5,2,5,4,2,4,2,4,4,4,4,4,4.00,3.33,3.67,3.33,4.00,3.67,4.00,2,2,2,2,4,2,2.00,2.67,2.34,0.00,0.00,0.00,0.00,0.00,0.00,20.00
558,I certify that I am 18 years of age or over,"Yes, I agree to take part",34,Female,,United States of America,Undergraduate degree,4.33,Yearly,1-10,1,Within the last week,2000.00,0,0,1,1,1,1,1,5,5,0.75,4,4,3,3,4,3.60,1,1,0,2,0,1,0,1,0,2,1,5,5,5,5,5,5,5,4,4,4,4,5,4,5.00,5.00,5.00,4.00,4.33,4.17,5.00,2,2,2,4,4,3,2.00,3.67,2.84,1.00,2.00,0.50,0.50,1.00,5.00,1.00
558,I certify that I am 18 years of age or over,"Yes, I agree to take part",34,Female,,United States of America,Undergraduate degree,4.33,Yearly,1-10,1,Within the last week,2000.00,0,1,1,1,1,1,1,5,5,0.75,4,3,5,4,5,4.20,1,1,1,2,0,3,0,3,1,5,3,5,5,5,5,5,5,5,4,4,5,4,5,4,5.00,5.00,5.00,4.33,4.33,4.33,5.00,2,2,2,4,4,3,2.00,3.67,2.84,1.50,1.00,1.00,0.50,10.00,14.00,1.00
559,I certify that I am 18 years of age or over,"Yes, I agree to take part",35,Female,,United States of America,Undergraduate degree,4.00,Once every 6 months,11-20,1,Within the last 6 months,400.00,0,0,0,1,1,0,1,3,5,1.20,3,3,3,3,4,3.20,0,3,0,3,0,1,1,5,1,1,2,5,5,1,5,5,2,5,2,3,4,4,4,3,3.67,4.00,3.83,3.00,3.67,3.33,4.00,3,3,3,3,2,2,3.00,2.33,2.67,1.00,1.00,1.00,2.00,2.00,7.00,0.00
559,I certify that I am 18 years of age or over,"Yes, I agree to take part",35,Female,,United States of America,Undergraduate degree,4.00,Once every 6 months,11-20,1,Within the last 6 months,400.00,0,1,1,1,1,1,1,5,5,1.20,3,4,5,5,4,4.20,1,1,0,1,0,4,0,4,1,5,2,5,5,1,4,5,2,5,3,4,4,3,4,4,3.33,4.00,3.67,3.67,3.67,3.67,4.00,2,2,2,2,2,2,2.00,2.00,2.00,1.00,1.00,1.00,2.00,8.00,13.00,0.00
560,I certify that I am 18 years of age or over,"Yes, I agree to take part",38,Female,,United Kingdom,Undergraduate degree,4.50,Never,11-20,1,Within the last 3 months,500.00,0,0,1,1,1,1,1,5,5,0.85,4,3,4,5,5,4.20,0,2,0,4,0,3,0,3,0,2,0,5,5,5,5,5,5,5,4,4,3,2,4,4,5.00,5.00,5.00,3.67,3.33,3.50,4.00,1,3,2,2,4,2,2.00,2.67,2.34,1.00,3.00,2.00,2.00,1.00,9.00,0.00
560,I certify that I am 18 years of age or over,"Yes, I agree to take part",38,Female,,United Kingdom,Undergraduate degree,4.50,Never,11-20,1,Within the last 3 months,500.00,0,1,1,1,1,1,1,5,5,0.85,3,4,5,3,4,3.80,0,3,0,4,1,1,0,3,1,5,2,5,5,5,5,5,5,5,4,3,3,4,4,4,5.00,5.00,5.00,3.33,4.00,3.67,5.00,1,3,4,2,5,4,2.67,3.67,3.17,2.00,2.00,3.00,1.00,3.00,11.00,0.00
561,I certify that I am 18 years of age or over,"Yes, I agree to take part",18,Female,,Australia,Secondary school,5.00,Yearly,11-20,1,Within the last 3 months,180.40,1,0,0,1,1,0,1,3,5,0.17,5,5,4,4,4,4.40,0,2,1,5,0,3,0,3,0,3,1,5,5,5,5,5,5,5,5,4,4,4,5,5,5.00,5.00,5.00,4.33,4.67,4.50,5.00,2,1,1,1,1,1,1.33,1.00,1.17,0.00,0.00,0.00,0.00,0.00,0.00,0.00
561,I certify that I am 18 years of age or over,"Yes, I agree to take part",18,Female,,Australia,Secondary school,5.00,Yearly,11-20,1,Within the last 3 months,180.40,1,1,1,1,1,1,1,5,5,0.17,5,5,5,4,5,4.80,0,2,0,4,0,3,0,4,1,5,1,5,5,5,5,5,5,5,4,4,4,4,5,4,5.00,5.00,5.00,4.00,4.33,4.17,5.00,2,1,1,1,1,1,1.33,1.00,1.17,0.00,0.00,0.00,0.00,20.00,20.00,0.00
562,I certify that I am 18 years of age or over,"Yes, I agree to take part",49,Female,,United Kingdom,Undergraduate degree,4.50,Once every 3 months,31+,1,Within the last week,100.00,1,1,1,0,1,1,1,4,5,-0.22,5,5,5,5,5,5.00,0,2,1,2,1,1,0,2,0,3,2,5,5,5,5,5,5,5,5,5,5,5,5,5,5.00,5.00,5.00,5.00,5.00,5.00,5.00,1,1,2,4,4,4,1.33,4.00,2.67,2.00,2.00,2.00,2.00,2.00,10.00,0.00
562,I certify that I am 18 years of age or over,"Yes, I agree to take part",49,Female,,United Kingdom,Undergraduate degree,4.50,Once every 3 months,31+,1,Within the last week,100.00,1,0,1,1,0,1,0,3,5,-0.22,5,5,5,5,5,5.00,1,1,0,3,1,2,0,0,1,1,3,5,5,5,5,5,5,5,5,5,5,5,5,5,5.00,5.00,5.00,5.00,5.00,5.00,5.00,2,2,2,4,4,4,2.00,4.00,3.00,2.00,2.00,2.00,2.00,2.00,10.00,0.00
563,I certify that I am 18 years of age or over,"Yes, I agree to take part",25,Female,,United Kingdom,Undergraduate degree,4.33,Once every 6 months,11-20,1,Within the last week,100.00,1,0,0,0,0,0,0,0,5,1.24,2,3,2,1,1,1.80,1,1,0,1,0,0,0,4,0,2,1,5,2,1,4,3,1,1,2,2,3,4,2,3,2.33,1.67,2.00,2.33,3.00,2.67,3.00,2,3,4,2,3,4,3.00,3.00,3.00,0.50,1.00,0.10,0.10,0.10,1.80,14.00
563,I certify that I am 18 years of age or over,"Yes, I agree to take part",25,Female,,United Kingdom,Undergraduate degree,4.33,Once every 6 months,11-20,1,Within the last week,100.00,1,1,1,1,1,1,0,4,5,1.24,3,5,4,4,3,3.80,0,2,0,1,1,1,0,3,0,1,1,5,5,1,1,4,1,2,4,2,4,3,4,3,2.33,2.33,2.33,3.33,3.33,3.33,4.00,2,3,3,2,2,4,2.67,2.67,2.67,0.30,2.00,0.80,1.00,0.10,4.20,14.00
564,I certify that I am 18 years of age or over,"Yes, I agree to take part",30,Female,,Belgium,Undergraduate degree,3.67,Never,11-20,1,Within the last week,400.00,1,1,1,1,1,1,1,5,5,0.79,4,5,5,4,4,4.40,0,3,0,4,0,3,0,3,1,5,1,5,5,5,5,5,5,5,4,4,5,4,5,4,5.00,5.00,5.00,4.33,4.33,4.33,5.00,1,1,2,3,1,4,1.33,2.67,2.00,2.00,2.00,2.00,2.00,2.00,10.00,0.00
564,I certify that I am 18 years of age or over,"Yes, I agree to take part",30,Female,,Belgium,Undergraduate degree,3.67,Never,11-20,1,Within the last week,400.00,1,0,1,1,1,1,1,5,5,0.79,4,5,4,4,4,4.20,1,1,1,5,0,1,1,5,1,1,4,5,5,5,5,5,4,5,3,3,5,4,4,5,5.00,4.67,4.83,3.67,4.33,4.00,5.00,3,1,3,3,1,4,2.33,2.67,2.50,2.00,2.00,2.00,2.00,2.00,10.00,0.00
565,I certify that I am 18 years of age or over,"Yes, I agree to take part",21,Male,,United Kingdom,Further education,2.50,Never,21-30,1,More than 1 year ago,10.00,1,1,1,1,1,1,0,4,5,0.85,3,3,4,4,4,3.60,0,3,1,2,0,4,0,1,0,4,1,5,5,4,5,5,4,5,3,4,4,4,4,3,4.67,4.67,4.67,3.67,3.67,3.67,4.00,3,2,3,2,2,2,2.67,2.00,2.34,2.00,2.00,2.00,2.00,2.00,10.00,0.00
565,I certify that I am 18 years of age or over,"Yes, I agree to take part",21,Male,,United Kingdom,Further education,2.50,Never,21-30,1,More than 1 year ago,10.00,1,0,0,0,0,1,0,1,5,0.85,4,5,4,5,5,4.60,1,1,0,2,0,1,0,3,0,4,1,5,5,4,5,4,4,5,3,4,4,3,5,4,4.67,4.33,4.50,3.67,4.00,3.83,4.00,2,3,2,2,2,3,2.33,2.33,2.33,2.00,2.00,2.00,2.00,2.00,10.00,0.00
566,I certify that I am 18 years of age or over,"Yes, I agree to take part",24,Female,,Belgium,Postgraduate degree,2.50,Never,1-10,1,Within the last week,180.00,1,0,0,1,1,1,1,4,5,1.18,1,3,2,1,3,2.00,0,3,0,4,0,5,0,0,0,3,0,5,5,4,5,5,4,5,2,2,2,4,5,5,4.67,4.67,4.67,2.00,4.67,3.33,3.00,5,4,4,5,5,4,4.33,4.67,4.50,0.50,2.00,0.50,0.40,0.40,3.80,2.70
566,I certify that I am 18 years of age or over,"Yes, I agree to take part",24,Female,,Belgium,Postgraduate degree,2.50,Never,1-10,1,Within the last week,180.00,1,1,1,1,1,1,1,5,5,1.18,5,4,4,5,5,4.60,0,5,1,2,0,3,0,4,1,5,2,5,5,5,5,5,5,5,3,4,2,4,4,4,5.00,5.00,5.00,3.00,4.00,3.50,3.00,4,4,2,4,5,2,3.33,3.67,3.50,3.50,2.00,2.00,3.50,2.50,13.50,2.70
567,I certify that I am 18 years of age or over,"Yes, I agree to take part",32,Male,,Sweden,Undergraduate degree,3.33,Never,21-30,1,Within the last 3 months,140.00,1,0,0,1,0,1,1,3,5,0.46,2,4,3,3,3,3.00,1,1,1,5,0,3,0,0,0,2,2,5,5,1,5,5,1,5,1,2,2,3,3,3,3.67,3.67,3.67,1.67,3.00,2.33,4.00,2,4,4,2,3,4,3.33,3.00,3.17,2.00,8.00,2.00,2.00,2.00,16.00,0.00
567,I certify that I am 18 years of age or over,"Yes, I agree to take part",32,Male,,Sweden,Undergraduate degree,3.33,Never,21-30,1,Within the last 3 months,140.00,1,1,1,0,1,1,1,4,5,0.46,3,4,2,5,5,3.80,0,3,1,2,0,2,1,5,0,3,2,5,5,2,5,5,2,5,1,2,2,3,3,3,4.00,4.00,4.00,1.67,3.00,2.33,5.00,4,4,3,1,2,2,3.67,1.67,2.67,0.00,0.00,0.00,0.00,4.00,4.00,0.00
568,I certify that I am 18 years of age or over,"Yes, I agree to take part",27,Female,,Croatia,Undergraduate degree,2.67,Never,21-30,1,Within the last 3 months,500.00,1,1,1,1,1,1,0,4,5,0.58,3,3,4,4,5,3.80,0,3,0,3,0,3,0,4,0,4,0,5,5,3,5,5,3,5,4,4,4,4,5,4,4.33,4.33,4.33,4.00,4.33,4.17,4.00,2,2,2,3,3,4,2.00,3.33,2.67,1.50,1.50,2.50,2.00,2.00,9.50,1.00
568,I certify that I am 18 years of age or over,"Yes, I agree to take part",27,Female,,Croatia,Undergraduate degree,2.67,Never,21-30,1,Within the last 3 months,500.00,1,0,0,1,1,1,1,4,5,0.58,5,5,3,4,4,4.20,1,1,0,3,1,2,0,1,1,1,3,5,5,4,4,5,4,5,5,4,4,4,5,5,4.33,4.67,4.50,4.33,4.67,4.50,5.00,2,3,2,2,3,3,2.33,2.67,2.50,1.50,2.00,2.00,2.00,2.00,9.50,1.00
569,I certify that I am 18 years of age or over,"Yes, I agree to take part",23,Female,,United Kingdom,Further education,3.33,Never,11-20,1,Within the last week,1155.00,0,1,1,1,1,1,0,4,5,1.23,4,3,4,4,3,3.60,0,3,0,3,0,3,0,1,1,5,1,5,5,4,5,5,3,5,1,1,2,2,5,5,4.67,4.33,4.50,1.33,4.00,2.67,3.00,2,4,3,3,4,3,3.00,3.33,3.17,1.50,1.50,1.50,1.50,1.50,7.50,5.00
569,I certify that I am 18 years of age or over,"Yes, I agree to take part",23,Female,,United Kingdom,Further education,3.33,Never,11-20,1,Within the last week,1155.00,0,0,1,1,1,1,0,4,5,1.23,4,3,3,4,3,3.40,1,1,0,4,0,0,0,0,0,3,1,5,5,3,5,5,4,5,2,2,2,4,5,5,4.33,4.67,4.50,2.00,4.67,3.33,4.00,3,4,3,3,4,3,3.33,3.33,3.33,1.50,1.50,1.50,1.50,1.50,7.50,5.00
570,I certify that I am 18 years of age or over,"Yes, I agree to take part",26,Female,,United Kingdom,Undergraduate degree,3.00,Never,11-20,1,Within the last week,1000.00,0,0,1,1,0,1,1,4,5,0.84,2,4,4,4,3,3.40,0,3,0,4,0,3,0,3,0,3,0,5,3,3,4,4,4,5,3,4,4,4,5,5,3.33,4.33,3.83,3.67,4.67,4.17,4.00,1,2,2,1,4,1,1.67,2.00,1.84,0.10,1.00,1.00,1.00,0.50,3.60,10.40
570,I certify that I am 18 years of age or over,"Yes, I agree to take part",26,Female,,United Kingdom,Undergraduate degree,3.00,Never,11-20,1,Within the last week,1000.00,0,1,1,0,1,1,1,4,5,0.84,4,4,4,5,5,4.40,0,3,0,4,0,2,0,3,1,5,1,5,5,3,5,5,4,5,3,4,5,5,5,5,4.33,4.67,4.50,4.00,5.00,4.50,4.00,1,2,4,1,4,2,2.33,2.33,2.33,1.00,1.00,1.00,1.50,1.50,6.00,10.40
571,I certify that I am 18 years of age or over,"Yes, I agree to take part",26,Male,,United States of America,Undergraduate degree,4.00,Never,11-20,1,Within the last year,560.00,1,0,1,1,1,1,1,5,5,0.04,5,5,5,4,5,4.80,0,2,1,5,0,3,1,5,1,1,3,5,5,5,5,5,4,5,4,4,5,5,5,5,5.00,4.67,4.83,4.33,5.00,4.67,5.00,1,1,1,4,1,2,1.00,2.33,1.67,0.50,5.00,0.50,2.50,0.50,9.00,0.00
571,I certify that I am 18 years of age or over,"Yes, I agree to take part",26,Male,,United States of America,Undergraduate degree,4.00,Never,11-20,1,Within the last year,560.00,1,1,1,1,1,1,1,5,5,0.04,4,4,5,4,5,4.40,0,3,0,3,0,3,0,4,1,5,1,5,5,5,5,5,5,5,5,5,5,5,5,5,5.00,5.00,5.00,5.00,5.00,5.00,5.00,2,1,2,2,2,2,1.67,2.00,1.84,0.50,2.00,1.50,2.00,5.00,11.00,0.00
572,I certify that I am 18 years of age or over,"Yes, I agree to take part",32,Female,,United States of America,Undergraduate degree,4.67,Yearly,1-10,1,Within the last month,120.00,1,0,0,0,1,1,1,3,5,0.99,3,4,4,3,3,3.40,0,0,0,0,0,0,0,0,0,0,0,5,5,5,5,5,4,5,2,3,3,4,5,5,5.00,4.67,4.83,2.67,4.67,3.67,5.00,2,2,2,4,4,4,2.00,4.00,3.00,1.00,1.00,2.00,1.00,2.00,7.00,0.00
572,I certify that I am 18 years of age or over,"Yes, I agree to take part",32,Female,,United States of America,Undergraduate degree,4.67,Yearly,1-10,1,Within the last month,120.00,1,1,1,0,1,1,1,4,5,0.99,5,4,4,4,4,4.20,1,1,0,1,1,1,0,1,0,1,2,5,5,5,5,5,5,5,3,4,3,4,3,4,5.00,5.00,5.00,3.33,3.67,3.50,5.00,2,1,2,4,4,4,1.67,4.00,2.84,5.00,1.00,2.00,3.00,2.00,13.00,0.00
573,I certify that I am 18 years of age or over,"Yes, I agree to take part",25,Female,,Belgium,Postgraduate degree,2.67,Never,31+,1,Within the last month,35.00,0,0,0,0,0,0,0,0,5,1.20,1,2,3,3,3,2.40,1,1,0,0,0,1,0,1,0,2,1,5,5,4,5,5,4,5,4,3,4,4,5,4,4.67,4.67,4.67,3.67,4.33,4.00,4.00,1,1,1,1,4,1,1.00,2.00,1.50,1.00,1.00,1.00,1.00,1.00,5.00,0.00
573,I certify that I am 18 years of age or over,"Yes, I agree to take part",25,Female,,Belgium,Postgraduate degree,2.67,Never,31+,1,Within the last month,35.00,0,1,1,0,0,1,1,3,5,1.20,5,4,4,5,4,4.40,0,3,0,4,1,1,0,2,0,3,1,5,5,4,5,4,4,5,4,4,4,4,5,4,4.67,4.33,4.50,4.00,4.33,4.17,5.00,1,2,2,1,4,3,1.67,2.67,2.17,3.50,3.50,1.00,3.50,3.50,15.00,0.00
574,I certify that I am 18 years of age or over,"Yes, I agree to take part",33,Female,,United States of America,Undergraduate degree,4.17,Yearly,21-30,1,Within the last month,92.00,0,1,1,1,1,1,1,5,5,0.94,4,4,3,4,5,4.00,1,1,1,2,0,3,0,3,0,4,2,5,5,2,5,5,5,5,4,4,5,4,5,4,4.00,5.00,4.50,4.33,4.33,4.33,4.00,1,2,1,1,3,1,1.33,1.67,1.50,2.00,2.00,2.00,2.00,2.00,10.00,0.00
574,I certify that I am 18 years of age or over,"Yes, I agree to take part",33,Female,,United States of America,Undergraduate degree,4.17,Yearly,21-30,1,Within the last month,92.00,0,0,0,1,1,1,0,3,5,0.94,4,2,2,4,4,3.20,0,0,1,5,0,1,0,4,0,3,1,5,5,2,5,5,4,5,4,4,5,4,5,4,4.00,4.67,4.33,4.33,4.33,4.33,4.00,1,3,2,1,3,1,2.00,1.67,1.84,2.00,2.00,2.00,2.00,2.00,10.00,0.00
575,I certify that I am 18 years of age or over,"Yes, I agree to take part",24,Male,,Sweden,Postgraduate degree,3.67,Never,1-10,1,Within the last 6 months,100.00,1,0,1,0,0,1,0,2,5,0.62,1,1,4,4,4,2.80,0,2,0,3,0,1,0,1,1,1,1,5,5,3,5,5,5,5,2,2,2,3,4,3,4.33,5.00,4.67,2.00,3.33,2.67,4.00,4,4,2,4,4,4,3.33,4.00,3.67,0.50,0.50,1.00,1.00,1.50,4.50,0.00
575,I certify that I am 18 years of age or over,"Yes, I agree to take part",24,Male,,Sweden,Postgraduate degree,3.67,Never,1-10,1,Within the last 6 months,100.00,1,1,0,0,0,0,1,1,5,0.62,4,4,5,3,5,4.20,1,1,0,1,0,2,0,4,0,2,1,5,5,3,5,5,4,5,1,2,4,2,3,3,4.33,4.67,4.50,2.33,2.67,2.50,4.00,1,3,4,4,4,2,2.67,3.33,3.00,5.00,2.50,2.50,0.50,5.00,15.50,0.00
576,I certify that I am 18 years of age or over,"Yes, I agree to take part",29,Female,,Spain,Postgraduate degree,4.67,Yearly,1-10,1,Within the last week,280.00,0,0,0,1,1,1,0,3,5,1.25,2,3,2,4,2,2.60,1,1,0,0,0,0,0,0,0,0,1,5,4,4,5,4,4,4,4,2,4,3,4,4,4.33,4.00,4.17,3.33,3.67,3.50,4.00,3,3,3,2,4,3,3.00,3.00,3.00,1.66,1.66,1.66,1.66,1.66,8.30,0.06
576,I certify that I am 18 years of age or over,"Yes, I agree to take part",29,Female,,Spain,Postgraduate degree,4.67,Yearly,1-10,1,Within the last week,280.00,0,1,1,1,0,0,1,3,5,1.25,4,4,3,4,5,4.00,1,1,0,0,0,0,0,1,1,5,2,5,5,4,4,2,4,4,4,4,4,3,4,4,4.33,3.33,3.83,4.00,3.67,3.83,5.00,2,3,2,3,3,3,2.33,3.00,2.67,1.66,1.66,1.66,1.66,5.00,11.64,0.06
577,I certify that I am 18 years of age or over,"Yes, I agree to take part",27,Male,,Czech Republic,Undergraduate degree,3.67,Never,1-10,1,Within the last 3 months,303.00,1,1,1,1,1,1,1,5,5,0.96,3,4,4,4,4,3.80,0,5,0,4,1,1,0,0,1,5,2,5,5,5,5,5,5,5,4,3,4,5,4,5,5.00,5.00,5.00,3.67,4.67,4.17,4.00,4,4,4,4,3,2,4.00,3.00,3.50,3.00,2.00,0.00,1.00,4.00,10.00,0.00
577,I certify that I am 18 years of age or over,"Yes, I agree to take part",27,Male,,Czech Republic,Undergraduate degree,3.67,Never,1-10,1,Within the last 3 months,303.00,1,0,0,1,1,1,1,4,5,0.96,2,2,3,4,4,3.00,0,0,0,4,1,2,0,1,0,3,1,5,5,5,5,5,5,5,3,3,4,4,4,5,5.00,5.00,5.00,3.33,4.33,3.83,4.00,4,4,4,4,3,3,4.00,3.33,3.67,2.00,4.00,1.00,0.00,3.00,10.00,0.00
578,I certify that I am 18 years of age or over,"Yes, I agree to take part",23,Female,,United States of America,Undergraduate degree,4.00,Never,1-10,1,Within the last week,77.00,1,0,0,1,1,1,1,4,5,0.98,4,3,5,4,4,4.00,0,0,0,0,0,0,0,3,1,1,1,5,5,3,5,5,4,5,3,4,4,4,5,4,4.33,4.67,4.50,3.67,4.33,4.00,4.00,2,2,1,4,4,2,1.67,3.33,2.50,2.00,1.00,3.00,2.00,1.50,9.50,0.00
578,I certify that I am 18 years of age or over,"Yes, I agree to take part",23,Female,,United States of America,Undergraduate degree,4.00,Never,1-10,1,Within the last week,77.00,1,1,1,1,1,1,1,5,5,0.98,4,5,4,5,5,4.60,0,0,0,0,0,0,1,5,0,0,1,5,5,3,5,5,4,5,3,4,4,4,4,4,4.33,4.67,4.50,3.67,4.00,3.83,4.00,2,2,2,4,4,2,2.00,3.33,2.67,1.50,2.00,2.00,3.00,2.00,10.50,0.00
579,I certify that I am 18 years of age or over,"Yes, I agree to take part",25,Female,,The Netherlands,Undergraduate degree,4.33,Yearly,11-20,1,Within the last month,50.00,1,1,1,1,1,0,1,4,5,0.86,5,3,4,3,5,4.00,0,0,0,0,0,0,0,0,0,0,0,5,5,2,4,5,4,5,4,4,4,3,4,4,3.67,4.67,4.17,4.00,3.67,3.83,5.00,2,2,2,2,4,2,2.00,2.67,2.34,5.00,0.00,0.00,0.00,2.50,7.50,0.00
579,I certify that I am 18 years of age or over,"Yes, I agree to take part",25,Female,,The Netherlands,Undergraduate degree,4.33,Yearly,11-20,1,Within the last month,50.00,1,0,0,1,1,1,0,3,5,0.86,4,5,4,5,5,4.60,0,0,0,0,0,0,0,0,0,0,0,5,5,4,4,5,4,5,4,4,2,4,4,4,4.33,4.67,4.50,3.33,4.00,3.67,5.00,2,2,2,2,4,2,2.00,2.67,2.34,5.00,0.00,0.00,5.00,2.50,12.50,0.00
580,I certify that I am 18 years of age or over,"Yes, I agree to take part",34,Female,,United States of America,Undergraduate degree,5.00,Yearly,1-10,1,Within the last week,1000.00,1,1,1,1,1,1,1,5,5,1.00,5,4,4,5,4,4.40,1,1,0,3,0,2,0,4,0,4,1,5,5,3,5,4,4,5,5,4,5,4,5,5,4.33,4.33,4.33,4.67,4.67,4.67,5.00,3,2,2,4,3,3,2.33,3.33,2.83,0.00,1.00,1.00,4.00,4.00,10.00,0.00
580,I certify that I am 18 years of age or over,"Yes, I agree to take part",34,Female,,United States of America,Undergraduate degree,5.00,Yearly,1-10,1,Within the last week,1000.00,1,0,1,1,1,1,1,5,5,1.00,5,4,4,5,4,4.40,1,1,0,4,0,3,0,2,1,1,2,5,5,3,5,3,4,5,5,4,5,4,5,5,4.33,4.00,4.17,4.67,4.67,4.67,5.00,2,2,2,3,3,3,2.00,3.00,2.50,1.00,4.00,2.00,2.00,1.00,10.00,0.00
581,I certify that I am 18 years of age or over,"Yes, I agree to take part",27,Male,,Germany,Undergraduate degree,4.17,Never,11-20,1,Within the last week,156.00,1,0,1,1,1,1,1,5,5,1.09,4,3,3,4,3,3.40,1,1,1,5,1,2,1,5,1,1,5,5,5,5,5,5,5,5,3,3,5,4,4,4,5.00,5.00,5.00,3.67,4.00,3.83,5.00,1,1,1,1,2,1,1.00,1.33,1.17,0.00,3.00,2.00,2.00,1.00,8.00,0.00
581,I certify that I am 18 years of age or over,"Yes, I agree to take part",27,Male,,Germany,Undergraduate degree,4.17,Never,11-20,1,Within the last week,156.00,1,1,1,1,1,1,1,5,5,1.09,5,5,4,4,5,4.60,1,1,1,2,1,1,1,5,1,5,5,5,5,5,5,5,5,5,3,3,4,4,4,4,5.00,5.00,5.00,3.33,4.00,3.67,5.00,1,1,1,1,2,1,1.00,1.33,1.17,3.00,2.00,1.00,3.00,3.00,12.00,0.00
582,I certify that I am 18 years of age or over,"Yes, I agree to take part",36,Female,,Denmark,Postgraduate degree,5.00,Yearly,1-10,1,Within the last week,200.00,1,0,0,1,1,1,0,3,5,0.16,4,5,5,4,5,4.60,0,3,0,2,0,3,0,3,0,2,0,5,5,3,5,5,5,5,2,5,5,4,4,4,4.33,5.00,4.67,4.00,4.00,4.00,4.00,4,3,2,4,3,3,3.00,3.33,3.17,2.00,2.00,2.00,2.00,2.00,10.00,0.00
582,I certify that I am 18 years of age or over,"Yes, I agree to take part",36,Female,,Denmark,Postgraduate degree,5.00,Yearly,1-10,1,Within the last week,200.00,1,1,1,1,1,0,1,4,5,0.16,5,5,5,5,5,5.00,0,4,0,5,0,4,0,4,1,5,1,5,5,4,5,5,5,5,2,4,5,4,5,5,4.67,5.00,4.83,3.67,4.67,4.17,5.00,4,2,4,4,3,4,3.33,3.67,3.50,2.00,2.00,2.00,2.00,2.00,10.00,0.00
584,I certify that I am 18 years of age or over,"Yes, I agree to take part",26,Male,,United Kingdom,Postgraduate degree,3.50,Yearly,31+,1,Within the last 6 months,30.00,1,0,0,1,0,1,0,2,5,1.34,3,4,5,3,4,3.80,0,0,0,0,0,0,0,1,0,0,0,5,5,4,4,5,4,5,4,4,5,5,5,4,4.33,4.67,4.50,4.33,4.67,4.50,4.00,2,3,2,4,5,3,2.33,4.00,3.17,0.20,2.00,2.00,0.75,1.25,6.20,7.55
584,I certify that I am 18 years of age or over,"Yes, I agree to take part",26,Male,,United Kingdom,Postgraduate degree,3.50,Yearly,31+,1,Within the last 6 months,30.00,1,1,1,0,1,1,0,3,5,1.34,4,4,3,5,5,4.20,0,0,0,0,0,0,0,3,0,3,0,5,4,4,5,5,4,5,3,3,4,4,5,5,4.33,4.67,4.50,3.33,4.67,4.00,4.00,2,4,2,4,4,3,2.67,3.67,3.17,1.00,1.00,0.75,2.00,1.50,6.25,7.55
586,I certify that I am 18 years of age or over,"Yes, I agree to take part",37,Female,,Sweden,Further education,4.33,Never,21-30,1,Within the last 3 months,750.00,1,1,1,1,0,1,1,4,5,-0.10,5,3,3,4,5,4.00,0,3,0,4,0,2,0,3,0,4,0,5,5,4,5,5,4,4,4,2,4,3,5,4,4.67,4.33,4.50,3.33,4.00,3.67,4.00,1,5,1,1,5,1,2.33,2.33,2.33,0.00,0.00,0.00,0.00,10.00,10.00,0.00
586,I certify that I am 18 years of age or over,"Yes, I agree to take part",37,Female,,Sweden,Further education,4.33,Never,21-30,1,Within the last 3 months,750.00,1,0,1,1,1,1,1,5,5,-0.10,5,4,4,5,5,4.60,0,2,0,4,0,4,0,1,0,4,0,5,5,4,4,5,4,4,4,2,4,3,5,4,4.33,4.33,4.33,3.33,4.00,3.67,4.00,1,5,1,1,5,1,2.33,2.33,2.33,0.00,5.00,0.00,5.00,0.00,10.00,0.00
587,I certify that I am 18 years of age or over,"Yes, I agree to take part",64,Male,,United Kingdom,Postgraduate degree,3.50,Yearly,11-20,1,Within the last week,200.00,0,1,1,1,1,1,1,5,5,1.12,5,3,5,4,4,4.20,1,1,0,5,1,1,0,2,1,5,3,5,5,2,5,5,4,5,2,3,5,4,4,4,4.00,4.67,4.33,3.33,4.00,3.67,4.00,4,2,2,4,4,4,2.67,4.00,3.34,2.00,2.00,2.00,2.00,2.00,10.00,0.00
587,I certify that I am 18 years of age or over,"Yes, I agree to take part",64,Male,,United Kingdom,Postgraduate degree,3.50,Yearly,11-20,1,Within the last week,200.00,0,0,1,1,1,1,0,4,5,1.12,4,4,3,3,3,3.40,0,3,1,5,0,4,1,5,1,1,3,5,5,2,5,5,2,5,3,1,5,3,5,4,4.00,4.00,4.00,3.00,4.00,3.50,5.00,2,2,4,3,4,4,2.67,3.67,3.17,2.00,2.00,2.00,2.00,2.00,10.00,0.00
588,I certify that I am 18 years of age or over,"Yes, I agree to take part",32,Male,,United States of America,Postgraduate degree,4.67,Never,1-10,1,Within the last week,900.00,1,1,1,1,1,1,1,5,5,0.67,2,2,2,2,5,2.60,1,1,0,4,0,2,0,2,0,4,1,5,5,5,5,5,5,5,2,4,4,4,4,4,5.00,5.00,5.00,3.33,4.00,3.67,5.00,4,4,4,4,2,4,4.00,3.33,3.67,2.00,2.00,2.00,2.00,2.00,10.00,0.00
588,I certify that I am 18 years of age or over,"Yes, I agree to take part",32,Male,,United States of America,Postgraduate degree,4.67,Never,1-10,1,Within the last week,900.00,1,0,1,1,1,1,0,4,5,0.67,4,4,4,2,2,3.20,1,1,0,4,1,2,0,2,0,3,2,5,5,5,5,5,5,5,2,4,5,4,4,4,5.00,5.00,5.00,3.67,4.00,3.83,5.00,2,4,2,4,1,4,2.67,3.00,2.84,2.00,2.00,2.00,2.00,2.00,10.00,0.00
589,I certify that I am 18 years of age or over,"Yes, I agree to take part",32,Male,,Germany,Postgraduate degree,4.83,Yearly,1-10,1,Within the last month,89.00,0,0,0,0,1,0,0,1,5,0.50,3,4,4,4,4,3.80,0,3,0,4,0,4,0,3,0,5,0,5,5,4,5,5,5,5,4,2,4,2,5,5,4.67,5.00,4.83,3.33,4.00,3.67,4.00,3,2,2,3,4,4,2.33,3.67,3.00,2.00,1.00,2.00,2.00,2.00,9.00,0.00
589,I certify that I am 18 years of age or over,"Yes, I agree to take part",32,Male,,Germany,Postgraduate degree,4.83,Yearly,1-10,1,Within the last month,89.00,0,1,1,0,1,0,1,3,5,0.50,3,3,4,5,2,3.40,0,4,0,1,0,2,0,3,1,5,1,5,5,3,5,5,4,5,4,2,5,2,4,4,4.33,4.67,4.50,3.67,3.33,3.50,4.00,2,2,3,4,4,4,2.33,4.00,3.17,2.00,1.00,1.00,4.00,3.00,11.00,0.00
590,I certify that I am 18 years of age or over,"Yes, I agree to take part",31,Male,,United States of America,Postgraduate degree,4.17,Monthly,1-10,1,Within the last month,50.00,0,1,1,1,1,0,1,4,5,0.81,2,4,2,4,4,3.20,0,0,0,0,1,1,0,0,0,4,1,5,5,5,5,5,5,5,5,5,5,5,5,5,5.00,5.00,5.00,5.00,5.00,5.00,5.00,1,1,1,1,1,1,1.00,1.00,1.00,0.00,0.00,0.00,0.00,0.00,0.00,0.00
590,I certify that I am 18 years of age or over,"Yes, I agree to take part",31,Male,,United States of America,Postgraduate degree,4.17,Monthly,1-10,1,Within the last month,50.00,0,0,0,1,0,0,0,1,5,0.81,3,4,4,4,5,4.00,0,0,0,3,0,0,0,0,0,0,0,5,5,5,5,5,5,5,5,5,5,5,5,5,5.00,5.00,5.00,5.00,5.00,5.00,5.00,1,1,1,1,1,1,1.00,1.00,1.00,0.00,10.00,0.00,0.00,10.00,20.00,0.00
591,I certify that I am 18 years of age or over,"Yes, I agree to take part",32,Female,,United Kingdom,Undergraduate degree,4.67,Once every 6 months,21-30,1,Within the last week,370.00,0,1,1,1,1,0,1,4,5,1.19,5,4,4,3,5,4.20,0,3,1,2,0,2,0,1,1,5,2,5,5,5,5,4,4,4,2,2,3,2,2,2,5.00,4.00,4.50,2.33,2.00,2.17,5.00,2,2,2,4,4,4,2.00,4.00,3.00,0.50,0.50,0.50,0.50,0.50,2.50,15.00
591,I certify that I am 18 years of age or over,"Yes, I agree to take part",32,Female,,United Kingdom,Undergraduate degree,4.67,Once every 6 months,21-30,1,Within the last week,370.00,0,0,1,0,1,1,0,3,5,1.19,4,4,4,3,3,3.60,0,2,0,3,0,1,0,2,1,1,1,5,4,5,5,4,4,4,2,2,3,2,2,3,4.67,4.00,4.33,2.33,2.33,2.33,5.00,2,2,2,4,4,4,2.00,4.00,3.00,0.50,0.50,0.50,0.50,0.50,2.50,15.00
592,I certify that I am 18 years of age or over,"Yes, I agree to take part",22,Male,,United Kingdom,Further education,4.83,Yearly,31+,1,Within the last month,8.00,0,0,0,0,0,1,0,1,5,0.51,5,1,1,4,2,2.60,1,1,0,1,0,4,0,3,1,1,2,5,5,5,4,5,5,4,5,5,5,5,5,5,4.67,4.67,4.67,5.00,5.00,5.00,5.00,1,1,1,1,1,1,1.00,1.00,1.00,0.50,0.50,0.40,0.15,0.15,1.70,15.00
592,I certify that I am 18 years of age or over,"Yes, I agree to take part",22,Male,,United Kingdom,Further education,4.83,Yearly,31+,1,Within the last month,8.00,0,1,0,0,1,1,1,3,5,0.51,4,5,2,5,4,4.00,0,2,0,3,1,1,1,5,0,4,2,5,5,4,5,4,5,5,5,4,4,5,5,5,4.67,4.67,4.67,4.33,5.00,4.67,5.00,4,1,1,1,1,1,2.00,1.00,1.50,0.25,0.25,0.30,2.00,0.50,3.30,15.00
593,I certify that I am 18 years of age or over,"Yes, I agree to take part",26,Female,,United States of America,Undergraduate degree,4.67,Never,11-20,1,Within the last month,270.00,1,1,1,1,1,1,1,5,5,0.66,4,3,4,3,5,3.80,0,4,0,4,1,1,0,3,1,5,2,5,5,4,5,5,4,5,3,3,4,4,4,4,4.67,4.67,4.67,3.33,4.00,3.67,5.00,1,4,1,1,4,1,2.00,2.00,2.00,2.00,2.00,1.00,2.00,3.00,10.00,0.00
593,I certify that I am 18 years of age or over,"Yes, I agree to take part",26,Female,,United States of America,Undergraduate degree,4.67,Never,11-20,1,Within the last month,270.00,1,0,1,1,1,1,1,5,5,0.66,3,5,4,3,3,3.60,0,2,0,1,0,1,0,1,0,3,0,5,5,5,5,5,5,5,3,3,4,4,5,4,5.00,5.00,5.00,3.33,4.33,3.83,5.00,1,2,1,1,4,1,1.33,2.00,1.67,2.00,2.00,2.00,2.00,2.00,10.00,0.00
594,I certify that I am 18 years of age or over,"Yes, I agree to take part",20,Female,,Germany,Further education,4.83,Yearly,21-30,1,Within the last week,115.50,0,0,0,1,0,0,1,2,5,1.07,3,3,3,2,3,2.80,1,1,0,4,0,4,0,3,1,1,2,5,5,5,5,5,4,5,2,2,2,3,5,4,5.00,4.67,4.83,2.00,4.00,3.00,5.00,4,4,4,4,5,4,4.00,4.33,4.17,0.50,1.50,0.50,0.50,1.50,4.50,0.00
594,I certify that I am 18 years of age or over,"Yes, I agree to take part",20,Female,,Germany,Further education,4.83,Yearly,21-30,1,Within the last week,115.50,0,1,1,1,1,1,1,5,5,1.07,4,5,4,4,5,4.40,0,3,0,3,0,3,0,3,1,5,1,5,5,4,5,5,4,5,3,3,4,4,5,4,4.67,4.67,4.67,3.33,4.33,3.83,5.00,2,3,2,4,4,4,2.33,4.00,3.17,2.50,3.00,2.00,3.00,5.00,15.50,0.00
595,I certify that I am 18 years of age or over,"Yes, I agree to take part",30,Female,,Sweden,Postgraduate degree,3.17,Never,1-10,1,Within the last month,400.00,0,0,0,1,1,0,1,3,5,0.32,2,2,3,4,2,2.60,0,2,0,0,0,0,0,0,0,0,0,5,5,3,5,5,4,5,3,4,4,4,4,4,4.33,4.67,4.50,3.67,4.00,3.83,4.00,3,4,2,3,5,2,3.00,3.33,3.17,0.00,4.00,0.00,4.00,0.00,8.00,0.00
595,I certify that I am 18 years of age or over,"Yes, I agree to take part",30,Female,,Sweden,Postgraduate degree,3.17,Never,1-10,1,Within the last month,400.00,0,1,1,0,1,1,1,4,5,0.32,4,4,4,3,3,3.60,0,2,0,4,0,3,0,4,0,4,0,5,5,3,5,5,4,5,3,4,4,4,3,4,4.33,4.67,4.50,3.67,3.67,3.67,4.00,3,4,2,3,5,3,3.00,3.67,3.34,0.00,2.00,0.00,4.00,6.00,12.00,0.00
596,I certify that I am 18 years of age or over,"Yes, I agree to take part",28,Female,,United States of America,None specified,4.83,Monthly,11-20,1,Within the last week,300.00,1,0,1,1,1,1,1,5,5,1.23,5,5,5,3,3,4.20,1,1,1,5,0,3,0,3,1,1,3,5,5,3,4,5,2,5,4,4,5,4,5,5,4.00,4.00,4.00,4.33,4.67,4.50,5.00,1,1,1,2,2,2,1.00,2.00,1.50,1.00,5.00,1.50,1.00,0.50,9.00,0.50
596,I certify that I am 18 years of age or over,"Yes, I agree to take part",28,Female,,United States of America,None specified,4.83,Monthly,11-20,1,Within the last week,300.00,1,1,1,1,1,1,1,5,5,1.23,4,5,3,5,5,4.40,1,1,0,4,1,1,0,4,1,5,3,5,5,5,5,5,5,5,3,3,3,4,5,5,5.00,5.00,5.00,3.00,4.67,3.83,5.00,1,1,1,2,2,1,1.00,1.67,1.34,1.00,1.00,1.50,1.00,6.00,10.50,0.50
597,I certify that I am 18 years of age or over,"Yes, I agree to take part",29,Female,,Poland,Undergraduate degree,2.00,Once every 6 months,1-10,1,Within the last week,1000.00,0,1,1,1,1,1,1,5,5,1.12,5,5,4,4,5,4.60,0,4,0,0,0,4,1,5,1,5,2,5,5,4,5,5,4,5,4,3,4,4,3,4,4.67,4.67,4.67,3.67,3.67,3.67,4.00,2,3,2,3,2,2,2.33,2.33,2.33,2.00,2.00,2.00,2.00,2.00,10.00,0.00
597,I certify that I am 18 years of age or over,"Yes, I agree to take part",29,Female,,Poland,Undergraduate degree,2.00,Once every 6 months,1-10,1,Within the last week,1000.00,0,0,0,1,1,1,1,4,5,1.12,3,4,4,4,3,3.60,0,0,0,4,0,0,0,0,0,0,0,5,5,4,4,5,4,4,4,3,3,3,3,4,4.33,4.33,4.33,3.33,3.33,3.33,4.00,3,2,2,3,3,3,2.33,3.00,2.67,2.00,2.00,2.00,2.00,2.00,10.00,0.00
598,I certify that I am 18 years of age or over,"Yes, I agree to take part",31,Female,,United Kingdom,Further education,4.83,Yearly,11-20,1,Within the last month,336.00,0,0,1,1,1,1,1,5,5,0.56,4,5,5,3,4,4.20,1,1,1,5,1,2,1,5,0,4,4,5,5,5,5,5,5,5,5,5,5,5,5,5,5.00,5.00,5.00,5.00,5.00,5.00,5.00,1,1,1,1,1,1,1.00,1.00,1.00,0.25,5.00,1.00,1.00,2.50,9.75,0.00
598,I certify that I am 18 years of age or over,"Yes, I agree to take part",31,Female,,United Kingdom,Further education,4.83,Yearly,11-20,1,Within the last month,336.00,0,1,1,1,1,1,1,5,5,0.56,5,3,4,5,5,4.40,0,3,0,3,0,3,1,5,1,5,2,5,5,5,5,5,5,5,5,4,5,4,4,4,5.00,5.00,5.00,4.67,4.00,4.33,5.00,1,1,1,1,1,1,1.00,1.00,1.00,0.50,1.50,0.25,3.00,5.00,10.25,0.00
599,I certify that I am 18 years of age or over,"Yes, I agree to take part",31,Male,,United States of America,Further education,3.17,Never,11-20,1,Within the last month,105.20,1,1,1,1,1,0,1,4,5,0.52,4,5,5,2,4,4.00,0,0,0,0,0,0,0,3,0,4,0,5,5,5,5,5,5,5,4,4,4,2,4,4,5.00,5.00,5.00,4.00,3.33,3.67,4.00,2,4,4,4,1,2,3.33,2.33,2.83,2.00,2.00,2.00,2.00,2.00,10.00,0.00
599,I certify that I am 18 years of age or over,"Yes, I agree to take part",31,Male,,United States of America,Further education,3.17,Never,11-20,1,Within the last month,105.20,1,0,0,0,0,0,0,0,5,0.52,5,5,1,2,4,3.40,1,1,0,1,0,0,0,1,0,3,1,5,5,5,5,5,5,5,4,2,4,2,2,4,5.00,5.00,5.00,3.33,2.67,3.00,4.00,4,2,4,4,2,2,3.33,2.67,3.00,2.00,2.00,2.00,2.00,2.00,10.00,0.00
600,I certify that I am 18 years of age or over,"Yes, I agree to take part",28,Female,,United States of America,Postgraduate degree,3.17,Yearly,1-10,1,Within the last 3 months,180.00,0,0,1,1,1,0,1,4,5,1.38,1,3,2,2,3,2.20,1,1,0,3,0,1,0,1,0,2,1,5,5,3,5,5,3,5,4,4,5,4,5,4,4.33,4.33,4.33,4.33,4.33,4.33,4.00,4,3,4,4,4,4,3.67,4.00,3.84,0.50,3.50,0.50,0.50,0.50,5.50,0.00
600,I certify that I am 18 years of age or over,"Yes, I agree to take part",28,Female,,United States of America,Postgraduate degree,3.17,Yearly,1-10,1,Within the last 3 months,180.00,0,1,1,0,1,1,1,4,5,1.38,4,3,4,5,2,3.60,1,1,0,0,0,3,0,4,1,5,2,5,5,5,5,5,5,5,4,4,5,4,5,4,5.00,5.00,5.00,4.33,4.33,4.33,5.00,4,3,4,3,1,4,3.67,2.67,3.17,0.50,0.50,3.50,4.50,5.50,14.50,0.00
601,I certify that I am 18 years of age or over,"Yes, I agree to take part",31,Female,,United Kingdom,Further education,3.00,Monthly,11-20,1,Within the last 3 months,352.20,0,0,0,1,1,1,1,4,5,0.30,3,4,3,4,5,3.80,1,1,0,4,0,0,1,5,0,3,2,5,5,3,5,5,2,5,3,3,3,3,4,4,4.33,4.00,4.17,3.00,3.67,3.33,3.00,1,2,1,4,5,4,1.33,4.33,2.83,0.00,3.00,0.00,2.00,2.00,7.00,0.00
601,I certify that I am 18 years of age or over,"Yes, I agree to take part",31,Female,,United Kingdom,Further education,3.00,Monthly,11-20,1,Within the last 3 months,352.20,0,1,1,1,0,1,1,4,5,0.30,3,5,2,4,4,3.60,0,3,0,4,1,1,0,2,1,5,2,5,5,2,5,5,2,5,3,3,3,3,3,3,4.00,4.00,4.00,3.00,3.00,3.00,4.00,2,1,1,4,5,4,1.33,4.33,2.83,2.00,5.00,0.00,2.00,4.00,13.00,0.00
602,I certify that I am 18 years of age or over,"Yes, I agree to take part",31,Male,,Australia,Undergraduate degree,3.50,Never,11-20,1,Within the last 3 months,75.00,1,0,1,1,1,1,1,5,5,0.49,3,4,4,3,4,3.60,1,1,0,4,0,1,0,3,0,2,1,5,5,2,4,4,2,4,3,3,5,3,4,4,3.67,3.33,3.50,3.67,3.67,3.67,4.00,3,4,3,3,4,3,3.33,3.33,3.33,2.50,3.00,0.50,2.00,0.50,8.50,0.00
602,I certify that I am 18 years of age or over,"Yes, I agree to take part",31,Male,,Australia,Undergraduate degree,3.50,Never,11-20,1,Within the last 3 months,75.00,1,1,1,1,1,1,1,5,5,0.49,4,3,3,3,4,3.40,0,3,1,2,0,2,0,4,1,5,2,5,5,2,3,5,3,4,1,4,5,3,4,4,3.33,4.00,3.67,3.33,3.67,3.50,4.00,3,4,3,3,4,3,3.33,3.33,3.33,2.00,1.50,2.50,2.50,3.00,11.50,0.00
603,I certify that I am 18 years of age or over,"Yes, I agree to take part",30,Female,,United Kingdom,Postgraduate degree,4.17,Monthly,21-30,1,Within the last week,1000.00,0,1,1,0,1,0,1,3,5,0.83,3,3,2,5,5,3.60,0,3,0,4,0,2,1,5,1,5,2,5,5,4,4,5,4,4,3,2,4,4,5,4,4.33,4.33,4.33,3.00,4.33,3.67,5.00,2,2,2,4,4,4,2.00,4.00,3.00,2.00,2.00,2.00,2.00,2.00,10.00,0.00
603,I certify that I am 18 years of age or over,"Yes, I agree to take part",30,Female,,United Kingdom,Postgraduate degree,4.17,Monthly,21-30,1,Within the last week,1000.00,0,0,0,0,0,1,0,1,5,0.83,3,4,3,3,4,3.40,1,1,1,5,0,1,0,1,1,1,3,5,5,4,4,4,5,4,2,2,4,4,5,4,4.33,4.33,4.33,2.67,4.33,3.50,5.00,2,2,2,4,4,4,2.00,4.00,3.00,2.00,2.00,2.00,2.00,2.00,10.00,0.00
604,I certify that I am 18 years of age or over,"Yes, I agree to take part",28,Female,,United States of America,Postgraduate degree,3.67,Never,1-10,1,Within the last week,37.00,0,1,1,0,1,1,1,4,5,1.06,5,4,5,4,5,4.60,0,3,0,1,0,3,0,4,1,5,1,5,5,5,5,5,5,5,4,4,5,4,4,4,5.00,5.00,5.00,4.33,4.00,4.17,4.00,2,4,2,2,4,2,2.67,2.67,2.67,2.00,2.00,2.00,2.00,2.00,10.00,0.00
604,I certify that I am 18 years of age or over,"Yes, I agree to take part",28,Female,,United States of America,Postgraduate degree,3.67,Never,1-10,1,Within the last week,37.00,0,0,1,0,1,1,0,3,5,1.06,2,4,4,2,2,2.80,1,1,0,2,0,3,0,2,0,2,1,5,5,5,5,5,5,5,4,4,5,4,4,4,5.00,5.00,5.00,4.33,4.00,4.17,4.00,2,4,2,2,4,2,2.67,2.67,2.67,2.00,2.00,2.00,2.00,2.00,10.00,0.00
605,I certify that I am 18 years of age or over,"Yes, I agree to take part",31,Female,,United States of America,Postgraduate degree,3.83,Monthly,11-20,1,Within the last 6 months,475.00,1,1,1,1,1,1,1,5,5,0.66,4,4,5,5,5,4.60,1,1,0,1,0,4,1,5,1,5,3,5,5,5,5,5,5,5,3,4,4,3,4,4,5.00,5.00,5.00,3.67,3.67,3.67,5.00,4,1,1,4,1,1,2.00,2.00,2.00,0.60,0.80,0.60,4.00,4.00,10.00,0.00
605,I certify that I am 18 years of age or over,"Yes, I agree to take part",31,Female,,United States of America,Postgraduate degree,3.83,Monthly,11-20,1,Within the last 6 months,475.00,1,0,0,1,1,1,0,3,5,0.66,4,4,4,5,4,4.20,0,3,0,4,0,3,0,4,0,3,0,5,5,5,5,5,5,5,4,4,4,3,4,4,5.00,5.00,5.00,4.00,3.67,3.83,5.00,4,1,1,4,1,1,2.00,2.00,2.00,0.60,4.00,0.80,4.00,0.60,10.00,0.00
606,I certify that I am 18 years of age or over,"Yes, I agree to take part",29,Female,,United States of America,Further education,5.00,Never,1-10,1,Within the last week,430.00,1,0,1,1,0,1,1,4,5,1.40,3,4,3,4,4,3.60,1,1,1,5,0,1,0,1,0,3,2,5,5,4,4,5,4,4,5,5,5,5,4,5,4.33,4.33,4.33,5.00,4.67,4.83,4.00,2,2,2,4,4,4,2.00,4.00,3.00,1.50,3.00,2.00,2.00,1.50,10.00,1.00
606,I certify that I am 18 years of age or over,"Yes, I agree to take part",29,Female,,United States of America,Further education,5.00,Never,1-10,1,Within the last week,430.00,1,1,1,1,1,1,0,4,5,1.40,4,5,4,5,5,4.60,0,2,0,3,0,2,0,4,0,4,0,5,5,4,4,4,3,4,5,5,4,4,4,5,4.33,3.67,4.00,4.67,4.33,4.50,5.00,2,4,2,4,4,2,2.67,3.33,3.00,1.00,2.00,2.00,2.00,2.00,9.00,1.00
607,I certify that I am 18 years of age or over,"Yes, I agree to take part",25,Female,,The Netherlands,Postgraduate degree,4.33,Monthly,1-10,1,Within the last week,100.00,1,1,1,0,1,1,1,4,5,0.83,3,4,4,4,5,4.00,0,3,0,3,0,3,0,3,1,5,1,5,5,2,4,5,3,5,4,4,4,4,4,4,3.67,4.33,4.00,4.00,4.00,4.00,4.00,3,2,3,3,2,4,2.67,3.00,2.84,0.00,0.00,0.00,0.00,0.00,0.00,20.00
607,I certify that I am 18 years of age or over,"Yes, I agree to take part",25,Female,,The Netherlands,Postgraduate degree,4.33,Monthly,1-10,1,Within the last week,100.00,1,0,0,1,0,0,1,2,5,0.83,3,3,3,5,4,3.60,0,2,0,2,0,0,0,4,0,3,0,5,5,2,4,5,2,4,4,4,4,4,4,4,3.67,3.67,3.67,4.00,4.00,4.00,4.00,3,2,3,3,2,4,2.67,3.00,2.84,0.00,0.00,0.00,0.00,0.00,0.00,20.00
608,I certify that I am 18 years of age or over,"Yes, I agree to take part",52,Female,,United States of America,Undergraduate degree,4.50,Yearly,21-30,1,Within the last week,1000.00,0,0,1,1,1,1,1,5,5,0.24,2,4,2,4,3,3.00,1,1,0,3,0,4,0,2,0,3,1,5,5,4,5,4,5,5,4,4,2,4,5,5,4.67,4.67,4.67,3.33,4.67,4.00,5.00,4,4,4,4,4,4,4.00,4.00,4.00,1.00,1.00,2.00,2.00,2.00,8.00,2.00
608,I certify that I am 18 years of age or over,"Yes, I agree to take part",52,Female,,United States of America,Undergraduate degree,4.50,Yearly,21-30,1,Within the last week,1000.00,0,1,1,1,1,1,1,5,5,0.24,5,4,3,4,4,4.00,1,1,0,5,0,4,1,5,1,5,3,5,5,5,5,5,5,5,4,4,5,4,5,5,5.00,5.00,5.00,4.33,4.67,4.50,5.00,2,4,2,4,5,5,2.67,4.67,3.67,2.00,2.00,2.00,2.00,2.00,10.00,2.00
609,I certify that I am 18 years of age or over,"Yes, I agree to take part",31,Female,,United Kingdom,Undergraduate degree,2.17,Never,11-20,1,Within the last week,350.00,1,1,1,1,1,1,1,5,5,0.34,3,3,2,4,4,3.20,0,0,1,2,0,3,1,5,1,5,3,5,5,4,5,5,4,5,3,3,4,4,5,4,4.67,4.67,4.67,3.33,4.33,3.83,4.00,2,2,3,3,4,3,2.33,3.33,2.83,2.00,2.00,2.00,2.00,2.00,10.00,0.00
609,I certify that I am 18 years of age or over,"Yes, I agree to take part",31,Female,,United Kingdom,Undergraduate degree,2.17,Never,11-20,1,Within the last week,350.00,1,0,0,1,1,0,1,3,5,0.34,4,3,2,4,4,3.40,0,0,1,5,0,0,0,0,0,0,1,5,5,4,5,5,4,5,2,4,4,3,4,5,4.67,4.67,4.67,3.33,4.00,3.67,4.00,2,2,3,3,4,3,2.33,3.33,2.83,2.00,2.00,2.00,2.00,2.00,10.00,0.00
610,I certify that I am 18 years of age or over,"Yes, I agree to take part",38,Other,"Female, Non-Binary",United States of America,Undergraduate degree,4.67,Yearly,11-20,1,Within the last week,2000.00,1,0,1,1,1,1,1,5,5,-0.38,4,4,5,3,4,4.00,0,2,1,5,1,2,1,5,1,1,4,5,5,2,5,5,4,5,4,4,5,4,5,4,4.00,4.67,4.33,4.33,4.33,4.33,5.00,2,1,2,2,2,5,1.67,3.00,2.34,1.00,4.00,1.00,2.00,0.00,8.00,0.00
610,I certify that I am 18 years of age or over,"Yes, I agree to take part",38,Other,"Female, Non-Binary",United States of America,Undergraduate degree,4.67,Yearly,11-20,1,Within the last week,2000.00,1,1,1,1,1,1,1,5,5,-0.38,3,5,5,5,5,4.60,1,1,0,3,0,2,1,5,1,5,3,5,5,2,4,4,5,5,3,2,5,5,4,5,3.67,4.67,4.17,3.33,4.67,4.00,5.00,2,1,2,2,2,2,1.67,2.00,1.84,0.00,1.00,1.00,5.00,5.00,12.00,0.00
611,I certify that I am 18 years of age or over,"Yes, I agree to take part",27,Male,,United States of America,Undergraduate degree,4.83,Once every 6 months,1-10,1,Within the last week,120.00,0,0,1,1,1,1,1,5,5,1.10,4,5,4,5,5,4.60,1,1,0,4,0,3,0,4,0,3,1,5,5,5,5,5,5,5,4,4,5,3,4,4,5.00,5.00,5.00,4.33,3.67,4.00,5.00,1,4,1,1,4,2,2.00,2.33,2.17,1.00,3.00,2.00,2.00,1.00,9.00,0.00
611,I certify that I am 18 years of age or over,"Yes, I agree to take part",27,Male,,United States of America,Undergraduate degree,4.83,Once every 6 months,1-10,1,Within the last week,120.00,0,1,1,1,1,1,1,5,5,1.10,4,4,5,5,5,4.60,0,2,1,2,0,2,0,3,1,5,2,5,5,5,5,5,5,5,4,4,5,3,5,4,5.00,5.00,5.00,4.33,4.00,4.17,5.00,3,4,1,1,4,1,2.67,2.00,2.34,2.00,1.00,2.00,2.00,4.00,11.00,0.00
612,I certify that I am 18 years of age or over,"Yes, I agree to take part",27,Female,,Sweden,Postgraduate degree,4.33,Yearly,21-30,1,More than 1 year ago,134.30,0,0,0,0,1,1,1,3,5,0.81,4,2,4,3,3,3.20,0,0,0,0,0,0,0,0,0,2,0,5,5,5,5,5,5,5,4,4,5,4,4,4,5.00,5.00,5.00,4.33,4.00,4.17,5.00,2,2,2,1,1,1,2.00,1.00,1.50,1.50,1.50,1.00,1.50,1.50,7.00,0.00
612,I certify that I am 18 years of age or over,"Yes, I agree to take part",27,Female,,Sweden,Postgraduate degree,4.33,Yearly,21-30,1,More than 1 year ago,134.30,0,1,1,1,1,1,1,5,5,0.81,5,4,5,5,5,4.80,0,3,0,5,1,1,0,4,1,5,2,5,5,5,5,5,5,5,4,4,4,4,4,4,5.00,5.00,5.00,4.00,4.00,4.00,5.00,2,2,1,1,1,1,1.67,1.00,1.34,3.00,2.00,0.00,3.00,5.00,13.00,0.00
613,I certify that I am 18 years of age or over,"Yes, I agree to take part",32,Female,,United States of America,Undergraduate degree,3.67,Never,1-10,1,Within the last month,76.00,0,1,1,0,1,1,1,4,5,0.89,5,4,2,5,5,4.20,1,1,0,4,0,0,0,4,0,4,1,5,5,5,5,5,5,5,3,2,2,2,2,4,5.00,5.00,5.00,2.33,2.67,2.50,4.00,4,4,4,3,4,1,4.00,2.67,3.34,1.00,1.00,1.00,1.00,1.00,5.00,10.00
613,I certify that I am 18 years of age or over,"Yes, I agree to take part",32,Female,,United States of America,Undergraduate degree,3.67,Never,1-10,1,Within the last month,76.00,0,0,0,0,0,0,0,0,5,0.89,4,2,3,4,5,3.60,0,0,0,0,1,2,0,3,0,0,1,5,5,5,5,5,4,5,3,2,2,2,2,2,5.00,4.67,4.83,2.33,2.00,2.17,4.00,4,4,4,3,4,3,4.00,3.33,3.67,1.00,1.00,1.00,1.00,1.00,5.00,10.00
614,I certify that I am 18 years of age or over,"Yes, I agree to take part",28,Female,,The Netherlands,Further education,2.83,Once every 3 months,31+,1,Within the last year,600.00,1,0,0,1,0,1,0,2,5,0.52,3,2,4,3,3,3.00,1,1,0,0,0,1,0,1,0,0,1,5,5,5,5,5,5,5,4,4,5,4,5,4,5.00,5.00,5.00,4.33,4.33,4.33,5.00,2,2,1,4,1,1,1.67,2.00,1.84,1.75,1.75,1.75,1.75,1.75,8.75,0.00
614,I certify that I am 18 years of age or over,"Yes, I agree to take part",28,Female,,The Netherlands,Further education,2.83,Once every 3 months,31+,1,Within the last year,600.00,1,1,1,1,1,1,1,5,5,0.52,5,4,5,5,5,4.80,0,4,0,5,1,1,0,3,1,5,2,5,5,4,5,5,4,5,4,4,5,4,5,5,4.67,4.67,4.67,4.33,4.67,4.50,5.00,2,2,2,4,4,1,2.00,3.00,2.50,2.50,2.00,2.00,2.00,2.75,11.25,0.00
615,I certify that I am 18 years of age or over,"Yes, I agree to take part",30,Female,,New Zealand,Further education,4.50,Never,11-20,1,Within the last month,218.00,1,1,1,0,1,1,1,4,5,1.05,4,4,5,4,5,4.40,0,3,0,3,0,2,0,2,0,3,0,5,5,4,5,5,4,5,2,2,4,2,5,5,4.67,4.67,4.67,2.67,4.00,3.33,5.00,4,1,2,2,4,2,2.33,2.67,2.50,2.00,2.00,2.00,2.00,2.00,10.00,0.00
615,I certify that I am 18 years of age or over,"Yes, I agree to take part",30,Female,,New Zealand,Further education,4.50,Never,11-20,1,Within the last month,218.00,1,0,0,1,1,1,1,4,5,1.05,4,4,3,4,3,3.60,0,2,0,1,0,4,0,4,0,2,0,5,5,2,5,5,4,5,2,2,2,2,4,4,4.00,4.67,4.33,2.00,3.33,2.67,5.00,2,1,2,2,4,2,1.67,2.67,2.17,2.00,2.00,2.00,2.00,2.00,10.00,0.00
616,I certify that I am 18 years of age or over,"Yes, I agree to take part",33,Female,,United States of America,Further education,4.33,Never,21-30,1,Within the last week,950.00,0,1,1,1,1,1,1,5,5,0.74,4,4,3,2,5,3.60,1,1,0,3,1,1,0,4,1,5,3,5,5,4,5,5,5,5,5,5,5,5,5,5,4.67,5.00,4.83,5.00,5.00,5.00,5.00,1,1,1,4,2,4,1.00,3.33,2.17,0.00,0.00,0.00,0.00,7.50,7.50,0.00
616,I certify that I am 18 years of age or over,"Yes, I agree to take part",33,Female,,United States of America,Further education,4.33,Never,21-30,1,Within the last week,950.00,0,0,0,1,1,1,1,4,5,0.74,4,4,4,5,4,4.20,1,1,0,4,0,3,0,3,0,2,1,5,5,1,5,5,2,5,5,5,5,4,5,5,3.67,4.00,3.83,5.00,4.67,4.83,5.00,1,1,1,4,4,4,1.00,4.00,2.50,0.00,5.00,5.00,2.50,0.00,12.50,0.00
617,I certify that I am 18 years of age or over,"Yes, I agree to take part",44,Female,,United States of America,Undergraduate degree,3.83,Yearly,21-30,1,Within the last month,300.00,1,1,1,1,1,1,1,5,5,0.22,3,4,4,3,3,3.40,0,3,0,3,0,4,0,1,0,3,0,5,5,4,5,5,5,5,2,3,5,4,4,5,4.67,5.00,4.83,3.33,4.33,3.83,5.00,2,2,2,3,2,2,2.00,2.33,2.17,1.00,3.00,3.00,1.00,1.50,9.50,0.00
617,I certify that I am 18 years of age or over,"Yes, I agree to take part",44,Female,,United States of America,Undergraduate degree,3.83,Yearly,21-30,1,Within the last month,300.00,1,0,1,1,1,1,1,5,5,0.22,4,5,5,4,4,4.40,1,1,0,4,0,1,0,1,1,1,2,5,5,5,5,5,4,5,4,3,4,4,5,4,5.00,4.67,4.83,3.67,4.33,4.00,5.00,2,2,2,3,2,1,2.00,2.00,2.00,1.50,4.00,1.50,2.00,1.50,10.50,0.00
618,I certify that I am 18 years of age or over,"Yes, I agree to take part",22,Female,,Germany,Further education,4.33,Never,1-10,1,Within the last week,160.00,1,1,1,0,1,0,0,2,5,0.83,3,5,3,2,5,3.60,1,1,0,3,1,1,0,0,0,0,2,5,5,4,5,5,5,5,5,4,5,4,5,4,4.67,5.00,4.83,4.67,4.33,4.50,5.00,1,4,1,1,5,1,2.00,2.33,2.17,2.00,2.00,2.00,2.00,2.00,10.00,0.00
618,I certify that I am 18 years of age or over,"Yes, I agree to take part",22,Female,,Germany,Further education,4.33,Never,1-10,1,Within the last week,160.00,1,0,0,0,1,0,0,1,5,0.83,4,2,3,4,4,3.40,0,0,0,0,0,0,0,1,0,0,0,5,5,4,5,5,5,5,4,4,5,4,5,4,4.67,5.00,4.83,4.33,4.33,4.33,5.00,1,4,1,2,5,1,2.00,2.67,2.34,2.00,2.00,2.00,2.00,2.00,10.00,0.00
620,I certify that I am 18 years of age or over,"Yes, I agree to take part",19,Female,,United States of America,Secondary school,4.17,Never,1-10,1,Within the last month,300.00,1,1,1,1,1,1,1,5,5,0.73,4,4,4,4,4,4.00,1,1,0,3,0,3,0,3,0,4,1,5,4,3,5,4,3,4,4,4,4,4,4,4,4.00,3.67,3.83,4.00,4.00,4.00,4.00,2,2,2,1,2,2,2.00,1.67,1.84,2.00,2.00,2.00,2.00,2.00,10.00,0.00
620,I certify that I am 18 years of age or over,"Yes, I agree to take part",19,Female,,United States of America,Secondary school,4.17,Never,1-10,1,Within the last month,300.00,1,0,0,0,1,1,1,3,5,0.73,4,4,4,4,4,4.00,0,2,0,4,0,4,0,2,0,2,0,5,4,3,4,4,3,5,4,4,4,4,4,4,3.67,4.00,3.83,4.00,4.00,4.00,4.00,2,2,2,3,2,1,2.00,2.00,2.00,2.00,2.00,2.00,2.00,2.00,10.00,0.00
621,I certify that I am 18 years of age or over,"Yes, I agree to take part",41,Female,,Australia,Postgraduate degree,4.17,Monthly,1-10,1,Within the last week,1500.00,1,1,1,1,1,1,1,5,5,0.61,5,5,5,5,4,4.80,1,1,0,1,0,3,0,2,0,1,1,5,5,4,5,5,4,5,4,4,4,4,4,5,4.67,4.67,4.67,4.00,4.33,4.17,4.00,2,5,1,3,5,2,2.67,3.33,3.00,0.05,0.05,0.05,0.05,0.05,0.25,19.50
621,I certify that I am 18 years of age or over,"Yes, I agree to take part",41,Female,,Australia,Postgraduate degree,4.17,Monthly,1-10,1,Within the last week,1500.00,1,0,0,1,1,1,0,3,5,0.61,5,4,3,3,5,4.00,1,1,0,4,0,4,0,3,0,3,1,5,5,3,5,5,4,5,2,4,4,2,5,4,4.33,4.67,4.50,3.33,3.67,3.50,4.00,1,4,1,2,5,1,2.00,2.67,2.34,0.05,0.05,0.05,0.05,0.05,0.25,19.50
622,I certify that I am 18 years of age or over,"Yes, I agree to take part",34,Female,,United States of America,Postgraduate degree,4.83,Yearly,31+,1,Within the last week,10.00,0,1,1,1,1,1,1,5,5,0.49,4,3,4,4,5,4.00,1,1,0,4,1,1,0,4,0,3,2,5,5,5,5,5,5,5,2,2,2,4,4,4,5.00,5.00,5.00,2.00,4.00,3.00,5.00,2,4,4,4,2,4,3.33,3.33,3.33,2.00,2.00,0.00,2.00,4.00,10.00,0.00
622,I certify that I am 18 years of age or over,"Yes, I agree to take part",34,Female,,United States of America,Postgraduate degree,4.83,Yearly,31+,1,Within the last week,10.00,0,0,0,0,0,1,0,1,5,0.49,3,3,4,4,5,3.80,1,1,0,1,1,2,0,3,1,1,3,5,5,5,5,4,5,5,3,2,3,4,2,5,5.00,4.67,4.83,2.67,3.67,3.17,5.00,2,4,4,4,4,4,3.33,4.00,3.67,0.00,2.00,4.00,2.00,2.00,10.00,0.00
623,I certify that I am 18 years of age or over,"Yes, I agree to take part",35,Female,,Sweden,Undergraduate degree,4.50,Never,11-20,1,Within the last year,37.00,0,1,0,0,1,1,1,3,5,0.97,4,4,5,5,4,4.40,0,0,0,0,0,2,0,0,0,2,0,5,5,5,5,5,5,5,4,4,4,4,4,4,5.00,5.00,5.00,4.00,4.00,4.00,5.00,1,1,1,1,1,1,1.00,1.00,1.00,2.00,2.00,2.00,2.00,2.00,10.00,0.00
623,I certify that I am 18 years of age or over,"Yes, I agree to take part",35,Female,,Sweden,Undergraduate degree,4.50,Never,11-20,1,Within the last year,37.00,0,0,0,0,0,1,0,1,5,0.97,4,3,4,4,5,4.00,0,0,0,0,0,0,0,0,0,0,0,5,5,5,5,5,5,5,4,4,4,4,4,4,5.00,5.00,5.00,4.00,4.00,4.00,5.00,1,1,2,1,2,2,1.33,1.67,1.50,2.00,2.00,2.00,2.00,2.00,10.00,0.00
624,I certify that I am 18 years of age or over,"Yes, I agree to take part",30,Female,,United States of America,Postgraduate degree,2.50,Never,21-30,1,Within the last 3 months,271.00,1,0,1,1,1,1,1,5,5,1.12,2,5,2,2,3,2.80,1,1,1,5,0,3,0,1,0,3,2,5,5,5,5,5,5,5,4,4,4,4,5,5,5.00,5.00,5.00,4.00,4.67,4.33,5.00,4,2,1,2,1,1,2.33,1.33,1.83,0.50,4.50,0.50,0.50,0.50,6.50,5.00
624,I certify that I am 18 years of age or over,"Yes, I agree to take part",30,Female,,United States of America,Postgraduate degree,2.50,Never,21-30,1,Within the last 3 months,271.00,1,1,1,0,1,1,1,4,5,1.12,1,2,1,4,5,2.60,1,1,0,3,0,2,0,2,1,5,2,5,5,5,5,5,5,5,4,4,5,4,5,4,5.00,5.00,5.00,4.33,4.33,4.33,5.00,4,1,1,1,2,1,2.00,1.33,1.67,1.00,1.00,1.00,1.00,4.50,8.50,5.00
625,I certify that I am 18 years of age or over,"Yes, I agree to take part",29,Female,,United States of America,Further education,4.67,Never,11-20,1,Within the last week,29.70,1,1,1,0,1,1,0,3,5,0.89,5,4,4,4,4,4.20,1,1,0,4,0,3,1,5,0,2,2,5,4,4,5,5,4,5,2,4,4,4,5,4,4.33,4.67,4.50,3.33,4.33,3.83,5.00,3,2,3,2,4,4,2.67,3.33,3.00,2.00,2.00,2.00,2.00,2.00,10.00,0.00
625,I certify that I am 18 years of age or over,"Yes, I agree to take part",29,Female,,United States of America,Further education,4.67,Never,11-20,1,Within the last week,29.70,1,0,0,0,0,1,1,2,5,0.89,4,4,3,5,4,4.00,0,2,0,1,0,1,0,2,0,3,0,5,5,5,5,4,4,4,2,4,4,4,5,5,5.00,4.00,4.50,3.33,4.67,4.00,5.00,3,2,2,3,4,1,2.33,2.67,2.50,2.00,2.00,2.00,2.00,2.00,10.00,0.00
626,I certify that I am 18 years of age or over,"Yes, I agree to take part",32,Male,,Germany,Further education,3.83,Once every 6 months,31+,1,Within the last week,779.30,1,1,1,0,1,1,1,4,5,0.43,3,2,3,2,5,3.00,0,3,1,2,1,1,0,3,1,5,3,5,5,2,5,5,2,5,3,3,4,4,5,4,4.00,4.00,4.00,3.33,4.33,3.83,4.00,1,1,1,4,5,4,1.00,4.33,2.67,0.00,1.00,0.00,4.00,5.00,10.00,0.00
626,I certify that I am 18 years of age or over,"Yes, I agree to take part",32,Male,,Germany,Further education,3.83,Once every 6 months,31+,1,Within the last week,779.30,1,0,1,0,1,1,1,4,5,0.43,4,5,3,4,3,3.80,0,3,1,5,1,2,0,4,0,3,2,5,5,2,5,5,2,5,4,4,4,4,4,5,4.00,4.00,4.00,4.00,4.33,4.17,5.00,1,1,2,4,5,4,1.33,4.33,2.83,0.00,5.00,1.00,4.00,0.00,10.00,0.00
627,I certify that I am 18 years of age or over,"Yes, I agree to take part",31,Male,,United Kingdom,Postgraduate degree,4.33,Yearly,1-10,1,Within the last week,904.00,0,1,1,1,1,1,1,5,5,0.45,5,5,5,4,3,4.40,1,1,0,4,1,1,0,2,1,5,3,5,5,5,5,5,5,5,1,1,1,1,2,2,5.00,5.00,5.00,1.00,1.67,1.33,4.00,3,3,3,3,3,3,3.00,3.00,3.00,2.00,2.00,2.00,2.00,2.00,10.00,0.00
627,I certify that I am 18 years of age or over,"Yes, I agree to take part",31,Male,,United Kingdom,Postgraduate degree,4.33,Yearly,1-10,1,Within the last week,904.00,0,0,1,1,0,1,1,4,5,0.45,4,3,4,4,3,3.60,1,1,0,4,0,1,0,3,1,1,2,5,5,5,5,5,5,5,1,1,1,2,1,1,5.00,5.00,5.00,1.00,1.33,1.17,4.00,3,3,3,3,3,3,3.00,3.00,3.00,2.00,2.00,2.00,2.00,2.00,10.00,0.00
628,I certify that I am 18 years of age or over,"Yes, I agree to take part",27,Male,,United States of America,Undergraduate degree,4.67,Once every 6 months,11-20,1,Within the last week,1057.60,0,1,1,1,1,1,1,5,5,0.24,4,5,5,4,4,4.40,1,1,1,2,1,1,1,5,1,5,5,5,5,5,5,5,5,5,4,4,3,4,4,5,5.00,5.00,5.00,3.67,4.33,4.00,5.00,2,2,2,2,2,2,2.00,2.00,2.00,0.50,0.50,1.00,4.00,4.00,10.00,0.00
628,I certify that I am 18 years of age or over,"Yes, I agree to take part",27,Male,,United States of America,Undergraduate degree,4.67,Once every 6 months,11-20,1,Within the last week,1057.60,0,0,1,1,1,1,1,5,5,0.24,4,5,5,4,5,4.60,1,1,1,5,0,1,1,5,1,1,4,5,5,5,5,5,5,5,4,4,4,4,4,4,5.00,5.00,5.00,4.00,4.00,4.00,5.00,3,3,2,2,2,2,2.67,2.00,2.34,0.50,4.00,1.00,4.00,0.50,10.00,0.00
629,I certify that I am 18 years of age or over,"Yes, I agree to take part",31,Male,,United States of America,Undergraduate degree,3.00,Never,1-10,1,Within the last week,40.00,0,1,1,0,1,1,1,4,5,0.47,2,4,2,4,5,3.40,0,0,0,6,1,1,0,4,0,4,1,5,5,5,5,5,5,5,3,3,3,4,4,4,5.00,5.00,5.00,3.00,4.00,3.50,5.00,3,3,3,4,3,2,3.00,3.00,3.00,2.00,2.00,2.00,2.00,2.00,10.00,0.00
629,I certify that I am 18 years of age or over,"Yes, I agree to take part",31,Male,,United States of America,Undergraduate degree,3.00,Never,1-10,1,Within the last week,40.00,0,0,0,0,1,1,1,3,5,0.47,2,3,3,4,3,3.00,1,1,1,5,0,3,0,1,0,3,2,5,5,5,5,5,5,5,3,3,3,4,4,4,5.00,5.00,5.00,3.00,4.00,3.50,5.00,3,3,3,4,2,2,3.00,2.67,2.84,2.00,2.00,2.00,2.00,2.00,10.00,0.00
630,I certify that I am 18 years of age or over,"Yes, I agree to take part",31,Male,,United States of America,Postgraduate degree,3.67,Never,1-10,1,Within the last week,2100.00,0,0,0,1,1,1,0,3,5,0.71,2,5,5,4,4,4.00,1,1,1,5,0,3,0,1,1,1,3,5,5,5,5,5,4,5,2,3,3,4,4,4,5.00,4.67,4.83,2.67,4.00,3.33,4.00,3,3,3,4,4,4,3.00,4.00,3.50,1.00,5.00,1.50,1.00,1.00,9.50,0.00
630,I certify that I am 18 years of age or over,"Yes, I agree to take part",31,Male,,United States of America,Postgraduate degree,3.67,Never,1-10,1,Within the last week,2100.00,0,1,1,1,1,1,1,5,5,0.71,4,4,5,4,5,4.40,0,2,0,3,1,1,0,4,0,4,1,5,5,5,5,5,5,5,2,2,4,4,4,3,5.00,5.00,5.00,2.67,3.67,3.17,4.00,3,3,3,4,4,4,3.00,4.00,3.50,1.00,1.00,1.00,2.50,5.00,10.50,0.00
631,I certify that I am 18 years of age or over,"Yes, I agree to take part",37,Female,,United Kingdom,Undergraduate degree,4.83,Never,11-20,1,Within the last week,240.00,0,1,1,0,1,1,1,4,5,1.07,4,3,4,4,4,3.80,1,1,0,4,1,1,0,3,1,5,3,5,5,3,5,5,2,5,1,1,2,1,4,3,4.33,4.00,4.17,1.33,2.67,2.00,4.00,3,2,3,4,4,4,2.67,4.00,3.34,2.00,2.00,2.00,2.00,2.00,10.00,0.00
631,I certify that I am 18 years of age or over,"Yes, I agree to take part",37,Female,,United Kingdom,Undergraduate degree,4.83,Never,11-20,1,Within the last week,240.00,0,0,0,1,0,1,1,3,5,1.07,3,4,3,4,3,3.40,0,0,0,3,0,0,0,2,1,1,1,5,5,3,5,5,5,5,1,2,2,3,4,4,4.33,5.00,4.67,1.67,3.67,2.67,4.00,2,2,2,4,4,3,2.00,3.67,2.84,2.00,2.00,2.00,2.00,2.00,10.00,0.00
632,I certify that I am 18 years of age or over,"Yes, I agree to take part",37,Other,Prefer not to say,Finland,None specified,4.50,Once every 6 months,21-30,1,Within the last week,130.00,1,0,0,1,1,0,0,2,5,0.53,3,5,3,3,3,3.40,0,2,0,3,0,0,0,1,0,0,0,5,5,4,4,5,4,4,4,4,3,3,3,4,4.33,4.33,4.33,3.67,3.33,3.50,4.00,2,2,2,2,1,2,2.00,1.67,1.84,2.00,2.00,2.00,0.00,2.00,8.00,2.00
632,I certify that I am 18 years of age or over,"Yes, I agree to take part",37,Other,Prefer not to say,Finland,None specified,4.50,Once every 6 months,21-30,1,Within the last week,130.00,1,1,1,0,1,0,1,3,5,0.53,4,3,5,4,3,3.80,0,2,0,3,1,1,0,2,0,4,1,5,5,4,4,4,4,5,3,4,3,2,3,4,4.33,4.33,4.33,3.33,3.00,3.17,4.00,2,2,2,2,1,2,2.00,1.67,1.84,2.00,2.00,2.00,2.00,2.00,10.00,2.00
633,I certify that I am 18 years of age or over,"Yes, I agree to take part",36,Female,,United States of America,Further education,4.33,Yearly,1-10,1,Within the last week,303.00,0,0,1,1,1,1,1,5,5,1.36,3,3,4,4,5,3.80,1,1,0,2,0,1,0,2,1,1,2,5,5,4,5,5,5,5,4,4,4,5,5,5,4.67,5.00,4.83,4.00,5.00,4.50,5.00,2,2,2,2,1,2,2.00,1.67,1.84,1.64,1.64,1.64,1.64,1.64,8.20,0.00
633,I certify that I am 18 years of age or over,"Yes, I agree to take part",36,Female,,United States of America,Further education,4.33,Yearly,1-10,1,Within the last week,303.00,0,1,1,1,1,1,1,5,5,1.36,2,5,3,3,4,3.40,1,1,0,4,1,1,0,3,1,5,3,5,5,5,5,5,5,5,4,4,4,5,3,4,5.00,5.00,5.00,4.00,4.00,4.00,5.00,2,1,1,2,2,2,1.33,2.00,1.67,1.03,2.50,1.63,1.64,5.00,11.80,0.00
634,I certify that I am 18 years of age or over,"Yes, I agree to take part",26,Other,Non-binary,United States of America,Undergraduate degree,3.83,Never,11-20,1,Within the last 3 months,500.00,0,1,1,0,1,0,1,3,5,-0.36,3,4,5,5,4,4.20,0,3,0,3,1,1,0,3,0,2,1,5,5,2,5,5,2,5,2,2,4,4,4,3,4.00,4.00,4.00,2.67,3.67,3.17,5.00,2,4,2,4,4,2,2.67,3.33,3.00,2.00,2.00,2.00,2.00,2.00,10.00,0.00
634,I certify that I am 18 years of age or over,"Yes, I agree to take part",26,Other,Non-binary,United States of America,Undergraduate degree,3.83,Never,11-20,1,Within the last 3 months,500.00,0,0,0,1,1,1,0,3,5,-0.36,4,2,4,3,4,3.40,1,1,0,3,0,4,0,4,0,4,1,5,5,4,4,5,2,4,2,2,2,4,4,4,4.33,3.67,4.00,2.00,4.00,3.00,5.00,2,4,2,4,4,2,2.67,3.33,3.00,2.00,2.00,2.00,2.00,2.00,10.00,0.00
635,I certify that I am 18 years of age or over,"Yes, I agree to take part",30,Female,,Germany,Postgraduate degree,4.83,Yearly,1-10,1,Within the last week,162.00,1,1,1,0,1,1,1,4,5,-0.32,4,3,5,5,5,4.40,0,4,0,0,1,1,0,3,1,5,2,5,5,5,5,5,5,5,5,5,5,5,5,5,5.00,5.00,5.00,5.00,5.00,5.00,5.00,1,1,1,1,1,3,1.00,1.67,1.34,0.00,0.00,0.00,5.00,5.00,10.00,0.00
635,I certify that I am 18 years of age or over,"Yes, I agree to take part",30,Female,,Germany,Postgraduate degree,4.83,Yearly,1-10,1,Within the last week,162.00,1,0,0,1,0,1,0,2,5,-0.32,3,4,3,4,3,3.40,0,0,0,4,0,4,0,2,0,4,0,5,5,5,5,5,5,5,5,5,5,5,5,5,5.00,5.00,5.00,5.00,5.00,5.00,5.00,1,1,1,1,1,3,1.00,1.67,1.34,0.00,5.00,5.00,0.00,0.00,10.00,0.00
636,I certify that I am 18 years of age or over,"Yes, I agree to take part",31,Female,,Germany,Further education,3.17,Never,31+,1,Within the last week,8025.00,1,0,1,1,1,1,1,5,5,0.92,1,3,1,2,1,1.60,0,0,0,0,0,0,0,0,0,0,0,5,4,3,3,4,3,5,2,2,3,4,4,4,3.33,4.00,3.67,2.33,4.00,3.17,4.00,4,2,3,4,4,4,3.00,4.00,3.50,1.00,1.00,1.00,1.00,1.00,5.00,1.50
636,I certify that I am 18 years of age or over,"Yes, I agree to take part",31,Female,,Germany,Further education,3.17,Never,31+,1,Within the last week,8025.00,1,1,1,1,1,1,0,4,5,0.92,4,4,3,5,4,4.00,0,2,0,3,1,1,0,3,0,4,1,5,5,5,5,4,4,5,3,3,2,3,4,4,5.00,4.33,4.67,2.67,3.67,3.17,4.00,4,2,3,4,3,3,3.00,3.33,3.17,5.00,3.00,1.00,2.50,2.00,13.50,1.50
637,I certify that I am 18 years of age or over,"Yes, I agree to take part",27,Female,,The Netherlands,Undergraduate degree,4.83,Never,11-20,1,Within the last week,200.00,0,1,1,1,0,1,1,4,5,0.46,4,4,5,4,5,4.40,0,3,1,2,0,3,0,4,1,5,2,5,5,5,5,5,5,5,1,1,1,1,1,1,5.00,5.00,5.00,1.00,1.00,1.00,5.00,2,2,2,4,2,2,2.00,2.67,2.34,2.00,2.00,2.00,2.00,2.00,10.00,0.00
637,I certify that I am 18 years of age or over,"Yes, I agree to take part",27,Female,,The Netherlands,Undergraduate degree,4.83,Never,11-20,1,Within the last week,200.00,0,0,0,1,1,1,1,4,5,0.46,3,4,3,4,4,3.60,1,1,1,5,0,4,0,1,1,1,3,5,5,5,5,5,5,5,1,2,2,1,3,1,5.00,5.00,5.00,1.67,1.67,1.67,5.00,2,4,2,4,3,3,2.67,3.33,3.00,2.00,2.00,2.00,2.00,2.00,10.00,0.00
638,I certify that I am 18 years of age or over,"Yes, I agree to take part",34,Female,,France,Postgraduate degree,3.83,Monthly,11-20,1,Within the last year,250.00,0,0,0,0,0,0,0,0,5,1.24,3,2,3,3,3,2.80,0,0,0,0,0,0,0,0,0,0,0,5,5,4,5,5,3,5,4,4,4,3,5,4,4.67,4.33,4.50,4.00,4.00,4.00,4.00,2,1,2,3,4,2,1.67,3.00,2.34,2.00,2.00,2.00,2.00,2.00,10.00,0.00
638,I certify that I am 18 years of age or over,"Yes, I agree to take part",34,Female,,France,Postgraduate degree,3.83,Monthly,11-20,1,Within the last year,250.00,0,1,0,0,1,0,0,1,5,1.24,4,4,4,4,4,4.00,0,0,0,0,0,0,0,0,0,0,0,5,5,4,5,5,4,5,2,4,4,2,4,3,4.67,4.67,4.67,3.33,3.00,3.17,5.00,2,1,2,2,3,3,1.67,2.67,2.17,2.00,2.00,2.00,2.00,2.00,10.00,0.00
639,I certify that I am 18 years of age or over,"Yes, I agree to take part",26,Female,,United States of America,Undergraduate degree,3.83,Never,11-20,1,Within the last week,100.00,0,1,1,0,1,0,1,3,5,0.27,4,3,3,4,5,3.80,0,3,0,1,1,1,0,1,1,5,2,5,4,4,5,4,4,5,4,3,4,3,4,4,4.33,4.33,4.33,3.67,3.67,3.67,5.00,2,2,2,2,2,2,2.00,2.00,2.00,2.00,1.25,1.25,1.70,2.50,8.70,0.00
639,I certify that I am 18 years of age or over,"Yes, I agree to take part",26,Female,,United States of America,Undergraduate degree,3.83,Never,11-20,1,Within the last week,100.00,0,0,0,1,1,1,1,4,5,0.27,3,4,5,5,5,4.40,0,2,0,1,0,3,0,4,0,2,0,5,5,3,5,4,5,5,3,4,4,3,3,4,4.33,4.67,4.50,3.67,3.33,3.50,5.00,2,2,2,2,2,2,2.00,2.00,2.00,1.25,2.55,2.00,3.00,2.50,11.30,0.00
640,I certify that I am 18 years of age or over,"Yes, I agree to take part",51,Female,,United Kingdom,Further education,4.33,Yearly,21-30,1,Within the last week,500.00,0,1,0,0,1,1,1,3,5,0.98,4,5,2,5,4,4.00,0,3,1,2,1,1,0,2,0,3,2,5,5,5,5,5,5,5,5,5,5,5,5,5,5.00,5.00,5.00,5.00,5.00,5.00,5.00,1,3,4,1,5,1,2.67,2.33,2.50,2.00,2.00,2.00,2.00,2.00,10.00,0.00
640,I certify that I am 18 years of age or over,"Yes, I agree to take part",51,Female,,United Kingdom,Further education,4.33,Yearly,21-30,1,Within the last week,500.00,0,0,1,1,0,0,0,2,5,0.98,4,3,2,4,4,3.40,1,1,0,2,1,2,0,2,0,2,2,5,5,4,5,5,5,5,5,5,5,5,5,5,4.67,5.00,4.83,5.00,5.00,5.00,5.00,1,4,4,1,5,5,3.00,3.67,3.34,2.00,2.00,2.00,2.00,2.00,10.00,0.00
641,I certify that I am 18 years of age or over,"Yes, I agree to take part",30,Other,Non-binary,Finland,Further education,4.50,Yearly,31+,1,Within the last month,427.00,0,1,1,0,1,1,1,4,5,0.61,5,4,5,4,4,4.40,0,0,0,3,0,2,0,0,1,5,1,5,5,4,5,5,5,5,4,4,5,4,5,5,4.67,5.00,4.83,4.33,4.67,4.50,5.00,4,1,1,1,4,4,2.00,3.00,2.50,2.50,0.00,2.50,0.00,5.00,10.00,0.00
641,I certify that I am 18 years of age or over,"Yes, I agree to take part",30,Other,Non-binary,Finland,Further education,4.50,Yearly,31+,1,Within the last month,427.00,0,0,0,1,1,1,0,3,5,0.61,5,5,5,5,5,5.00,1,1,0,1,0,1,1,5,1,1,3,5,5,3,5,5,5,5,4,4,4,4,5,5,4.33,5.00,4.67,4.00,4.67,4.33,5.00,2,3,1,1,4,3,2.00,2.67,2.34,0.00,0.00,0.00,10.00,0.00,10.00,0.00
642,I certify that I am 18 years of age or over,"Yes, I agree to take part",28,Female,,United Kingdom,Further education,3.67,Yearly,31+,1,Within the last 3 months,100.00,0,1,1,0,1,0,1,3,5,0.90,4,4,4,5,4,4.20,0,3,0,5,0,3,0,4,0,0,0,5,4,4,5,5,4,5,4,3,4,3,5,4,4.33,4.67,4.50,3.67,4.00,3.83,4.00,2,2,2,2,3,1,2.00,2.00,2.00,1.50,1.50,1.50,1.50,1.50,7.50,5.00
642,I certify that I am 18 years of age or over,"Yes, I agree to take part",28,Female,,United Kingdom,Further education,3.67,Yearly,31+,1,Within the last 3 months,100.00,0,0,0,0,0,1,0,1,5,0.90,2,3,3,4,3,3.00,0,0,0,3,0,0,0,0,0,2,0,5,4,4,5,5,4,5,2,4,3,3,5,4,4.33,4.67,4.50,3.00,4.00,3.50,4.00,2,3,2,2,3,2,2.33,2.33,2.33,1.50,1.50,1.50,1.50,1.50,7.50,5.00
643,I certify that I am 18 years of age or over,"Yes, I agree to take part",25,Female,,United States of America,Postgraduate degree,3.33,Never,1-10,1,Within the last month,120.00,1,0,1,1,1,1,1,5,5,0.48,3,3,3,3,3,3.00,1,1,0,3,0,1,0,1,1,1,2,5,5,4,5,5,4,4,3,3,5,4,5,4,4.67,4.33,4.50,3.67,4.33,4.00,4.00,3,5,4,3,5,4,4.00,4.00,4.00,0.00,0.00,0.00,0.00,0.00,0.00,0.00
643,I certify that I am 18 years of age or over,"Yes, I agree to take part",25,Female,,United States of America,Postgraduate degree,3.33,Never,1-10,1,Within the last month,120.00,1,1,1,1,1,1,1,5,5,0.48,3,4,3,4,3,3.40,1,1,1,2,1,1,0,3,1,5,4,5,5,4,5,5,4,4,3,4,4,4,4,4,4.67,4.33,4.50,3.67,4.00,3.83,4.00,4,5,5,3,5,4,4.67,4.00,4.34,0.00,0.00,0.00,0.00,20.00,20.00,0.00
644,I certify that I am 18 years of age or over,"Yes, I agree to take part",28,Female,,Germany,Undergraduate degree,3.67,Never,31+,1,Within the last month,1373.00,0,0,1,1,1,1,1,5,5,0.65,2,4,2,4,5,3.40,0,2,1,5,0,3,1,5,0,2,2,5,5,4,4,5,4,4,3,4,4,4,5,4,4.33,4.33,4.33,3.67,4.33,4.00,4.00,3,2,2,4,3,4,2.33,3.67,3.00,0.50,4.00,0.50,4.00,0.50,9.50,0.00
644,I certify that I am 18 years of age or over,"Yes, I agree to take part",28,Female,,Germany,Undergraduate degree,3.67,Never,31+,1,Within the last month,1373.00,0,1,1,1,1,1,1,5,5,0.65,3,4,3,5,2,3.40,1,1,0,1,0,2,0,4,1,5,2,5,5,5,5,5,5,5,3,4,5,3,5,5,5.00,5.00,5.00,4.00,4.33,4.17,4.00,3,1,2,4,2,4,2.00,3.33,2.67,0.50,0.50,1.00,5.00,3.50,10.50,0.00
645,I certify that I am 18 years of age or over,"Yes, I agree to take part",22,Female,,United States of America,Further education,3.83,Never,21-30,1,Within the last month,250.00,1,1,1,0,1,1,1,4,5,0.25,4,4,4,5,5,4.40,1,1,0,1,1,1,0,2,0,4,2,5,5,4,4,5,4,5,4,3,4,4,5,5,4.33,4.67,4.50,3.67,4.67,4.17,5.00,4,3,2,4,4,2,3.00,3.33,3.17,2.00,2.00,2.00,2.00,2.00,10.00,0.00
645,I certify that I am 18 years of age or over,"Yes, I agree to take part",22,Female,,United States of America,Further education,3.83,Never,21-30,1,Within the last month,250.00,1,0,0,1,1,1,1,4,5,0.25,4,5,4,5,5,4.60,0,3,0,4,0,3,0,2,0,2,0,5,5,2,4,5,2,5,4,4,4,4,4,4,3.67,4.00,3.83,4.00,4.00,4.00,5.00,4,2,1,4,4,2,2.33,3.33,2.83,2.00,2.00,2.00,2.00,2.00,10.00,0.00
646,I certify that I am 18 years of age or over,"Yes, I agree to take part",27,Male,,United States of America,Postgraduate degree,4.67,Yearly,21-30,1,Within the last week,1000.00,1,0,1,1,1,1,0,4,5,0.80,4,5,4,5,4,4.40,1,1,1,5,0,3,1,5,1,1,4,5,5,5,5,5,5,5,5,4,5,4,5,5,5.00,5.00,5.00,4.67,4.67,4.67,5.00,2,2,4,4,4,4,2.67,4.00,3.34,0.50,6.00,0.50,1.00,0.50,8.50,0.00
646,I certify that I am 18 years of age or over,"Yes, I agree to take part",27,Male,,United States of America,Postgraduate degree,4.67,Yearly,21-30,1,Within the last week,1000.00,1,1,1,1,1,1,1,5,5,0.80,4,5,5,5,4,4.60,1,1,0,3,1,1,1,5,0,4,3,5,5,5,5,5,5,5,5,5,2,4,5,5,5.00,5.00,5.00,4.00,4.67,4.33,5.00,4,3,2,4,4,4,3.00,4.00,3.50,0.50,6.00,0.50,2.50,2.00,11.50,0.00
